

===== STEP: SHORT: short guard (<3:00)
$ /Users/nik/ai/bin/python3 /Users/nik/Documents/Cowork/quantum-mechanics-vol1/youtube/scripts/short_guard.py /Users/nik/Documents/Cowork/quantum-mechanics-vol1/youtube/dim-blue-beats-blinding-red-bb/short
cwd: /Users/nik/Documents/Cowork/Manim
exit: 0
[ok] Short duration 1:02.76 < 3:00 (audio total) — safe to render 9:16.


===== STEP: SHORT: PRE-RENDER layout audit 16:9
$ /Users/nik/ai/bin/python3 /Users/nik/Documents/Cowork/quantum-mechanics-vol1/youtube/scripts/manim_layout_audit.py dim_blue_beats_blinding_red_short_bb.py --curve-strict
cwd: /Users/nik/Documents/Cowork/quantum-mechanics-vol1/youtube/dim-blue-beats-blinding-red-bb/short
exit: 0
[bn_layout] mode=LANDSCAPE pixels=1920x1080 frame=14.22x8.00
[audit] dim_blue_beats_blinding_red_short_bb: 53 snapshots → CLEAN
[audit] report: /Users/nik/Documents/Cowork/quantum-mechanics-vol1/youtube/dim-blue-beats-blinding-red-bb/short/layout_audit.md

Animation 0: FadeIn(Text("Bear's Notes")):   0%|          | 0/8 [00:00<?, ?it/s]
                                                                                

Animation 1: Write(VGroup of 2 submobjects):   0%|          | 0/21 [00:00<?, ?it/s]
Animation 1: Write(VGroup of 2 submobjects):  48%|████▊     | 10/21 [00:00<00:00, 96.49it/s]
Animation 1: Write(VGroup of 2 submobjects):  95%|█████████▌| 20/21 [00:00<00:00, 73.22it/s]
                                                                                            

Animation 2: Create(Line), etc.:   0%|          | 0/8 [00:00<?, ?it/s]
                                                                      
/Users/nik/Documents/Cowork/quantum-mechanics-vol1/youtube/scripts/manim_layout_audit.py:145: DeprecationWarning: This method is not guaranteed to stay around. Please prefer getting the attribute normally.
  if float(mob.get_stroke_opacity()) <= 0.02:

Animation 4: FadeOut(Group):   0%|          | 0/6 [00:00<?, ?it/s]
Animation 4: FadeOut(Group):  83%|████████▎ | 5/6 [00:00<00:00, 42.95it/s]
                                                                          

Animation 5: FadeOut(Mobject):   0%|          | 0/6 [00:00<?, ?it/s]
                                                                    

Animation 7: Create(RoundedRectangle), etc.:   0%|          | 0/15 [00:00<?, ?it/s]
                                                                                   

Animation 8: GrowFromCenter(Circle), etc.:   0%|          | 0/15 [00:00<?, ?it/s]
                                                                                 

Animation 9: Create(VGroup of 3 submobjects):   0%|          | 0/18 [00:00<?, ?it/s]
                                                                                    

Animation 11: ReplacementTransform(Circle), etc.:   0%|          | 0/27 [00:00<?, ?it/s]
Animation 11: ReplacementTransform(Circle), etc.:  67%|██████▋   | 18/27 [00:00<00:00, 177.98it/s]
                                                                                                  

Animation 12: _MethodAnimation(Dot), etc.:   0%|          | 0/15 [00:00<?, ?it/s]
                                                                                 

Animation 14: ReplacementTransform(Circle), etc.:   0%|          | 0/20 [00:00<?, ?it/s]
Animation 14: ReplacementTransform(Circle), etc.:  50%|█████     | 10/20 [00:00<00:00, 99.16it/s]
                                                                                                 

Animation 15: FadeIn(Text('×100')):   0%|          | 0/6 [00:00<?, ?it/s]
                                                                         

Animation 16: Indicate(Text('×100')):   0%|          | 0/8 [00:00<?, ?it/s]
                                                                           

Animation 18: FadeOut(Group):   0%|          | 0/6 [00:00<?, ?it/s]
                                                                   

Animation 20: Create(ParametricFunction):   0%|          | 0/18 [00:00<?, ?it/s]
                                                                                

Animation 21: ReplacementTransform(ParametricFunction):   0%|          | 0/18 [00:00<?, ?it/s]
Animation 21: ReplacementTransform(ParametricFunction):  78%|███████▊  | 14/18 [00:00<00:00, 135.46it/s]
                                                                                                        

Animation 22: _MethodAnimation(VGroup of 8 submobjects):   0%|          | 0/34 [00:00<?, ?it/s]
                                                                                               

Animation 23: FadeOut(VGroup of 8 submobjects):   0%|          | 0/5 [00:00<?, ?it/s]
                                                                                     

Animation 24: FadeIn(Dot), etc.:   0%|          | 0/6 [00:00<?, ?it/s]
                                                                      

Animation 25: GrowFromEdge(Rectangle), etc.:   0%|          | 0/30 [00:00<?, ?it/s]
Animation 25: GrowFromEdge(Rectangle), etc.:  67%|██████▋   | 20/30 [00:00<00:00, 199.12it/s]
                                                                                             

Animation 27: LaggedStart(Group):   0%|          | 0/26 [00:00<?, ?it/s]
                                                                        

Animation 28: Indicate(Rectangle):   0%|          | 0/11 [00:00<?, ?it/s]
                                                                         

Animation 30: FadeOut(VGroup of 7 submobjects), etc.:   0%|          | 0/15 [00:00<?, ?it/s]
Animation 30: FadeOut(VGroup of 7 submobjects), etc.:  73%|███████▎  | 11/15 [00:00<00:00, 102.66it/s]
                                                                                                      

Animation 31: Create(VGroup of 3 submobjects):   0%|          | 0/15 [00:00<?, ?it/s]
                                                                                     

Animation 32: FadeIn(Dot), etc.:   0%|          | 0/15 [00:00<?, ?it/s]
Animation 32: FadeIn(Dot), etc.:  93%|█████████▎| 14/15 [00:00<00:00, 137.64it/s]
                                                                                 

Animation 34: FadeIn(Text('freed: 0')), etc.:   0%|          | 0/15 [00:00<?, ?it/s]
                                                                                    

Animation 35: _MethodAnimation(VGroup of 6 submobjects), etc.:   0%|          | 0/15 [00:00<?, ?it/s]
Animation 35: _MethodAnimation(VGroup of 6 submobjects), etc.:  73%|███████▎  | 11/15 [00:00<00:00, 100.01it/s]
                                                                                                               

Animation 36: _MethodAnimation(Dot):   0%|          | 0/6 [00:00<?, ?it/s]
                                                                          

Animation 37: Indicate(Text('freed: 0')):   0%|          | 0/8 [00:00<?, ?it/s]
                                                                               

Animation 39: _MethodAnimation(Dot):   0%|          | 0/15 [00:00<?, ?it/s]
                                                                           

Animation 40: _MethodAnimation(Dot):   0%|          | 0/12 [00:00<?, ?it/s]
Animation 40: _MethodAnimation(Dot):  92%|█████████▏| 11/12 [00:00<00:00, 104.99it/s]
                                                                                     

Animation 41: _MethodAnimation(Dot):   0%|          | 0/12 [00:00<?, ?it/s]
Animation 41: _MethodAnimation(Dot):  92%|█████████▏| 11/12 [00:00<00:00, 105.83it/s]
                                                                                     

Animation 42: Transform(Text('freed: 0')):   0%|          | 0/6 [00:00<?, ?it/s]
                                                                                

Animation 44: Write(MathTex('E = h\\nu')):   0%|          | 0/30 [00:00<?, ?it/s]
                                                                                 

Animation 45: FadeIn(Text('photon')):   0%|          | 0/8 [00:00<?, ?it/s]
                                                                           

Animation 47: FadeOut(Text('escape cost')), etc.:   0%|          | 0/15 [00:00<?, ?it/s]
Animation 47: FadeOut(Text('escape cost')), etc.:  73%|███████▎  | 11/15 [00:00<00:00, 102.32it/s]
                                                                                                  

Animation 48: FadeIn(VGroup of 6 submobjects), etc.:   0%|          | 0/15 [00:00<?, ?it/s]
                                                                                           

Animation 49: _MethodAnimation(VGroup of 6 submobjects), etc.:   0%|          | 0/18 [00:00<?, ?it/s]
                                                                                                     

Animation 51: FadeOut(VGroup of 2 submobjects):   0%|          | 0/5 [00:00<?, ?it/s]
                                                                                     

Animation 52: FadeIn(VGroup of 1 submobjects):   0%|          | 0/8 [00:00<?, ?it/s]
Animation 52: FadeIn(VGroup of 1 submobjects):  75%|███████▌  | 6/8 [00:00<00:00, 58.98it/s]
                                                                                            


===== STEP: SHORT: PRE-RENDER layout audit 9:16
$ /Users/nik/ai/bin/python3 /Users/nik/Documents/Cowork/quantum-mechanics-vol1/youtube/scripts/manim_layout_audit.py dim_blue_beats_blinding_red_short_bb.py --portrait --curve-strict
cwd: /Users/nik/Documents/Cowork/quantum-mechanics-vol1/youtube/dim-blue-beats-blinding-red-bb/short
exit: 0
[bn_layout] mode=PORTRAIT pixels=1080x1920 frame=4.50x8.00
[audit] dim_blue_beats_blinding_red_short_bb: 53 snapshots → CLEAN
[audit] report: /Users/nik/Documents/Cowork/quantum-mechanics-vol1/youtube/dim-blue-beats-blinding-red-bb/short/layout_audit.md

Animation 0: FadeIn(Text("Bear's Notes")):   0%|          | 0/30 [00:00<?, ?it/s]
Animation 0: FadeIn(Text("Bear's Notes")):  27%|██▋       | 8/30 [00:00<00:00, 75.73it/s]
Animation 0: FadeIn(Text("Bear's Notes")):  57%|█████▋    | 17/30 [00:00<00:00, 79.58it/s]
Animation 0: FadeIn(Text("Bear's Notes")):  90%|█████████ | 27/30 [00:00<00:00, 85.74it/s]
                                                                                          

Animation 1: Write(VGroup of 5 submobjects):   0%|          | 0/84 [00:00<?, ?it/s]
Animation 1: Write(VGroup of 5 submobjects):  12%|█▏        | 10/84 [00:00<00:00, 87.76it/s]
Animation 1: Write(VGroup of 5 submobjects):  23%|██▎       | 19/84 [00:00<00:00, 70.16it/s]
Animation 1: Write(VGroup of 5 submobjects):  32%|███▏      | 27/84 [00:00<00:00, 62.97it/s]
Animation 1: Write(VGroup of 5 submobjects):  40%|████      | 34/84 [00:00<00:00, 58.66it/s]
Animation 1: Write(VGroup of 5 submobjects):  48%|████▊     | 40/84 [00:00<00:00, 56.75it/s]
Animation 1: Write(VGroup of 5 submobjects):  55%|█████▍    | 46/84 [00:00<00:00, 54.87it/s]
Animation 1: Write(VGroup of 5 submobjects):  62%|██████▏   | 52/84 [00:00<00:00, 54.04it/s]
Animation 1: Write(VGroup of 5 submobjects):  69%|██████▉   | 58/84 [00:01<00:00, 52.82it/s]
Animation 1: Write(VGroup of 5 submobjects):  76%|███████▌  | 64/84 [00:01<00:00, 50.80it/s]
Animation 1: Write(VGroup of 5 submobjects):  83%|████████▎ | 70/84 [00:01<00:00, 48.51it/s]
Animation 1: Write(VGroup of 5 submobjects):  89%|████████▉ | 75/84 [00:01<00:00, 46.88it/s]
Animation 1: Write(VGroup of 5 submobjects):  95%|█████████▌| 80/84 [00:01<00:00, 46.05it/s]
                                                                                            

Animation 2: Create(Line), etc.:   0%|          | 0/30 [00:00<?, ?it/s]
Animation 2: Create(Line), etc.:  63%|██████▎   | 19/30 [00:00<00:00, 186.51it/s]
                                                                                 
/Users/nik/Documents/Cowork/quantum-mechanics-vol1/youtube/scripts/manim_layout_audit.py:145: DeprecationWarning: This method is not guaranteed to stay around. Please prefer getting the attribute normally.
  if float(mob.get_stroke_opacity()) <= 0.02:

Animation 4: FadeOut(Group):   0%|          | 0/24 [00:00<?, ?it/s]
Animation 4: FadeOut(Group):  17%|█▋        | 4/24 [00:00<00:00, 35.80it/s]
Animation 4: FadeOut(Group):  33%|███▎      | 8/24 [00:00<00:00, 35.83it/s]
Animation 4: FadeOut(Group):  50%|█████     | 12/24 [00:00<00:00, 36.00it/s]
Animation 4: FadeOut(Group):  67%|██████▋   | 16/24 [00:00<00:00, 36.09it/s]
Animation 4: FadeOut(Group):  83%|████████▎ | 20/24 [00:00<00:00, 36.05it/s]
Animation 4: FadeOut(Group): 100%|██████████| 24/24 [00:00<00:00, 36.75it/s]
                                                                            

Animation 5: FadeOut(Mobject):   0%|          | 0/24 [00:00<?, ?it/s]
                                                                     

Animation 7: Create(RoundedRectangle), etc.:   0%|          | 0/60 [00:00<?, ?it/s]
Animation 7: Create(RoundedRectangle), etc.:  32%|███▏      | 19/60 [00:00<00:00, 188.21it/s]
Animation 7: Create(RoundedRectangle), etc.:  63%|██████▎   | 38/60 [00:00<00:00, 177.76it/s]
Animation 7: Create(RoundedRectangle), etc.:  93%|█████████▎| 56/60 [00:00<00:00, 171.34it/s]
                                                                                             

Animation 8: GrowFromCenter(Circle), etc.:   0%|          | 0/60 [00:00<?, ?it/s]
Animation 8: GrowFromCenter(Circle), etc.:  27%|██▋       | 16/60 [00:00<00:00, 151.44it/s]
Animation 8: GrowFromCenter(Circle), etc.:  53%|█████▎    | 32/60 [00:00<00:00, 150.03it/s]
Animation 8: GrowFromCenter(Circle), etc.:  80%|████████  | 48/60 [00:00<00:00, 145.83it/s]
                                                                                           

Animation 9: Create(VGroup of 3 submobjects):   0%|          | 0/72 [00:00<?, ?it/s]
Animation 9: Create(VGroup of 3 submobjects):  29%|██▉       | 21/72 [00:00<00:00, 203.59it/s]
Animation 9: Create(VGroup of 3 submobjects):  58%|█████▊    | 42/72 [00:00<00:00, 188.15it/s]
Animation 9: Create(VGroup of 3 submobjects):  85%|████████▍ | 61/72 [00:00<00:00, 164.44it/s]
                                                                                              

Animation 11: ReplacementTransform(Circle), etc.:   0%|          | 0/108 [00:00<?, ?it/s]
Animation 11: ReplacementTransform(Circle), etc.:   8%|▊         | 9/108 [00:00<00:01, 88.09it/s]
Animation 11: ReplacementTransform(Circle), etc.:  17%|█▋        | 18/108 [00:00<00:01, 88.15it/s]
Animation 11: ReplacementTransform(Circle), etc.:  25%|██▌       | 27/108 [00:00<00:00, 88.67it/s]
Animation 11: ReplacementTransform(Circle), etc.:  33%|███▎      | 36/108 [00:00<00:00, 87.95it/s]
Animation 11: ReplacementTransform(Circle), etc.:  43%|████▎     | 46/108 [00:00<00:00, 90.05it/s]
Animation 11: ReplacementTransform(Circle), etc.:  53%|█████▎    | 57/108 [00:00<00:00, 96.49it/s]
Animation 11: ReplacementTransform(Circle), etc.:  63%|██████▎   | 68/108 [00:00<00:00, 98.50it/s]
Animation 11: ReplacementTransform(Circle), etc.:  72%|███████▏  | 78/108 [00:00<00:00, 94.32it/s]
Animation 11: ReplacementTransform(Circle), etc.:  81%|████████▏ | 88/108 [00:00<00:00, 91.21it/s]
Animation 11: ReplacementTransform(Circle), etc.:  91%|█████████ | 98/108 [00:01<00:00, 89.75it/s]
Animation 11: ReplacementTransform(Circle), etc.: 100%|██████████| 108/108 [00:01<00:00, 88.58it/s]
                                                                                                   

Animation 12: _MethodAnimation(Dot), etc.:   0%|          | 0/60 [00:00<?, ?it/s]
Animation 12: _MethodAnimation(Dot), etc.:  15%|█▌        | 9/60 [00:00<00:00, 84.50it/s]
Animation 12: _MethodAnimation(Dot), etc.:  30%|███       | 18/60 [00:00<00:00, 87.10it/s]
Animation 12: _MethodAnimation(Dot), etc.:  47%|████▋     | 28/60 [00:00<00:00, 91.31it/s]
Animation 12: _MethodAnimation(Dot), etc.:  67%|██████▋   | 40/60 [00:00<00:00, 100.77it/s]
Animation 12: _MethodAnimation(Dot), etc.:  85%|████████▌ | 51/60 [00:00<00:00, 103.94it/s]
                                                                                           

Animation 14: ReplacementTransform(Circle), etc.:   0%|          | 0/80 [00:00<?, ?it/s]
Animation 14: ReplacementTransform(Circle), etc.:   9%|▉         | 7/80 [00:00<00:01, 67.59it/s]
Animation 14: ReplacementTransform(Circle), etc.:  18%|█▊        | 14/80 [00:00<00:01, 62.92it/s]
Animation 14: ReplacementTransform(Circle), etc.:  26%|██▋       | 21/80 [00:00<00:00, 61.52it/s]
Animation 14: ReplacementTransform(Circle), etc.:  35%|███▌      | 28/80 [00:00<00:00, 60.89it/s]
Animation 14: ReplacementTransform(Circle), etc.:  44%|████▍     | 35/80 [00:00<00:00, 61.80it/s]
Animation 14: ReplacementTransform(Circle), etc.:  54%|█████▍    | 43/80 [00:00<00:00, 66.10it/s]
Animation 14: ReplacementTransform(Circle), etc.:  64%|██████▍   | 51/80 [00:00<00:00, 67.84it/s]
Animation 14: ReplacementTransform(Circle), etc.:  72%|███████▎  | 58/80 [00:00<00:00, 67.46it/s]
Animation 14: ReplacementTransform(Circle), etc.:  81%|████████▏ | 65/80 [00:00<00:00, 65.93it/s]
Animation 14: ReplacementTransform(Circle), etc.:  90%|█████████ | 72/80 [00:01<00:00, 65.39it/s]
Animation 14: ReplacementTransform(Circle), etc.:  99%|█████████▉| 79/80 [00:01<00:00, 63.35it/s]
                                                                                                 

Animation 15: FadeIn(Text('×100')):   0%|          | 0/24 [00:00<?, ?it/s]
Animation 15: FadeIn(Text('×100')):  67%|██████▋   | 16/24 [00:00<00:00, 154.24it/s]
                                                                                    

Animation 16: Indicate(Text('×100')):   0%|          | 0/30 [00:00<?, ?it/s]
Animation 16: Indicate(Text('×100')):  57%|█████▋    | 17/30 [00:00<00:00, 165.97it/s]
                                                                                      

Animation 18: FadeOut(Group):   0%|          | 0/24 [00:00<?, ?it/s]
Animation 18: FadeOut(Group):  29%|██▉       | 7/24 [00:00<00:00, 66.04it/s]
Animation 18: FadeOut(Group):  58%|█████▊    | 14/24 [00:00<00:00, 64.76it/s]
Animation 18: FadeOut(Group):  88%|████████▊ | 21/24 [00:00<00:00, 62.25it/s]
                                                                             

Animation 20: Create(ParametricFunction):   0%|          | 0/72 [00:00<?, ?it/s]
Animation 20: Create(ParametricFunction):  28%|██▊       | 20/72 [00:00<00:00, 195.26it/s]
Animation 20: Create(ParametricFunction):  56%|█████▌    | 40/72 [00:00<00:00, 185.11it/s]
Animation 20: Create(ParametricFunction):  82%|████████▏ | 59/72 [00:00<00:00, 167.08it/s]
                                                                                          

Animation 21: ReplacementTransform(ParametricFunction):   0%|          | 0/72 [00:00<?, ?it/s]
Animation 21: ReplacementTransform(ParametricFunction):  12%|█▎        | 9/72 [00:00<00:00, 83.98it/s]
Animation 21: ReplacementTransform(ParametricFunction):  25%|██▌       | 18/72 [00:00<00:00, 78.32it/s]
Animation 21: ReplacementTransform(ParametricFunction):  36%|███▌      | 26/72 [00:00<00:00, 73.20it/s]
Animation 21: ReplacementTransform(ParametricFunction):  47%|████▋     | 34/72 [00:00<00:00, 70.76it/s]
Animation 21: ReplacementTransform(ParametricFunction):  58%|█████▊    | 42/72 [00:00<00:00, 70.23it/s]
Animation 21: ReplacementTransform(ParametricFunction):  69%|██████▉   | 50/72 [00:00<00:00, 72.62it/s]
Animation 21: ReplacementTransform(ParametricFunction):  82%|████████▏ | 59/72 [00:00<00:00, 75.04it/s]
Animation 21: ReplacementTransform(ParametricFunction):  93%|█████████▎| 67/72 [00:00<00:00, 76.47it/s]
                                                                                                       

Animation 22: _MethodAnimation(VGroup of 8 submobjects):   0%|          | 0/135 [00:00<?, ?it/s]
Animation 22: _MethodAnimation(VGroup of 8 submobjects):  13%|█▎        | 18/135 [00:00<00:00, 176.94it/s]
Animation 22: _MethodAnimation(VGroup of 8 submobjects):  27%|██▋       | 36/135 [00:00<00:00, 178.66it/s]
Animation 22: _MethodAnimation(VGroup of 8 submobjects):  40%|████      | 54/135 [00:00<00:00, 168.87it/s]
Animation 22: _MethodAnimation(VGroup of 8 submobjects):  53%|█████▎    | 71/135 [00:00<00:00, 163.21it/s]
Animation 22: _MethodAnimation(VGroup of 8 submobjects):  65%|██████▌   | 88/135 [00:00<00:00, 159.92it/s]
Animation 22: _MethodAnimation(VGroup of 8 submobjects):  78%|███████▊  | 105/135 [00:00<00:00, 157.83it/s]
Animation 22: _MethodAnimation(VGroup of 8 submobjects):  90%|████████▉ | 121/135 [00:00<00:00, 156.02it/s]
                                                                                                           

Animation 23: FadeOut(VGroup of 8 submobjects):   0%|          | 0/18 [00:00<?, ?it/s]
Animation 23: FadeOut(VGroup of 8 submobjects): 100%|██████████| 18/18 [00:00<00:00, 173.55it/s]
                                                                                                

Animation 24: FadeIn(Dot), etc.:   0%|          | 0/24 [00:00<?, ?it/s]
Animation 24: FadeIn(Dot), etc.:  96%|█████████▌| 23/24 [00:00<00:00, 224.34it/s]
                                                                                 

Animation 25: GrowFromEdge(Rectangle), etc.:   0%|          | 0/120 [00:00<?, ?it/s]
Animation 25: GrowFromEdge(Rectangle), etc.:   9%|▉         | 11/120 [00:00<00:01, 106.59it/s]
Animation 25: GrowFromEdge(Rectangle), etc.:  18%|█▊        | 22/120 [00:00<00:00, 100.93it/s]
Animation 25: GrowFromEdge(Rectangle), etc.:  28%|██▊       | 33/120 [00:00<00:00, 93.68it/s] 
Animation 25: GrowFromEdge(Rectangle), etc.:  36%|███▌      | 43/120 [00:00<00:00, 88.80it/s]
Animation 25: GrowFromEdge(Rectangle), etc.:  43%|████▎     | 52/120 [00:00<00:00, 85.57it/s]
Animation 25: GrowFromEdge(Rectangle), etc.:  51%|█████     | 61/120 [00:00<00:00, 82.74it/s]
Animation 25: GrowFromEdge(Rectangle), etc.:  59%|█████▉    | 71/120 [00:00<00:00, 85.02it/s]
Animation 25: GrowFromEdge(Rectangle), etc.:  67%|██████▋   | 80/120 [00:00<00:00, 84.95it/s]
Animation 25: GrowFromEdge(Rectangle), etc.:  74%|███████▍  | 89/120 [00:01<00:00, 77.86it/s]
Animation 25: GrowFromEdge(Rectangle), etc.:  81%|████████  | 97/120 [00:01<00:00, 74.70it/s]
Animation 25: GrowFromEdge(Rectangle), etc.:  88%|████████▊ | 105/120 [00:01<00:00, 70.90it/s]
Animation 25: GrowFromEdge(Rectangle), etc.:  94%|█████████▍| 113/120 [00:01<00:00, 69.44it/s]
Animation 25: GrowFromEdge(Rectangle), etc.: 100%|██████████| 120/120 [00:01<00:00, 69.03it/s]
                                                                                              

Animation 27: LaggedStart(Group):   0%|          | 0/101 [00:00<?, ?it/s]
Animation 27: LaggedStart(Group):  18%|█▊        | 18/101 [00:00<00:00, 175.06it/s]
Animation 27: LaggedStart(Group):  37%|███▋      | 37/101 [00:00<00:00, 181.95it/s]
Animation 27: LaggedStart(Group):  55%|█████▌    | 56/101 [00:00<00:00, 182.07it/s]
Animation 27: LaggedStart(Group):  74%|███████▍  | 75/101 [00:00<00:00, 173.13it/s]
Animation 27: LaggedStart(Group):  92%|█████████▏| 93/101 [00:00<00:00, 166.39it/s]
                                                                                   

Animation 28: Indicate(Rectangle):   0%|          | 0/42 [00:00<?, ?it/s]
Animation 28: Indicate(Rectangle):  17%|█▋        | 7/42 [00:00<00:00, 66.83it/s]
Animation 28: Indicate(Rectangle):  33%|███▎      | 14/42 [00:00<00:00, 67.25it/s]
Animation 28: Indicate(Rectangle):  50%|█████     | 21/42 [00:00<00:00, 67.69it/s]
Animation 28: Indicate(Rectangle):  67%|██████▋   | 28/42 [00:00<00:00, 67.96it/s]
Animation 28: Indicate(Rectangle):  86%|████████▌ | 36/42 [00:00<00:00, 69.53it/s]
                                                                                  

Animation 30: FadeOut(VGroup of 7 submobjects), etc.:   0%|          | 0/60 [00:00<?, ?it/s]
Animation 30: FadeOut(VGroup of 7 submobjects), etc.:  12%|█▏        | 7/60 [00:00<00:00, 66.95it/s]
Animation 30: FadeOut(VGroup of 7 submobjects), etc.:  23%|██▎       | 14/60 [00:00<00:00, 64.95it/s]
Animation 30: FadeOut(VGroup of 7 submobjects), etc.:  35%|███▌      | 21/60 [00:00<00:00, 62.36it/s]
Animation 30: FadeOut(VGroup of 7 submobjects), etc.:  47%|████▋     | 28/60 [00:00<00:00, 61.39it/s]
Animation 30: FadeOut(VGroup of 7 submobjects), etc.:  58%|█████▊    | 35/60 [00:00<00:00, 60.91it/s]
Animation 30: FadeOut(VGroup of 7 submobjects), etc.:  70%|███████   | 42/60 [00:00<00:00, 60.57it/s]
Animation 30: FadeOut(VGroup of 7 submobjects), etc.:  83%|████████▎ | 50/60 [00:00<00:00, 63.91it/s]
Animation 30: FadeOut(VGroup of 7 submobjects), etc.:  97%|█████████▋| 58/60 [00:00<00:00, 67.24it/s]
                                                                                                     

Animation 31: Create(VGroup of 3 submobjects):   0%|          | 0/60 [00:00<?, ?it/s]
Animation 31: Create(VGroup of 3 submobjects):  35%|███▌      | 21/60 [00:00<00:00, 207.58it/s]
Animation 31: Create(VGroup of 3 submobjects):  70%|███████   | 42/60 [00:00<00:00, 199.53it/s]
                                                                                               

Animation 32: FadeIn(Dot), etc.:   0%|          | 0/60 [00:00<?, ?it/s]
Animation 32: FadeIn(Dot), etc.:  18%|█▊        | 11/60 [00:00<00:00, 106.81it/s]
Animation 32: FadeIn(Dot), etc.:  37%|███▋      | 22/60 [00:00<00:00, 102.28it/s]
Animation 32: FadeIn(Dot), etc.:  55%|█████▌    | 33/60 [00:00<00:00, 95.65it/s] 
Animation 32: FadeIn(Dot), etc.:  72%|███████▏  | 43/60 [00:00<00:00, 94.90it/s]
Animation 32: FadeIn(Dot), etc.:  90%|█████████ | 54/60 [00:00<00:00, 98.61it/s]
                                                                                

Animation 34: FadeIn(Text('freed: 0')), etc.:   0%|          | 0/59 [00:00<?, ?it/s]
Animation 34: FadeIn(Text('freed: 0')), etc.:  20%|██        | 12/59 [00:00<00:00, 113.59it/s]
Animation 34: FadeIn(Text('freed: 0')), etc.:  41%|████      | 24/59 [00:00<00:00, 110.68it/s]
Animation 34: FadeIn(Text('freed: 0')), etc.:  61%|██████    | 36/59 [00:00<00:00, 108.34it/s]
Animation 34: FadeIn(Text('freed: 0')), etc.:  80%|███████▉  | 47/59 [00:00<00:00, 107.91it/s]
Animation 34: FadeIn(Text('freed: 0')), etc.:  98%|█████████▊| 58/59 [00:00<00:00, 107.65it/s]
                                                                                              

Animation 35: _MethodAnimation(VGroup of 6 submobjects), etc.:   0%|          | 0/59 [00:00<?, ?it/s]
Animation 35: _MethodAnimation(VGroup of 6 submobjects), etc.:  12%|█▏        | 7/59 [00:00<00:00, 66.12it/s]
Animation 35: _MethodAnimation(VGroup of 6 submobjects), etc.:  27%|██▋       | 16/59 [00:00<00:00, 75.69it/s]
Animation 35: _MethodAnimation(VGroup of 6 submobjects), etc.:  42%|████▏     | 25/59 [00:00<00:00, 80.01it/s]
Animation 35: _MethodAnimation(VGroup of 6 submobjects), etc.:  56%|█████▌    | 33/59 [00:00<00:00, 79.94it/s]
Animation 35: _MethodAnimation(VGroup of 6 submobjects), etc.:  69%|██████▉   | 41/59 [00:00<00:00, 76.21it/s]
Animation 35: _MethodAnimation(VGroup of 6 submobjects), etc.:  83%|████████▎ | 49/59 [00:00<00:00, 73.49it/s]
Animation 35: _MethodAnimation(VGroup of 6 submobjects), etc.:  97%|█████████▋| 57/59 [00:00<00:00, 71.67it/s]
                                                                                                              

Animation 36: _MethodAnimation(Dot):   0%|          | 0/24 [00:00<?, ?it/s]
Animation 36: _MethodAnimation(Dot):  33%|███▎      | 8/24 [00:00<00:00, 71.98it/s]
Animation 36: _MethodAnimation(Dot):  67%|██████▋   | 16/24 [00:00<00:00, 71.59it/s]
Animation 36: _MethodAnimation(Dot): 100%|██████████| 24/24 [00:00<00:00, 72.37it/s]
                                                                                    

Animation 37: Indicate(Text('freed: 0')):   0%|          | 0/30 [00:00<?, ?it/s]
Animation 37: Indicate(Text('freed: 0')):  53%|█████▎    | 16/30 [00:00<00:00, 157.00it/s]
                                                                                          

Animation 39: _MethodAnimation(Dot):   0%|          | 0/60 [00:00<?, ?it/s]
Animation 39: _MethodAnimation(Dot):  33%|███▎      | 20/60 [00:00<00:00, 190.81it/s]
Animation 39: _MethodAnimation(Dot):  67%|██████▋   | 40/60 [00:00<00:00, 189.70it/s]
Animation 39: _MethodAnimation(Dot):  98%|█████████▊| 59/60 [00:00<00:00, 188.99it/s]
                                                                                     

Animation 40: _MethodAnimation(Dot):   0%|          | 0/48 [00:00<?, ?it/s]
Animation 40: _MethodAnimation(Dot):  17%|█▋        | 8/48 [00:00<00:00, 74.79it/s]
Animation 40: _MethodAnimation(Dot):  33%|███▎      | 16/48 [00:00<00:00, 74.78it/s]
Animation 40: _MethodAnimation(Dot):  50%|█████     | 24/48 [00:00<00:00, 74.76it/s]
Animation 40: _MethodAnimation(Dot):  69%|██████▉   | 33/48 [00:00<00:00, 79.04it/s]
Animation 40: _MethodAnimation(Dot):  90%|████████▉ | 43/48 [00:00<00:00, 84.24it/s]
                                                                                    

Animation 41: _MethodAnimation(Dot):   0%|          | 0/48 [00:00<?, ?it/s]
Animation 41: _MethodAnimation(Dot):  19%|█▉        | 9/48 [00:00<00:00, 80.54it/s]
Animation 41: _MethodAnimation(Dot):  38%|███▊      | 18/48 [00:00<00:00, 76.61it/s]
Animation 41: _MethodAnimation(Dot):  54%|█████▍    | 26/48 [00:00<00:00, 75.29it/s]
Animation 41: _MethodAnimation(Dot):  71%|███████   | 34/48 [00:00<00:00, 74.80it/s]
Animation 41: _MethodAnimation(Dot):  88%|████████▊ | 42/48 [00:00<00:00, 74.76it/s]
                                                                                    

Animation 42: Transform(Text('freed: 0')):   0%|          | 0/24 [00:00<?, ?it/s]
Animation 42: Transform(Text('freed: 0')):  62%|██████▎   | 15/24 [00:00<00:00, 144.77it/s]
                                                                                           

Animation 44: Write(MathTex('E = h\\nu')):   0%|          | 0/120 [00:00<?, ?it/s]
Animation 44: Write(MathTex('E = h\\nu')):  15%|█▌        | 18/120 [00:00<00:00, 173.74it/s]
Animation 44: Write(MathTex('E = h\\nu')):  30%|███       | 36/120 [00:00<00:00, 162.32it/s]
Animation 44: Write(MathTex('E = h\\nu')):  44%|████▍     | 53/120 [00:00<00:00, 156.16it/s]
Animation 44: Write(MathTex('E = h\\nu')):  57%|█████▊    | 69/120 [00:00<00:00, 150.99it/s]
Animation 44: Write(MathTex('E = h\\nu')):  71%|███████   | 85/120 [00:00<00:00, 147.63it/s]
Animation 44: Write(MathTex('E = h\\nu')):  83%|████████▎ | 100/120 [00:00<00:00, 147.53it/s]
Animation 44: Write(MathTex('E = h\\nu')):  97%|█████████▋| 116/120 [00:00<00:00, 149.16it/s]
                                                                                             

Animation 45: FadeIn(Text('photon')):   0%|          | 0/30 [00:00<?, ?it/s]
Animation 45: FadeIn(Text('photon')):  57%|█████▋    | 17/30 [00:00<00:00, 164.11it/s]
                                                                                      

Animation 47: FadeOut(Text('escape cost')), etc.:   0%|          | 0/60 [00:00<?, ?it/s]
Animation 47: FadeOut(Text('escape cost')), etc.:  12%|█▏        | 7/60 [00:00<00:00, 63.78it/s]
Animation 47: FadeOut(Text('escape cost')), etc.:  23%|██▎       | 14/60 [00:00<00:00, 60.57it/s]
Animation 47: FadeOut(Text('escape cost')), etc.:  35%|███▌      | 21/60 [00:00<00:00, 60.99it/s]
Animation 47: FadeOut(Text('escape cost')), etc.:  47%|████▋     | 28/60 [00:00<00:00, 60.38it/s]
Animation 47: FadeOut(Text('escape cost')), etc.:  58%|█████▊    | 35/60 [00:00<00:00, 60.44it/s]
Animation 47: FadeOut(Text('escape cost')), etc.:  70%|███████   | 42/60 [00:00<00:00, 62.03it/s]
Animation 47: FadeOut(Text('escape cost')), etc.:  83%|████████▎ | 50/60 [00:00<00:00, 64.92it/s]
Animation 47: FadeOut(Text('escape cost')), etc.:  95%|█████████▌| 57/60 [00:00<00:00, 64.30it/s]
                                                                                                 

Animation 48: FadeIn(VGroup of 6 submobjects), etc.:   0%|          | 0/60 [00:00<?, ?it/s]
Animation 48: FadeIn(VGroup of 6 submobjects), etc.:  28%|██▊       | 17/60 [00:00<00:00, 165.12it/s]
Animation 48: FadeIn(VGroup of 6 submobjects), etc.:  57%|█████▋    | 34/60 [00:00<00:00, 161.68it/s]
Animation 48: FadeIn(VGroup of 6 submobjects), etc.:  85%|████████▌ | 51/60 [00:00<00:00, 159.71it/s]
                                                                                                     

Animation 49: _MethodAnimation(VGroup of 6 submobjects), etc.:   0%|          | 0/71 [00:00<?, ?it/s]
Animation 49: _MethodAnimation(VGroup of 6 submobjects), etc.:  23%|██▎       | 16/71 [00:00<00:00, 156.29it/s]
Animation 49: _MethodAnimation(VGroup of 6 submobjects), etc.:  45%|████▌     | 32/71 [00:00<00:00, 155.10it/s]
Animation 49: _MethodAnimation(VGroup of 6 submobjects), etc.:  69%|██████▉   | 49/71 [00:00<00:00, 161.33it/s]
Animation 49: _MethodAnimation(VGroup of 6 submobjects), etc.:  94%|█████████▍| 67/71 [00:00<00:00, 168.11it/s]
                                                                                                               

Animation 51: FadeOut(VGroup of 2 submobjects):   0%|          | 0/18 [00:00<?, ?it/s]
Animation 51: FadeOut(VGroup of 2 submobjects):  61%|██████    | 11/18 [00:00<00:00, 105.86it/s]
                                                                                                

Animation 52: FadeIn(VGroup of 3 submobjects):   0%|          | 0/30 [00:00<?, ?it/s]
Animation 52: FadeIn(VGroup of 3 submobjects):  17%|█▋        | 5/30 [00:00<00:00, 45.96it/s]
Animation 52: FadeIn(VGroup of 3 submobjects):  33%|███▎      | 10/30 [00:00<00:00, 45.57it/s]
Animation 52: FadeIn(VGroup of 3 submobjects):  50%|█████     | 15/30 [00:00<00:00, 45.29it/s]
Animation 52: FadeIn(VGroup of 3 submobjects):  67%|██████▋   | 20/30 [00:00<00:00, 45.12it/s]
Animation 52: FadeIn(VGroup of 3 submobjects):  83%|████████▎ | 25/30 [00:00<00:00, 46.08it/s]
Animation 52: FadeIn(VGroup of 3 submobjects): 100%|██████████| 30/30 [00:00<00:00, 46.75it/s]
                                                                                              


===== STEP: SHORT: render 16:9
$ manim -qh dim_blue_beats_blinding_red_short_bb.py BearsDoodlesVideo
cwd: /Users/nik/Documents/Cowork/quantum-mechanics-vol1/youtube/dim-blue-beats-blinding-red-bb/short
exit: 0
Manim Community v0.20.1

[bn_layout] mode=LANDSCAPE pixels=1920x1080 frame=14.22x8.00
[07/03/26 14:56:42] INFO     Animation 0 : Partial      scene_file_writer.py:601
                             movie file written in                              
                             '/Users/nik/Documents/Cowo                         
                             rk/quantum-mechanics-vol1/                         
                             youtube/dim-blue-beats-bli                         
                             nding-red-bb/short/media/v                         
                             ideos/dim_blue_beats_blind                         
                             ing_red_short_bb/1080p60/p                         
                             artial_movie_files/BearsDo                         
                             odlesVideo/4238198153_4020                         
                             777533_223132457.mp4'                              
[07/03/26 14:56:46] INFO     Animation 1 : Partial      scene_file_writer.py:601
                             movie file written in                              
                             '/Users/nik/Documents/Cowo                         
                             rk/quantum-mechanics-vol1/                         
                             youtube/dim-blue-beats-bli                         
                             nding-red-bb/short/media/v                         
                             ideos/dim_blue_beats_blind                         
                             ing_red_short_bb/1080p60/p                         
                             artial_movie_files/BearsDo                         
                             odlesVideo/4286918275_3051                         
                             929749_277161130.mp4'                              
[07/03/26 14:56:47] INFO     Animation 2 : Partial      scene_file_writer.py:601
                             movie file written in                              
                             '/Users/nik/Documents/Cowo                         
                             rk/quantum-mechanics-vol1/                         
                             youtube/dim-blue-beats-bli                         
                             nding-red-bb/short/media/v                         
                             ideos/dim_blue_beats_blind                         
                             ing_red_short_bb/1080p60/p                         
                             artial_movie_files/BearsDo                         
                             odlesVideo/4286918275_4055                         
                             907142_2298558079.mp4'                             
[07/03/26 14:56:48] INFO     Animation 3 : Partial      scene_file_writer.py:601
                             movie file written in                              
                             '/Users/nik/Documents/Cowo                         
                             rk/quantum-mechanics-vol1/                         
                             youtube/dim-blue-beats-bli                         
                             nding-red-bb/short/media/v                         
                             ideos/dim_blue_beats_blind                         
                             ing_red_short_bb/1080p60/p                         
                             artial_movie_files/BearsDo                         
                             odlesVideo/4286918275_2306                         
                             284905_2384307212.mp4'                             
[07/03/26 14:56:50] INFO     Animation 4 : Partial      scene_file_writer.py:601
                             movie file written in                              
                             '/Users/nik/Documents/Cowo                         
                             rk/quantum-mechanics-vol1/                         
                             youtube/dim-blue-beats-bli                         
                             nding-red-bb/short/media/v                         
                             ideos/dim_blue_beats_blind                         
                             ing_red_short_bb/1080p60/p                         
                             artial_movie_files/BearsDo                         
                             odlesVideo/4286918275_2694                         
                             255193_2873729818.mp4'                             
                    INFO     Animation 5 : Partial      scene_file_writer.py:601
                             movie file written in                              
                             '/Users/nik/Documents/Cowo                         
                             rk/quantum-mechanics-vol1/                         
                             youtube/dim-blue-beats-bli                         
                             nding-red-bb/short/media/v                         
                             ideos/dim_blue_beats_blind                         
                             ing_red_short_bb/1080p60/p                         
                             artial_movie_files/BearsDo                         
                             odlesVideo/4286918275_1031                         
                             450123_631829896.mp4'                              
                    INFO     Animation 6 : Partial      scene_file_writer.py:601
                             movie file written in                              
                             '/Users/nik/Documents/Cowo                         
                             rk/quantum-mechanics-vol1/                         
                             youtube/dim-blue-beats-bli                         
                             nding-red-bb/short/media/v                         
                             ideos/dim_blue_beats_blind                         
                             ing_red_short_bb/1080p60/p                         
                             artial_movie_files/BearsDo                         
                             odlesVideo/4286918275_3052                         
                             040169_631829896.mp4'                              
[07/03/26 14:56:51] INFO     Animation 7 : Partial      scene_file_writer.py:601
                             movie file written in                              
                             '/Users/nik/Documents/Cowo                         
                             rk/quantum-mechanics-vol1/                         
                             youtube/dim-blue-beats-bli                         
                             nding-red-bb/short/media/v                         
                             ideos/dim_blue_beats_blind                         
                             ing_red_short_bb/1080p60/p                         
                             artial_movie_files/BearsDo                         
                             odlesVideo/4286918275_1019                         
                             689287_1666280314.mp4'                             
[07/03/26 14:56:52] INFO     Animation 8 : Partial      scene_file_writer.py:601
                             movie file written in                              
                             '/Users/nik/Documents/Cowo                         
                             rk/quantum-mechanics-vol1/                         
                             youtube/dim-blue-beats-bli                         
                             nding-red-bb/short/media/v                         
                             ideos/dim_blue_beats_blind                         
                             ing_red_short_bb/1080p60/p                         
                             artial_movie_files/BearsDo                         
                             odlesVideo/4286918275_3495                         
                             450505_250286211.mp4'                              
[07/03/26 14:56:54] INFO     Animation 9 : Partial      scene_file_writer.py:601
                             movie file written in                              
                             '/Users/nik/Documents/Cowo                         
                             rk/quantum-mechanics-vol1/                         
                             youtube/dim-blue-beats-bli                         
                             nding-red-bb/short/media/v                         
                             ideos/dim_blue_beats_blind                         
                             ing_red_short_bb/1080p60/p                         
                             artial_movie_files/BearsDo                         
                             odlesVideo/4286918275_4127                         
                             302880_3207973324.mp4'                             
[07/03/26 14:56:55] INFO     Animation 10 : Partial     scene_file_writer.py:601
                             movie file written in                              
                             '/Users/nik/Documents/Cowo                         
                             rk/quantum-mechanics-vol1/                         
                             youtube/dim-blue-beats-bli                         
                             nding-red-bb/short/media/v                         
                             ideos/dim_blue_beats_blind                         
                             ing_red_short_bb/1080p60/p                         
                             artial_movie_files/BearsDo                         
                             odlesVideo/4286918275_1257                         
                             062248_332161951.mp4'                              
[07/03/26 14:56:57] INFO     Animation 11 : Partial     scene_file_writer.py:601
                             movie file written in                              
                             '/Users/nik/Documents/Cowo                         
                             rk/quantum-mechanics-vol1/                         
                             youtube/dim-blue-beats-bli                         
                             nding-red-bb/short/media/v                         
                             ideos/dim_blue_beats_blind                         
                             ing_red_short_bb/1080p60/p                         
                             artial_movie_files/BearsDo                         
                             odlesVideo/4286918275_2282                         
                             726785_3553268692.mp4'                             
[07/03/26 14:56:59] INFO     Animation 12 : Partial     scene_file_writer.py:601
                             movie file written in                              
                             '/Users/nik/Documents/Cowo                         
                             rk/quantum-mechanics-vol1/                         
                             youtube/dim-blue-beats-bli                         
                             nding-red-bb/short/media/v                         
                             ideos/dim_blue_beats_blind                         
                             ing_red_short_bb/1080p60/p                         
                             artial_movie_files/BearsDo                         
                             odlesVideo/4286918275_1709                         
                             925516_3761984198.mp4'                             
[07/03/26 14:57:00] INFO     Animation 13 : Partial     scene_file_writer.py:601
                             movie file written in                              
                             '/Users/nik/Documents/Cowo                         
                             rk/quantum-mechanics-vol1/                         
                             youtube/dim-blue-beats-bli                         
                             nding-red-bb/short/media/v                         
                             ideos/dim_blue_beats_blind                         
                             ing_red_short_bb/1080p60/p                         
                             artial_movie_files/BearsDo                         
                             odlesVideo/4286918275_3510                         
                             517855_3805080175.mp4'                             
[07/03/26 14:57:02] INFO     Animation 14 : Partial     scene_file_writer.py:601
                             movie file written in                              
                             '/Users/nik/Documents/Cowo                         
                             rk/quantum-mechanics-vol1/                         
                             youtube/dim-blue-beats-bli                         
                             nding-red-bb/short/media/v                         
                             ideos/dim_blue_beats_blind                         
                             ing_red_short_bb/1080p60/p                         
                             artial_movie_files/BearsDo                         
                             odlesVideo/4286918275_2129                         
                             856775_1690118587.mp4'                             
[07/03/26 14:57:03] INFO     Animation 15 : Partial     scene_file_writer.py:601
                             movie file written in                              
                             '/Users/nik/Documents/Cowo                         
                             rk/quantum-mechanics-vol1/                         
                             youtube/dim-blue-beats-bli                         
                             nding-red-bb/short/media/v                         
                             ideos/dim_blue_beats_blind                         
                             ing_red_short_bb/1080p60/p                         
                             artial_movie_files/BearsDo                         
                             odlesVideo/4286918275_1543                         
                             217942_3763690534.mp4'                             
[07/03/26 14:57:04] INFO     Animation 16 : Partial     scene_file_writer.py:601
                             movie file written in                              
                             '/Users/nik/Documents/Cowo                         
                             rk/quantum-mechanics-vol1/                         
                             youtube/dim-blue-beats-bli                         
                             nding-red-bb/short/media/v                         
                             ideos/dim_blue_beats_blind                         
                             ing_red_short_bb/1080p60/p                         
                             artial_movie_files/BearsDo                         
                             odlesVideo/4286918275_2782                         
                             435744_729181148.mp4'                              
                    INFO     Animation 17 : Partial     scene_file_writer.py:601
                             movie file written in                              
                             '/Users/nik/Documents/Cowo                         
                             rk/quantum-mechanics-vol1/                         
                             youtube/dim-blue-beats-bli                         
                             nding-red-bb/short/media/v                         
                             ideos/dim_blue_beats_blind                         
                             ing_red_short_bb/1080p60/p                         
                             artial_movie_files/BearsDo                         
                             odlesVideo/4286918275_2397                         
                             746209_3796107967.mp4'                             
[07/03/26 14:57:05] INFO     Animation 18 : Partial     scene_file_writer.py:601
                             movie file written in                              
                             '/Users/nik/Documents/Cowo                         
                             rk/quantum-mechanics-vol1/                         
                             youtube/dim-blue-beats-bli                         
                             nding-red-bb/short/media/v                         
                             ideos/dim_blue_beats_blind                         
                             ing_red_short_bb/1080p60/p                         
                             artial_movie_files/BearsDo                         
                             odlesVideo/4286918275_1206                         
                             050976_2358810818.mp4'                             
                    INFO     Animation 19 : Using cached    cairo_renderer.py:94
                             data (hash :                                       
                             4286918275_3052040169_63182989                     
                             6)                                                 
[07/03/26 14:57:06] INFO     Animation 20 : Partial     scene_file_writer.py:601
                             movie file written in                              
                             '/Users/nik/Documents/Cowo                         
                             rk/quantum-mechanics-vol1/                         
                             youtube/dim-blue-beats-bli                         
                             nding-red-bb/short/media/v                         
                             ideos/dim_blue_beats_blind                         
                             ing_red_short_bb/1080p60/p                         
                             artial_movie_files/BearsDo                         
                             odlesVideo/4286918275_3854                         
                             687216_1666280314.mp4'                             
[07/03/26 14:57:09] INFO     Animation 21 : Partial     scene_file_writer.py:601
                             movie file written in                              
                             '/Users/nik/Documents/Cowo                         
                             rk/quantum-mechanics-vol1/                         
                             youtube/dim-blue-beats-bli                         
                             nding-red-bb/short/media/v                         
                             ideos/dim_blue_beats_blind                         
                             ing_red_short_bb/1080p60/p                         
                             artial_movie_files/BearsDo                         
                             odlesVideo/4286918275_3795                         
                             89589_114207812.mp4'                               
[07/03/26 14:57:11] INFO     Animation 22 : Partial     scene_file_writer.py:601
                             movie file written in                              
                             '/Users/nik/Documents/Cowo                         
                             rk/quantum-mechanics-vol1/                         
                             youtube/dim-blue-beats-bli                         
                             nding-red-bb/short/media/v                         
                             ideos/dim_blue_beats_blind                         
                             ing_red_short_bb/1080p60/p                         
                             artial_movie_files/BearsDo                         
                             odlesVideo/4286918275_2583                         
                             265977_1101682277.mp4'                             
[07/03/26 14:57:12] INFO     Animation 23 : Partial     scene_file_writer.py:601
                             movie file written in                              
                             '/Users/nik/Documents/Cowo                         
                             rk/quantum-mechanics-vol1/                         
                             youtube/dim-blue-beats-bli                         
                             nding-red-bb/short/media/v                         
                             ideos/dim_blue_beats_blind                         
                             ing_red_short_bb/1080p60/p                         
                             artial_movie_files/BearsDo                         
                             odlesVideo/4286918275_3945                         
                             466213_1101682277.mp4'                             
                    INFO     Animation 24 : Partial     scene_file_writer.py:601
                             movie file written in                              
                             '/Users/nik/Documents/Cowo                         
                             rk/quantum-mechanics-vol1/                         
                             youtube/dim-blue-beats-bli                         
                             nding-red-bb/short/media/v                         
                             ideos/dim_blue_beats_blind                         
                             ing_red_short_bb/1080p60/p                         
                             artial_movie_files/BearsDo                         
                             odlesVideo/4286918275_1389                         
                             273354_1666280314.mp4'                             
[07/03/26 14:57:16] INFO     Animation 25 : Partial     scene_file_writer.py:601
                             movie file written in                              
                             '/Users/nik/Documents/Cowo                         
                             rk/quantum-mechanics-vol1/                         
                             youtube/dim-blue-beats-bli                         
                             nding-red-bb/short/media/v                         
                             ideos/dim_blue_beats_blind                         
                             ing_red_short_bb/1080p60/p                         
                             artial_movie_files/BearsDo                         
                             odlesVideo/4286918275_2980                         
                             875147_3886799554.mp4'                             
[07/03/26 14:57:18] INFO     Animation 26 : Partial     scene_file_writer.py:601
                             movie file written in                              
                             '/Users/nik/Documents/Cowo                         
                             rk/quantum-mechanics-vol1/                         
                             youtube/dim-blue-beats-bli                         
                             nding-red-bb/short/media/v                         
                             ideos/dim_blue_beats_blind                         
                             ing_red_short_bb/1080p60/p                         
                             artial_movie_files/BearsDo                         
                             odlesVideo/4286918275_3680                         
                             791412_1051148425.mp4'                             
[07/03/26 14:57:20] INFO     Animation 27 : Partial     scene_file_writer.py:601
                             movie file written in                              
                             '/Users/nik/Documents/Cowo                         
                             rk/quantum-mechanics-vol1/                         
                             youtube/dim-blue-beats-bli                         
                             nding-red-bb/short/media/v                         
                             ideos/dim_blue_beats_blind                         
                             ing_red_short_bb/1080p60/p                         
                             artial_movie_files/BearsDo                         
                             odlesVideo/4286918275_3886                         
                             905538_3231350925.mp4'                             
[07/03/26 14:57:21] INFO     Animation 28 : Partial     scene_file_writer.py:601
                             movie file written in                              
                             '/Users/nik/Documents/Cowo                         
                             rk/quantum-mechanics-vol1/                         
                             youtube/dim-blue-beats-bli                         
                             nding-red-bb/short/media/v                         
                             ideos/dim_blue_beats_blind                         
                             ing_red_short_bb/1080p60/p                         
                             artial_movie_files/BearsDo                         
                             odlesVideo/4286918275_2457                         
                             017479_703082447.mp4'                              
[07/03/26 14:57:22] INFO     Animation 29 : Partial     scene_file_writer.py:601
                             movie file written in                              
                             '/Users/nik/Documents/Cowo                         
                             rk/quantum-mechanics-vol1/                         
                             youtube/dim-blue-beats-bli                         
                             nding-red-bb/short/media/v                         
                             ideos/dim_blue_beats_blind                         
                             ing_red_short_bb/1080p60/p                         
                             artial_movie_files/BearsDo                         
                             odlesVideo/4286918275_1733                         
                             253654_4064254459.mp4'                             
[07/03/26 14:57:24] INFO     Animation 30 : Partial     scene_file_writer.py:601
                             movie file written in                              
                             '/Users/nik/Documents/Cowo                         
                             rk/quantum-mechanics-vol1/                         
                             youtube/dim-blue-beats-bli                         
                             nding-red-bb/short/media/v                         
                             ideos/dim_blue_beats_blind                         
                             ing_red_short_bb/1080p60/p                         
                             artial_movie_files/BearsDo                         
                             odlesVideo/4286918275_2795                         
                             36089_2164265865.mp4'                              
[07/03/26 14:57:25] INFO     Animation 31 : Partial     scene_file_writer.py:601
                             movie file written in                              
                             '/Users/nik/Documents/Cowo                         
                             rk/quantum-mechanics-vol1/                         
                             youtube/dim-blue-beats-bli                         
                             nding-red-bb/short/media/v                         
                             ideos/dim_blue_beats_blind                         
                             ing_red_short_bb/1080p60/p                         
                             artial_movie_files/BearsDo                         
                             odlesVideo/4286918275_3484                         
                             890515_40143901.mp4'                               
[07/03/26 14:57:27] INFO     Animation 32 : Partial     scene_file_writer.py:601
                             movie file written in                              
                             '/Users/nik/Documents/Cowo                         
                             rk/quantum-mechanics-vol1/                         
                             youtube/dim-blue-beats-bli                         
                             nding-red-bb/short/media/v                         
                             ideos/dim_blue_beats_blind                         
                             ing_red_short_bb/1080p60/p                         
                             artial_movie_files/BearsDo                         
                             odlesVideo/4286918275_4109                         
                             081201_909117946.mp4'                              
[07/03/26 14:57:29] INFO     Animation 33 : Partial     scene_file_writer.py:601
                             movie file written in                              
                             '/Users/nik/Documents/Cowo                         
                             rk/quantum-mechanics-vol1/                         
                             youtube/dim-blue-beats-bli                         
                             nding-red-bb/short/media/v                         
                             ideos/dim_blue_beats_blind                         
                             ing_red_short_bb/1080p60/p                         
                             artial_movie_files/BearsDo                         
                             odlesVideo/4286918275_2050                         
                             521197_3165147277.mp4'                             
[07/03/26 14:57:30] INFO     Animation 34 : Partial     scene_file_writer.py:601
                             movie file written in                              
                             '/Users/nik/Documents/Cowo                         
                             rk/quantum-mechanics-vol1/                         
                             youtube/dim-blue-beats-bli                         
                             nding-red-bb/short/media/v                         
                             ideos/dim_blue_beats_blind                         
                             ing_red_short_bb/1080p60/p                         
                             artial_movie_files/BearsDo                         
                             odlesVideo/4286918275_2724                         
                             387719_4230186036.mp4'                             
[07/03/26 14:57:32] INFO     Animation 35 : Partial     scene_file_writer.py:601
                             movie file written in                              
                             '/Users/nik/Documents/Cowo                         
                             rk/quantum-mechanics-vol1/                         
                             youtube/dim-blue-beats-bli                         
                             nding-red-bb/short/media/v                         
                             ideos/dim_blue_beats_blind                         
                             ing_red_short_bb/1080p60/p                         
                             artial_movie_files/BearsDo                         
                             odlesVideo/4286918275_1644                         
                             571861_286814365.mp4'                              
[07/03/26 14:57:33] INFO     Animation 36 : Partial     scene_file_writer.py:601
                             movie file written in                              
                             '/Users/nik/Documents/Cowo                         
                             rk/quantum-mechanics-vol1/                         
                             youtube/dim-blue-beats-bli                         
                             nding-red-bb/short/media/v                         
                             ideos/dim_blue_beats_blind                         
                             ing_red_short_bb/1080p60/p                         
                             artial_movie_files/BearsDo                         
                             odlesVideo/4286918275_7073                         
                             54396_2429425547.mp4'                              
[07/03/26 14:57:34] INFO     Animation 37 : Partial     scene_file_writer.py:601
                             movie file written in                              
                             '/Users/nik/Documents/Cowo                         
                             rk/quantum-mechanics-vol1/                         
                             youtube/dim-blue-beats-bli                         
                             nding-red-bb/short/media/v                         
                             ideos/dim_blue_beats_blind                         
                             ing_red_short_bb/1080p60/p                         
                             artial_movie_files/BearsDo                         
                             odlesVideo/4286918275_3973                         
                             377932_2481924600.mp4'                             
[07/03/26 14:57:35] INFO     Animation 38 : Partial     scene_file_writer.py:601
                             movie file written in                              
                             '/Users/nik/Documents/Cowo                         
                             rk/quantum-mechanics-vol1/                         
                             youtube/dim-blue-beats-bli                         
                             nding-red-bb/short/media/v                         
                             ideos/dim_blue_beats_blind                         
                             ing_red_short_bb/1080p60/p                         
                             artial_movie_files/BearsDo                         
                             odlesVideo/4286918275_2611                         
                             30455_136404288.mp4'                               
[07/03/26 14:57:37] INFO     Animation 39 : Partial     scene_file_writer.py:601
                             movie file written in                              
                             '/Users/nik/Documents/Cowo                         
                             rk/quantum-mechanics-vol1/                         
                             youtube/dim-blue-beats-bli                         
                             nding-red-bb/short/media/v                         
                             ideos/dim_blue_beats_blind                         
                             ing_red_short_bb/1080p60/p                         
                             artial_movie_files/BearsDo                         
                             odlesVideo/4286918275_3970                         
                             679909_2238282223.mp4'                             
[07/03/26 14:57:39] INFO     Animation 40 : Partial     scene_file_writer.py:601
                             movie file written in                              
                             '/Users/nik/Documents/Cowo                         
                             rk/quantum-mechanics-vol1/                         
                             youtube/dim-blue-beats-bli                         
                             nding-red-bb/short/media/v                         
                             ideos/dim_blue_beats_blind                         
                             ing_red_short_bb/1080p60/p                         
                             artial_movie_files/BearsDo                         
                             odlesVideo/4286918275_2056                         
                             98440_1895149716.mp4'                              
[07/03/26 14:57:40] INFO     Animation 41 : Partial     scene_file_writer.py:601
                             movie file written in                              
                             '/Users/nik/Documents/Cowo                         
                             rk/quantum-mechanics-vol1/                         
                             youtube/dim-blue-beats-bli                         
                             nding-red-bb/short/media/v                         
                             ideos/dim_blue_beats_blind                         
                             ing_red_short_bb/1080p60/p                         
                             artial_movie_files/BearsDo                         
                             odlesVideo/4286918275_6236                         
                             52111_1895149716.mp4'                              
[07/03/26 14:57:41] INFO     Animation 42 : Partial     scene_file_writer.py:601
                             movie file written in                              
                             '/Users/nik/Documents/Cowo                         
                             rk/quantum-mechanics-vol1/                         
                             youtube/dim-blue-beats-bli                         
                             nding-red-bb/short/media/v                         
                             ideos/dim_blue_beats_blind                         
                             ing_red_short_bb/1080p60/p                         
                             artial_movie_files/BearsDo                         
                             odlesVideo/4286918275_1591                         
                             72563_2293396066.mp4'                              
[07/03/26 14:57:43] INFO     Animation 43 : Partial     scene_file_writer.py:601
                             movie file written in                              
                             '/Users/nik/Documents/Cowo                         
                             rk/quantum-mechanics-vol1/                         
                             youtube/dim-blue-beats-bli                         
                             nding-red-bb/short/media/v                         
                             ideos/dim_blue_beats_blind                         
                             ing_red_short_bb/1080p60/p                         
                             artial_movie_files/BearsDo                         
                             odlesVideo/4286918275_3184                         
                             528787_1698276321.mp4'                             
[07/03/26 14:57:46] INFO     Animation 44 : Partial     scene_file_writer.py:601
                             movie file written in                              
                             '/Users/nik/Documents/Cowo                         
                             rk/quantum-mechanics-vol1/                         
                             youtube/dim-blue-beats-bli                         
                             nding-red-bb/short/media/v                         
                             ideos/dim_blue_beats_blind                         
                             ing_red_short_bb/1080p60/p                         
                             artial_movie_files/BearsDo                         
                             odlesVideo/4286918275_1124                         
                             943560_3469431649.mp4'                             
[07/03/26 14:57:47] INFO     Animation 45 : Partial     scene_file_writer.py:601
                             movie file written in                              
                             '/Users/nik/Documents/Cowo                         
                             rk/quantum-mechanics-vol1/                         
                             youtube/dim-blue-beats-bli                         
                             nding-red-bb/short/media/v                         
                             ideos/dim_blue_beats_blind                         
                             ing_red_short_bb/1080p60/p                         
                             artial_movie_files/BearsDo                         
                             odlesVideo/4286918275_1849                         
                             734876_1886302150.mp4'                             
[07/03/26 14:57:50] INFO     Animation 46 : Partial     scene_file_writer.py:601
                             movie file written in                              
                             '/Users/nik/Documents/Cowo                         
                             rk/quantum-mechanics-vol1/                         
                             youtube/dim-blue-beats-bli                         
                             nding-red-bb/short/media/v                         
                             ideos/dim_blue_beats_blind                         
                             ing_red_short_bb/1080p60/p                         
                             artial_movie_files/BearsDo                         
                             odlesVideo/4286918275_3273                         
                             412016_1452566632.mp4'                             
[07/03/26 14:57:52] INFO     Animation 47 : Partial     scene_file_writer.py:601
                             movie file written in                              
                             '/Users/nik/Documents/Cowo                         
                             rk/quantum-mechanics-vol1/                         
                             youtube/dim-blue-beats-bli                         
                             nding-red-bb/short/media/v                         
                             ideos/dim_blue_beats_blind                         
                             ing_red_short_bb/1080p60/p                         
                             artial_movie_files/BearsDo                         
                             odlesVideo/4286918275_3149                         
                             742455_4034173788.mp4'                             
[07/03/26 14:57:53] INFO     Animation 48 : Partial     scene_file_writer.py:601
                             movie file written in                              
                             '/Users/nik/Documents/Cowo                         
                             rk/quantum-mechanics-vol1/                         
                             youtube/dim-blue-beats-bli                         
                             nding-red-bb/short/media/v                         
                             ideos/dim_blue_beats_blind                         
                             ing_red_short_bb/1080p60/p                         
                             artial_movie_files/BearsDo                         
                             odlesVideo/4286918275_1847                         
                             654383_2289243346.mp4'                             
[07/03/26 14:57:55] INFO     Animation 49 : Partial     scene_file_writer.py:601
                             movie file written in                              
                             '/Users/nik/Documents/Cowo                         
                             rk/quantum-mechanics-vol1/                         
                             youtube/dim-blue-beats-bli                         
                             nding-red-bb/short/media/v                         
                             ideos/dim_blue_beats_blind                         
                             ing_red_short_bb/1080p60/p                         
                             artial_movie_files/BearsDo                         
                             odlesVideo/4286918275_2627                         
                             371779_566043962.mp4'                              
[07/03/26 14:57:56] INFO     Animation 50 : Partial     scene_file_writer.py:601
                             movie file written in                              
                             '/Users/nik/Documents/Cowo                         
                             rk/quantum-mechanics-vol1/                         
                             youtube/dim-blue-beats-bli                         
                             nding-red-bb/short/media/v                         
                             ideos/dim_blue_beats_blind                         
                             ing_red_short_bb/1080p60/p                         
                             artial_movie_files/BearsDo                         
                             odlesVideo/4286918275_2075                         
                             478721_2934190209.mp4'                             
[07/03/26 14:57:57] INFO     Animation 51 : Partial     scene_file_writer.py:601
                             movie file written in                              
                             '/Users/nik/Documents/Cowo                         
                             rk/quantum-mechanics-vol1/                         
                             youtube/dim-blue-beats-bli                         
                             nding-red-bb/short/media/v                         
                             ideos/dim_blue_beats_blind                         
                             ing_red_short_bb/1080p60/p                         
                             artial_movie_files/BearsDo                         
                             odlesVideo/4286918275_3065                         
                             127091_3260759866.mp4'                             
[07/03/26 14:58:01] INFO     Animation 52 : Partial     scene_file_writer.py:601
                             movie file written in                              
                             '/Users/nik/Documents/Cowo                         
                             rk/quantum-mechanics-vol1/                         
                             youtube/dim-blue-beats-bli                         
                             nding-red-bb/short/media/v                         
                             ideos/dim_blue_beats_blind                         
                             ing_red_short_bb/1080p60/p                         
                             artial_movie_files/BearsDo                         
                             odlesVideo/4286918275_2299                         
                             626542_1142797262.mp4'                             
[07/03/26 14:58:10] INFO     Animation 53 : Partial     scene_file_writer.py:601
                             movie file written in                              
                             '/Users/nik/Documents/Cowo                         
                             rk/quantum-mechanics-vol1/                         
                             youtube/dim-blue-beats-bli                         
                             nding-red-bb/short/media/v                         
                             ideos/dim_blue_beats_blind                         
                             ing_red_short_bb/1080p60/p                         
                             artial_movie_files/BearsDo                         
                             odlesVideo/4286918275_1171                         
                             819243_8310705.mp4'                                
                    INFO     Combining to Movie file.   scene_file_writer.py:753
                    INFO                                scene_file_writer.py:904
                             File ready at                                      
                             '/Users/nik/Documents/Cowo                         
                             rk/quantum-mechanics-vol1/                         
                             youtube/dim-blue-beats-bli                         
                             nding-red-bb/short/media/v                         
                             ideos/dim_blue_beats_blind                         
                             ing_red_short_bb/1080p60/B                         
                             earsDoodlesVideo.mp4'                              
                                                                                
                    INFO     Rendered BearsDoodlesVideo             scene.py:278
                             Played 54 animations                               
/Users/nik/Documents/Cowork/quantum-mechanics-vol1/youtube/dim-blue-beats-blinding-red-bb/short/dim_blue_beats_blinding_red_short_bb.py:96: DeprecationWarning: This method is not guaranteed to stay around. Please prefer setting the attribute normally or with Mobject.set().
  rule.set_width(min(title.width, rw(rrow) * 0.8)).move_to(center(rrow))

Animation 0: FadeIn(Text("Bear's Notes")):   0%|          | 0/30 [00:00<?, ?it/s]
Animation 0: FadeIn(Text("Bear's Notes")):  17%|█▋        | 5/30 [00:00<00:00, 44.79it/s]
Animation 0: FadeIn(Text("Bear's Notes")):  33%|███▎      | 10/30 [00:00<00:00, 41.33it/s]
Animation 0: FadeIn(Text("Bear's Notes")):  50%|█████     | 15/30 [00:00<00:00, 41.22it/s]
Animation 0: FadeIn(Text("Bear's Notes")):  70%|███████   | 21/30 [00:00<00:00, 44.70it/s]
Animation 0: FadeIn(Text("Bear's Notes")):  90%|█████████ | 27/30 [00:00<00:00, 47.91it/s]
                                                                                          

Animation 1: Write(VGroup of 2 submobjects):   0%|          | 0/84 [00:00<?, ?it/s]
Animation 1: Write(VGroup of 2 submobjects):   7%|▋         | 6/84 [00:00<00:01, 53.82it/s]
Animation 1: Write(VGroup of 2 submobjects):  14%|█▍        | 12/84 [00:00<00:01, 49.92it/s]
Animation 1: Write(VGroup of 2 submobjects):  21%|██▏       | 18/84 [00:00<00:01, 48.08it/s]
Animation 1: Write(VGroup of 2 submobjects):  27%|██▋       | 23/84 [00:00<00:01, 45.69it/s]
Animation 1: Write(VGroup of 2 submobjects):  33%|███▎      | 28/84 [00:00<00:01, 42.15it/s]
Animation 1: Write(VGroup of 2 submobjects):  39%|███▉      | 33/84 [00:00<00:01, 31.53it/s]
Animation 1: Write(VGroup of 2 submobjects):  44%|████▍     | 37/84 [00:00<00:01, 32.12it/s]
Animation 1: Write(VGroup of 2 submobjects):  49%|████▉     | 41/84 [00:01<00:01, 31.99it/s]
Animation 1: Write(VGroup of 2 submobjects):  54%|█████▎    | 45/84 [00:01<00:01, 30.78it/s]
Animation 1: Write(VGroup of 2 submobjects):  58%|█████▊    | 49/84 [00:01<00:01, 30.18it/s]
Animation 1: Write(VGroup of 2 submobjects):  63%|██████▎   | 53/84 [00:01<00:01, 29.24it/s]
Animation 1: Write(VGroup of 2 submobjects):  67%|██████▋   | 56/84 [00:01<00:00, 28.01it/s]
Animation 1: Write(VGroup of 2 submobjects):  70%|███████   | 59/84 [00:01<00:00, 25.27it/s]
Animation 1: Write(VGroup of 2 submobjects):  74%|███████▍  | 62/84 [00:01<00:00, 25.19it/s]
Animation 1: Write(VGroup of 2 submobjects):  77%|███████▋  | 65/84 [00:02<00:00, 25.80it/s]
Animation 1: Write(VGroup of 2 submobjects):  81%|████████  | 68/84 [00:02<00:00, 26.08it/s]
Animation 1: Write(VGroup of 2 submobjects):  85%|████████▍ | 71/84 [00:02<00:00, 27.06it/s]
Animation 1: Write(VGroup of 2 submobjects):  88%|████████▊ | 74/84 [00:02<00:00, 26.45it/s]
Animation 1: Write(VGroup of 2 submobjects):  92%|█████████▏| 77/84 [00:02<00:00, 26.73it/s]
Animation 1: Write(VGroup of 2 submobjects):  95%|█████████▌| 80/84 [00:02<00:00, 27.39it/s]
Animation 1: Write(VGroup of 2 submobjects): 100%|██████████| 84/84 [00:02<00:00, 29.19it/s]
                                                                                            

Animation 2: Create(Line), etc.:   0%|          | 0/30 [00:00<?, ?it/s]
Animation 2: Create(Line), etc.:  30%|███       | 9/30 [00:00<00:00, 89.58it/s]
Animation 2: Create(Line), etc.:  60%|██████    | 18/30 [00:00<00:00, 69.10it/s]
Animation 2: Create(Line), etc.:  90%|█████████ | 27/30 [00:00<00:00, 76.23it/s]
                                                                                

Animation 4: FadeOut(Group):   0%|          | 0/24 [00:00<?, ?it/s]
Animation 4: FadeOut(Group):  12%|█▎        | 3/24 [00:00<00:00, 28.88it/s]
Animation 4: FadeOut(Group):  25%|██▌       | 6/24 [00:00<00:00, 27.43it/s]
Animation 4: FadeOut(Group):  38%|███▊      | 9/24 [00:00<00:00, 27.29it/s]
Animation 4: FadeOut(Group):  50%|█████     | 12/24 [00:00<00:00, 27.02it/s]
Animation 4: FadeOut(Group):  62%|██████▎   | 15/24 [00:00<00:00, 27.46it/s]
Animation 4: FadeOut(Group):  75%|███████▌  | 18/24 [00:00<00:00, 26.96it/s]
Animation 4: FadeOut(Group):  88%|████████▊ | 21/24 [00:00<00:00, 27.38it/s]
Animation 4: FadeOut(Group): 100%|██████████| 24/24 [00:00<00:00, 28.01it/s]
                                                                            

Animation 5: FadeOut(Mobject):   0%|          | 0/24 [00:00<?, ?it/s]
Animation 5: FadeOut(Mobject):  42%|████▏     | 10/24 [00:00<00:00, 90.06it/s]
Animation 5: FadeOut(Mobject):  83%|████████▎ | 20/24 [00:00<00:00, 85.02it/s]
                                                                              

Animation 7: Create(RoundedRectangle), etc.:   0%|          | 0/60 [00:00<?, ?it/s]
Animation 7: Create(RoundedRectangle), etc.:  15%|█▌        | 9/60 [00:00<00:00, 84.88it/s]
Animation 7: Create(RoundedRectangle), etc.:  30%|███       | 18/60 [00:00<00:00, 74.66it/s]
Animation 7: Create(RoundedRectangle), etc.:  43%|████▎     | 26/60 [00:00<00:00, 75.46it/s]
Animation 7: Create(RoundedRectangle), etc.:  57%|█████▋    | 34/60 [00:00<00:00, 76.82it/s]
Animation 7: Create(RoundedRectangle), etc.:  72%|███████▏  | 43/60 [00:00<00:00, 79.11it/s]
Animation 7: Create(RoundedRectangle), etc.:  95%|█████████▌| 57/60 [00:00<00:00, 96.70it/s]
                                                                                            

Animation 8: GrowFromCenter(Circle), etc.:   0%|          | 0/60 [00:00<?, ?it/s]
Animation 8: GrowFromCenter(Circle), etc.:  13%|█▎        | 8/60 [00:00<00:00, 71.32it/s]
Animation 8: GrowFromCenter(Circle), etc.:  27%|██▋       | 16/60 [00:00<00:00, 73.04it/s]
Animation 8: GrowFromCenter(Circle), etc.:  40%|████      | 24/60 [00:00<00:00, 75.76it/s]
Animation 8: GrowFromCenter(Circle), etc.:  53%|█████▎    | 32/60 [00:00<00:00, 76.38it/s]
Animation 8: GrowFromCenter(Circle), etc.:  67%|██████▋   | 40/60 [00:00<00:00, 74.73it/s]
Animation 8: GrowFromCenter(Circle), etc.:  85%|████████▌ | 51/60 [00:00<00:00, 82.68it/s]
Animation 8: GrowFromCenter(Circle), etc.: 100%|██████████| 60/60 [00:00<00:00, 75.61it/s]
                                                                                          

Animation 9: Create(VGroup of 3 submobjects):   0%|          | 0/72 [00:00<?, ?it/s]
Animation 9: Create(VGroup of 3 submobjects):  12%|█▎        | 9/72 [00:00<00:00, 72.61it/s]
Animation 9: Create(VGroup of 3 submobjects):  24%|██▎       | 17/72 [00:00<00:00, 64.56it/s]
Animation 9: Create(VGroup of 3 submobjects):  35%|███▍      | 25/72 [00:00<00:00, 68.26it/s]
Animation 9: Create(VGroup of 3 submobjects):  46%|████▌     | 33/72 [00:00<00:00, 71.91it/s]
Animation 9: Create(VGroup of 3 submobjects):  60%|█████▉    | 43/72 [00:00<00:00, 78.68it/s]
Animation 9: Create(VGroup of 3 submobjects):  74%|███████▎  | 53/72 [00:00<00:00, 83.20it/s]
Animation 9: Create(VGroup of 3 submobjects):  86%|████████▌ | 62/72 [00:00<00:00, 77.63it/s]
Animation 9: Create(VGroup of 3 submobjects):  97%|█████████▋| 70/72 [00:00<00:00, 73.86it/s]
                                                                                             

Animation 11: ReplacementTransform(Circle), etc.:   0%|          | 0/108 [00:00<?, ?it/s]
Animation 11: ReplacementTransform(Circle), etc.:   6%|▌         | 6/108 [00:00<00:01, 58.56it/s]
Animation 11: ReplacementTransform(Circle), etc.:  11%|█         | 12/108 [00:00<00:02, 39.28it/s]
Animation 11: ReplacementTransform(Circle), etc.:  17%|█▋        | 18/108 [00:00<00:02, 43.73it/s]
Animation 11: ReplacementTransform(Circle), etc.:  21%|██▏       | 23/108 [00:00<00:01, 45.43it/s]
Animation 11: ReplacementTransform(Circle), etc.:  26%|██▌       | 28/108 [00:00<00:01, 46.15it/s]
Animation 11: ReplacementTransform(Circle), etc.:  31%|███▏      | 34/108 [00:00<00:01, 48.37it/s]
Animation 11: ReplacementTransform(Circle), etc.:  37%|███▋      | 40/108 [00:00<00:01, 51.29it/s]
Animation 11: ReplacementTransform(Circle), etc.:  44%|████▎     | 47/108 [00:00<00:01, 53.19it/s]
Animation 11: ReplacementTransform(Circle), etc.:  49%|████▉     | 53/108 [00:01<00:01, 51.97it/s]
Animation 11: ReplacementTransform(Circle), etc.:  55%|█████▍    | 59/108 [00:01<00:00, 51.52it/s]
Animation 11: ReplacementTransform(Circle), etc.:  60%|██████    | 65/108 [00:01<00:00, 52.00it/s]
Animation 11: ReplacementTransform(Circle), etc.:  66%|██████▌   | 71/108 [00:01<00:00, 50.70it/s]
Animation 11: ReplacementTransform(Circle), etc.:  71%|███████▏  | 77/108 [00:01<00:00, 50.05it/s]
Animation 11: ReplacementTransform(Circle), etc.:  77%|███████▋  | 83/108 [00:01<00:00, 50.09it/s]
Animation 11: ReplacementTransform(Circle), etc.:  82%|████████▏ | 89/108 [00:01<00:00, 49.93it/s]
Animation 11: ReplacementTransform(Circle), etc.:  88%|████████▊ | 95/108 [00:01<00:00, 50.15it/s]
Animation 11: ReplacementTransform(Circle), etc.:  94%|█████████▎| 101/108 [00:02<00:00, 51.86it/s]
Animation 11: ReplacementTransform(Circle), etc.:  99%|█████████▉| 107/108 [00:02<00:00, 52.16it/s]
                                                                                                   

Animation 12: _MethodAnimation(Dot), etc.:   0%|          | 0/60 [00:00<?, ?it/s]
Animation 12: _MethodAnimation(Dot), etc.:  10%|█         | 6/60 [00:00<00:01, 52.18it/s]
Animation 12: _MethodAnimation(Dot), etc.:  20%|██        | 12/60 [00:00<00:01, 47.64it/s]
Animation 12: _MethodAnimation(Dot), etc.:  28%|██▊       | 17/60 [00:00<00:00, 48.40it/s]
Animation 12: _MethodAnimation(Dot), etc.:  37%|███▋      | 22/60 [00:00<00:00, 48.55it/s]
Animation 12: _MethodAnimation(Dot), etc.:  45%|████▌     | 27/60 [00:00<00:00, 47.35it/s]
Animation 12: _MethodAnimation(Dot), etc.:  55%|█████▌    | 33/60 [00:00<00:00, 48.30it/s]
Animation 12: _MethodAnimation(Dot), etc.:  65%|██████▌   | 39/60 [00:00<00:00, 51.09it/s]
Animation 12: _MethodAnimation(Dot), etc.:  75%|███████▌  | 45/60 [00:00<00:00, 52.25it/s]
Animation 12: _MethodAnimation(Dot), etc.:  85%|████████▌ | 51/60 [00:01<00:00, 50.04it/s]
Animation 12: _MethodAnimation(Dot), etc.:  95%|█████████▌| 57/60 [00:01<00:00, 47.00it/s]
                                                                                          

Animation 14: ReplacementTransform(Circle), etc.:   0%|          | 0/80 [00:00<?, ?it/s]
Animation 14: ReplacementTransform(Circle), etc.:   5%|▌         | 4/80 [00:00<00:02, 36.98it/s]
Animation 14: ReplacementTransform(Circle), etc.:  10%|█         | 8/80 [00:00<00:02, 34.23it/s]
Animation 14: ReplacementTransform(Circle), etc.:  15%|█▌        | 12/80 [00:00<00:01, 35.41it/s]
Animation 14: ReplacementTransform(Circle), etc.:  20%|██        | 16/80 [00:00<00:01, 33.86it/s]
Animation 14: ReplacementTransform(Circle), etc.:  25%|██▌       | 20/80 [00:00<00:01, 33.89it/s]
Animation 14: ReplacementTransform(Circle), etc.:  30%|███       | 24/80 [00:00<00:01, 33.41it/s]
Animation 14: ReplacementTransform(Circle), etc.:  35%|███▌      | 28/80 [00:00<00:01, 34.01it/s]
Animation 14: ReplacementTransform(Circle), etc.:  40%|████      | 32/80 [00:00<00:01, 34.66it/s]
Animation 14: ReplacementTransform(Circle), etc.:  45%|████▌     | 36/80 [00:01<00:01, 34.77it/s]
Animation 14: ReplacementTransform(Circle), etc.:  50%|█████     | 40/80 [00:01<00:01, 34.94it/s]
Animation 14: ReplacementTransform(Circle), etc.:  55%|█████▌    | 44/80 [00:01<00:01, 35.88it/s]
Animation 14: ReplacementTransform(Circle), etc.:  60%|██████    | 48/80 [00:01<00:00, 36.44it/s]
Animation 14: ReplacementTransform(Circle), etc.:  65%|██████▌   | 52/80 [00:01<00:00, 36.56it/s]
Animation 14: ReplacementTransform(Circle), etc.:  70%|███████   | 56/80 [00:01<00:00, 36.82it/s]
Animation 14: ReplacementTransform(Circle), etc.:  76%|███████▋  | 61/80 [00:01<00:00, 38.91it/s]
Animation 14: ReplacementTransform(Circle), etc.:  82%|████████▎ | 66/80 [00:01<00:00, 39.95it/s]
Animation 14: ReplacementTransform(Circle), etc.:  89%|████████▉ | 71/80 [00:01<00:00, 40.47it/s]
Animation 14: ReplacementTransform(Circle), etc.:  95%|█████████▌| 76/80 [00:02<00:00, 41.48it/s]
                                                                                                 

Animation 15: FadeIn(Text('×100')):   0%|          | 0/24 [00:00<?, ?it/s]
Animation 15: FadeIn(Text('×100')):  33%|███▎      | 8/24 [00:00<00:00, 76.72it/s]
Animation 15: FadeIn(Text('×100')):  67%|██████▋   | 16/24 [00:00<00:00, 71.57it/s]
Animation 15: FadeIn(Text('×100')): 100%|██████████| 24/24 [00:00<00:00, 72.28it/s]
                                                                                   

Animation 16: Indicate(Text('×100')):   0%|          | 0/30 [00:00<?, ?it/s]
Animation 16: Indicate(Text('×100')):  17%|█▋        | 5/30 [00:00<00:00, 35.00it/s]
Animation 16: Indicate(Text('×100')):  40%|████      | 12/30 [00:00<00:00, 49.56it/s]
Animation 16: Indicate(Text('×100')):  63%|██████▎   | 19/30 [00:00<00:00, 53.48it/s]
Animation 16: Indicate(Text('×100')):  87%|████████▋ | 26/30 [00:00<00:00, 56.85it/s]
                                                                                     

Animation 18: FadeOut(Group):   0%|          | 0/24 [00:00<?, ?it/s]
Animation 18: FadeOut(Group):  17%|█▋        | 4/24 [00:00<00:00, 39.46it/s]
Animation 18: FadeOut(Group):  33%|███▎      | 8/24 [00:00<00:00, 39.46it/s]
Animation 18: FadeOut(Group):  50%|█████     | 12/24 [00:00<00:00, 39.36it/s]
Animation 18: FadeOut(Group):  67%|██████▋   | 16/24 [00:00<00:00, 38.36it/s]
Animation 18: FadeOut(Group):  83%|████████▎ | 20/24 [00:00<00:00, 37.78it/s]
Animation 18: FadeOut(Group): 100%|██████████| 24/24 [00:00<00:00, 38.24it/s]
                                                                             

Animation 20: Create(ParametricFunction):   0%|          | 0/72 [00:00<?, ?it/s]
Animation 20: Create(ParametricFunction):  14%|█▍        | 10/72 [00:00<00:00, 87.49it/s]
Animation 20: Create(ParametricFunction):  26%|██▋       | 19/72 [00:00<00:00, 80.24it/s]
Animation 20: Create(ParametricFunction):  39%|███▉      | 28/72 [00:00<00:00, 83.95it/s]
Animation 20: Create(ParametricFunction):  51%|█████▏    | 37/72 [00:00<00:00, 85.63it/s]
Animation 20: Create(ParametricFunction):  67%|██████▋   | 48/72 [00:00<00:00, 92.12it/s]
Animation 20: Create(ParametricFunction):  82%|████████▏ | 59/72 [00:00<00:00, 96.58it/s]
Animation 20: Create(ParametricFunction):  96%|█████████▌| 69/72 [00:00<00:00, 88.30it/s]
                                                                                         

Animation 21: ReplacementTransform(ParametricFunction):   0%|          | 0/72 [00:00<?, ?it/s]
Animation 21: ReplacementTransform(ParametricFunction):   7%|▋         | 5/72 [00:00<00:01, 47.87it/s]
Animation 21: ReplacementTransform(ParametricFunction):  14%|█▍        | 10/72 [00:00<00:01, 42.39it/s]
Animation 21: ReplacementTransform(ParametricFunction):  21%|██        | 15/72 [00:00<00:01, 41.28it/s]
Animation 21: ReplacementTransform(ParametricFunction):  28%|██▊       | 20/72 [00:00<00:01, 39.79it/s]
Animation 21: ReplacementTransform(ParametricFunction):  35%|███▍      | 25/72 [00:00<00:01, 37.52it/s]
Animation 21: ReplacementTransform(ParametricFunction):  40%|████      | 29/72 [00:00<00:01, 37.01it/s]
Animation 21: ReplacementTransform(ParametricFunction):  46%|████▌     | 33/72 [00:00<00:01, 34.87it/s]
Animation 21: ReplacementTransform(ParametricFunction):  51%|█████▏    | 37/72 [00:00<00:01, 34.60it/s]
Animation 21: ReplacementTransform(ParametricFunction):  57%|█████▋    | 41/72 [00:01<00:00, 34.61it/s]
Animation 21: ReplacementTransform(ParametricFunction):  62%|██████▎   | 45/72 [00:01<00:00, 34.57it/s]
Animation 21: ReplacementTransform(ParametricFunction):  68%|██████▊   | 49/72 [00:01<00:00, 35.36it/s]
Animation 21: ReplacementTransform(ParametricFunction):  74%|███████▎  | 53/72 [00:01<00:00, 34.56it/s]
Animation 21: ReplacementTransform(ParametricFunction):  81%|████████  | 58/72 [00:01<00:00, 37.67it/s]
Animation 21: ReplacementTransform(ParametricFunction):  88%|████████▊ | 63/72 [00:01<00:00, 40.45it/s]
Animation 21: ReplacementTransform(ParametricFunction):  94%|█████████▍| 68/72 [00:01<00:00, 42.09it/s]
                                                                                                       

Animation 22: _MethodAnimation(VGroup of 8 submobjects):   0%|          | 0/135 [00:00<?, ?it/s]
Animation 22: _MethodAnimation(VGroup of 8 submobjects):   7%|▋         | 9/135 [00:00<00:01, 80.99it/s]
Animation 22: _MethodAnimation(VGroup of 8 submobjects):  13%|█▎        | 18/135 [00:00<00:01, 70.33it/s]
Animation 22: _MethodAnimation(VGroup of 8 submobjects):  19%|█▉        | 26/135 [00:00<00:01, 71.91it/s]
Animation 22: _MethodAnimation(VGroup of 8 submobjects):  25%|██▌       | 34/135 [00:00<00:01, 70.50it/s]
Animation 22: _MethodAnimation(VGroup of 8 submobjects):  31%|███       | 42/135 [00:00<00:01, 69.70it/s]
Animation 22: _MethodAnimation(VGroup of 8 submobjects):  39%|███▊      | 52/135 [00:00<00:01, 76.15it/s]
Animation 22: _MethodAnimation(VGroup of 8 submobjects):  44%|████▍     | 60/135 [00:00<00:01, 73.38it/s]
Animation 22: _MethodAnimation(VGroup of 8 submobjects):  50%|█████     | 68/135 [00:00<00:00, 70.73it/s]
Animation 22: _MethodAnimation(VGroup of 8 submobjects):  56%|█████▋    | 76/135 [00:01<00:00, 68.33it/s]
Animation 22: _MethodAnimation(VGroup of 8 submobjects):  61%|██████▏   | 83/135 [00:01<00:00, 62.55it/s]
Animation 22: _MethodAnimation(VGroup of 8 submobjects):  67%|██████▋   | 90/135 [00:01<00:00, 62.93it/s]
Animation 22: _MethodAnimation(VGroup of 8 submobjects):  72%|███████▏  | 97/135 [00:01<00:00, 60.82it/s]
Animation 22: _MethodAnimation(VGroup of 8 submobjects):  77%|███████▋  | 104/135 [00:01<00:00, 59.73it/s]
Animation 22: _MethodAnimation(VGroup of 8 submobjects):  82%|████████▏ | 111/135 [00:01<00:00, 60.45it/s]
Animation 22: _MethodAnimation(VGroup of 8 submobjects):  88%|████████▊ | 119/135 [00:01<00:00, 64.25it/s]
Animation 22: _MethodAnimation(VGroup of 8 submobjects):  93%|█████████▎| 126/135 [00:01<00:00, 63.25it/s]
Animation 22: _MethodAnimation(VGroup of 8 submobjects):  99%|█████████▊| 133/135 [00:02<00:00, 63.86it/s]
                                                                                                          

Animation 23: FadeOut(VGroup of 8 submobjects):   0%|          | 0/18 [00:00<?, ?it/s]
Animation 23: FadeOut(VGroup of 8 submobjects):  44%|████▍     | 8/18 [00:00<00:00, 77.07it/s]
Animation 23: FadeOut(VGroup of 8 submobjects):  89%|████████▉ | 16/18 [00:00<00:00, 62.31it/s]
                                                                                               

Animation 24: FadeIn(Dot), etc.:   0%|          | 0/24 [00:00<?, ?it/s]
Animation 24: FadeIn(Dot), etc.:  33%|███▎      | 8/24 [00:00<00:00, 78.51it/s]
Animation 24: FadeIn(Dot), etc.:  67%|██████▋   | 16/24 [00:00<00:00, 77.32it/s]
Animation 24: FadeIn(Dot), etc.: 100%|██████████| 24/24 [00:00<00:00, 60.36it/s]
                                                                                

Animation 25: GrowFromEdge(Rectangle), etc.:   0%|          | 0/120 [00:00<?, ?it/s]
Animation 25: GrowFromEdge(Rectangle), etc.:   4%|▍         | 5/120 [00:00<00:02, 46.76it/s]
Animation 25: GrowFromEdge(Rectangle), etc.:   8%|▊         | 10/120 [00:00<00:02, 41.61it/s]
Animation 25: GrowFromEdge(Rectangle), etc.:  12%|█▎        | 15/120 [00:00<00:02, 44.02it/s]
Animation 25: GrowFromEdge(Rectangle), etc.:  18%|█▊        | 21/120 [00:00<00:02, 47.53it/s]
Animation 25: GrowFromEdge(Rectangle), etc.:  22%|██▎       | 27/120 [00:00<00:01, 50.46it/s]
Animation 25: GrowFromEdge(Rectangle), etc.:  28%|██▊       | 33/120 [00:00<00:01, 49.93it/s]
Animation 25: GrowFromEdge(Rectangle), etc.:  32%|███▎      | 39/120 [00:00<00:01, 50.01it/s]
Animation 25: GrowFromEdge(Rectangle), etc.:  38%|███▊      | 45/120 [00:00<00:01, 52.55it/s]
Animation 25: GrowFromEdge(Rectangle), etc.:  42%|████▎     | 51/120 [00:01<00:01, 52.71it/s]
Animation 25: GrowFromEdge(Rectangle), etc.:  48%|████▊     | 57/120 [00:01<00:01, 54.18it/s]
Animation 25: GrowFromEdge(Rectangle), etc.:  52%|█████▎    | 63/120 [00:01<00:01, 52.62it/s]
Animation 25: GrowFromEdge(Rectangle), etc.:  57%|█████▊    | 69/120 [00:01<00:00, 51.25it/s]
Animation 25: GrowFromEdge(Rectangle), etc.:  62%|██████▎   | 75/120 [00:01<00:00, 49.98it/s]
Animation 25: GrowFromEdge(Rectangle), etc.:  68%|██████▊   | 81/120 [00:01<00:00, 50.34it/s]
Animation 25: GrowFromEdge(Rectangle), etc.:  72%|███████▎  | 87/120 [00:01<00:00, 48.54it/s]
Animation 25: GrowFromEdge(Rectangle), etc.:  77%|███████▋  | 92/120 [00:01<00:00, 46.70it/s]
Animation 25: GrowFromEdge(Rectangle), etc.:  81%|████████  | 97/120 [00:01<00:00, 45.48it/s]
Animation 25: GrowFromEdge(Rectangle), etc.:  85%|████████▌ | 102/120 [00:02<00:00, 45.38it/s]
Animation 25: GrowFromEdge(Rectangle), etc.:  89%|████████▉ | 107/120 [00:02<00:00, 44.81it/s]
Animation 25: GrowFromEdge(Rectangle), etc.:  93%|█████████▎| 112/120 [00:02<00:00, 44.04it/s]
Animation 25: GrowFromEdge(Rectangle), etc.:  98%|█████████▊| 117/120 [00:02<00:00, 44.04it/s]
                                                                                              

Animation 27: LaggedStart(Group):   0%|          | 0/101 [00:00<?, ?it/s]
Animation 27: LaggedStart(Group):   9%|▉         | 9/101 [00:00<00:01, 83.63it/s]
Animation 27: LaggedStart(Group):  18%|█▊        | 18/101 [00:00<00:01, 79.90it/s]
Animation 27: LaggedStart(Group):  27%|██▋       | 27/101 [00:00<00:00, 82.84it/s]
Animation 27: LaggedStart(Group):  36%|███▌      | 36/101 [00:00<00:00, 82.36it/s]
Animation 27: LaggedStart(Group):  45%|████▍     | 45/101 [00:00<00:00, 84.64it/s]
Animation 27: LaggedStart(Group):  54%|█████▍    | 55/101 [00:00<00:00, 86.74it/s]
Animation 27: LaggedStart(Group):  63%|██████▎   | 64/101 [00:00<00:00, 81.49it/s]
Animation 27: LaggedStart(Group):  72%|███████▏  | 73/101 [00:00<00:00, 81.89it/s]
Animation 27: LaggedStart(Group):  81%|████████  | 82/101 [00:01<00:00, 64.64it/s]
Animation 27: LaggedStart(Group):  89%|████████▉ | 90/101 [00:01<00:00, 64.39it/s]
Animation 27: LaggedStart(Group):  97%|█████████▋| 98/101 [00:01<00:00, 68.05it/s]
                                                                                  

Animation 28: Indicate(Rectangle):   0%|          | 0/42 [00:00<?, ?it/s]
Animation 28: Indicate(Rectangle):   7%|▋         | 3/42 [00:00<00:01, 28.43it/s]
Animation 28: Indicate(Rectangle):  17%|█▋        | 7/42 [00:00<00:01, 34.76it/s]
Animation 28: Indicate(Rectangle):  29%|██▊       | 12/42 [00:00<00:00, 37.38it/s]
Animation 28: Indicate(Rectangle):  40%|████      | 17/42 [00:00<00:00, 40.79it/s]
Animation 28: Indicate(Rectangle):  52%|█████▏    | 22/42 [00:00<00:00, 43.60it/s]
Animation 28: Indicate(Rectangle):  64%|██████▍   | 27/42 [00:00<00:00, 44.82it/s]
Animation 28: Indicate(Rectangle):  76%|███████▌  | 32/42 [00:00<00:00, 46.35it/s]
Animation 28: Indicate(Rectangle):  88%|████████▊ | 37/42 [00:00<00:00, 45.87it/s]
                                                                                  

Animation 30: FadeOut(VGroup of 7 submobjects), etc.:   0%|          | 0/60 [00:00<?, ?it/s]
Animation 30: FadeOut(VGroup of 7 submobjects), etc.:  10%|█         | 6/60 [00:00<00:01, 48.16it/s]
Animation 30: FadeOut(VGroup of 7 submobjects), etc.:  18%|█▊        | 11/60 [00:00<00:01, 44.54it/s]
Animation 30: FadeOut(VGroup of 7 submobjects), etc.:  27%|██▋       | 16/60 [00:00<00:01, 42.65it/s]
Animation 30: FadeOut(VGroup of 7 submobjects), etc.:  35%|███▌      | 21/60 [00:00<00:00, 42.23it/s]
Animation 30: FadeOut(VGroup of 7 submobjects), etc.:  43%|████▎     | 26/60 [00:00<00:00, 43.33it/s]
Animation 30: FadeOut(VGroup of 7 submobjects), etc.:  52%|█████▏    | 31/60 [00:00<00:00, 42.20it/s]
Animation 30: FadeOut(VGroup of 7 submobjects), etc.:  60%|██████    | 36/60 [00:00<00:00, 35.57it/s]
Animation 30: FadeOut(VGroup of 7 submobjects), etc.:  68%|██████▊   | 41/60 [00:01<00:00, 37.81it/s]
Animation 30: FadeOut(VGroup of 7 submobjects), etc.:  77%|███████▋  | 46/60 [00:01<00:00, 40.81it/s]
Animation 30: FadeOut(VGroup of 7 submobjects), etc.:  85%|████████▌ | 51/60 [00:01<00:00, 39.70it/s]
Animation 30: FadeOut(VGroup of 7 submobjects), etc.:  93%|█████████▎| 56/60 [00:01<00:00, 39.95it/s]
                                                                                                     

Animation 31: Create(VGroup of 3 submobjects):   0%|          | 0/60 [00:00<?, ?it/s]
Animation 31: Create(VGroup of 3 submobjects):  15%|█▌        | 9/60 [00:00<00:00, 77.96it/s]
Animation 31: Create(VGroup of 3 submobjects):  28%|██▊       | 17/60 [00:00<00:00, 77.31it/s]
Animation 31: Create(VGroup of 3 submobjects):  43%|████▎     | 26/60 [00:00<00:00, 79.31it/s]
Animation 31: Create(VGroup of 3 submobjects):  57%|█████▋    | 34/60 [00:00<00:00, 77.95it/s]
Animation 31: Create(VGroup of 3 submobjects):  70%|███████   | 42/60 [00:00<00:00, 78.20it/s]
Animation 31: Create(VGroup of 3 submobjects):  97%|█████████▋| 58/60 [00:00<00:00, 102.77it/s]
                                                                                               

Animation 32: FadeIn(Dot), etc.:   0%|          | 0/60 [00:00<?, ?it/s]
Animation 32: FadeIn(Dot), etc.:   8%|▊         | 5/60 [00:00<00:01, 44.93it/s]
Animation 32: FadeIn(Dot), etc.:  17%|█▋        | 10/60 [00:00<00:01, 46.02it/s]
Animation 32: FadeIn(Dot), etc.:  25%|██▌       | 15/60 [00:00<00:00, 47.02it/s]
Animation 32: FadeIn(Dot), etc.:  33%|███▎      | 20/60 [00:00<00:00, 47.96it/s]
Animation 32: FadeIn(Dot), etc.:  42%|████▏     | 25/60 [00:00<00:00, 46.59it/s]
Animation 32: FadeIn(Dot), etc.:  50%|█████     | 30/60 [00:00<00:00, 46.13it/s]
Animation 32: FadeIn(Dot), etc.:  58%|█████▊    | 35/60 [00:00<00:00, 46.17it/s]
Animation 32: FadeIn(Dot), etc.:  67%|██████▋   | 40/60 [00:00<00:00, 43.73it/s]
Animation 32: FadeIn(Dot), etc.:  75%|███████▌  | 45/60 [00:01<00:00, 41.71it/s]
Animation 32: FadeIn(Dot), etc.:  83%|████████▎ | 50/60 [00:01<00:00, 41.36it/s]
Animation 32: FadeIn(Dot), etc.:  92%|█████████▏| 55/60 [00:01<00:00, 42.14it/s]
Animation 32: FadeIn(Dot), etc.: 100%|██████████| 60/60 [00:01<00:00, 43.39it/s]
                                                                                

Animation 34: FadeIn(Text('freed: 0')), etc.:   0%|          | 0/59 [00:00<?, ?it/s]
Animation 34: FadeIn(Text('freed: 0')), etc.:  12%|█▏        | 7/59 [00:00<00:00, 59.41it/s]
Animation 34: FadeIn(Text('freed: 0')), etc.:  24%|██▎       | 14/59 [00:00<00:00, 61.39it/s]
Animation 34: FadeIn(Text('freed: 0')), etc.:  36%|███▌      | 21/59 [00:00<00:00, 56.48it/s]
Animation 34: FadeIn(Text('freed: 0')), etc.:  47%|████▋     | 28/59 [00:00<00:00, 59.82it/s]
Animation 34: FadeIn(Text('freed: 0')), etc.:  59%|█████▉    | 35/59 [00:00<00:00, 61.21it/s]
Animation 34: FadeIn(Text('freed: 0')), etc.:  73%|███████▎  | 43/59 [00:00<00:00, 64.17it/s]
Animation 34: FadeIn(Text('freed: 0')), etc.:  85%|████████▍ | 50/59 [00:00<00:00, 63.60it/s]
Animation 34: FadeIn(Text('freed: 0')), etc.:  97%|█████████▋| 57/59 [00:00<00:00, 62.57it/s]
                                                                                             

Animation 35: _MethodAnimation(VGroup of 6 submobjects), etc.:   0%|          | 0/59 [00:00<?, ?it/s]
Animation 35: _MethodAnimation(VGroup of 6 submobjects), etc.:   7%|▋         | 4/59 [00:00<00:01, 39.41it/s]
Animation 35: _MethodAnimation(VGroup of 6 submobjects), etc.:  14%|█▎        | 8/59 [00:00<00:01, 36.44it/s]
Animation 35: _MethodAnimation(VGroup of 6 submobjects), etc.:  22%|██▏       | 13/59 [00:00<00:01, 38.76it/s]
Animation 35: _MethodAnimation(VGroup of 6 submobjects), etc.:  31%|███       | 18/59 [00:00<00:01, 40.03it/s]
Animation 35: _MethodAnimation(VGroup of 6 submobjects), etc.:  39%|███▉      | 23/59 [00:00<00:00, 39.77it/s]
Animation 35: _MethodAnimation(VGroup of 6 submobjects), etc.:  47%|████▋     | 28/59 [00:00<00:00, 40.57it/s]
Animation 35: _MethodAnimation(VGroup of 6 submobjects), etc.:  56%|█████▌    | 33/59 [00:00<00:00, 40.47it/s]
Animation 35: _MethodAnimation(VGroup of 6 submobjects), etc.:  64%|██████▍   | 38/59 [00:00<00:00, 41.83it/s]
Animation 35: _MethodAnimation(VGroup of 6 submobjects), etc.:  73%|███████▎  | 43/59 [00:01<00:00, 41.37it/s]
Animation 35: _MethodAnimation(VGroup of 6 submobjects), etc.:  81%|████████▏ | 48/59 [00:01<00:00, 40.94it/s]
Animation 35: _MethodAnimation(VGroup of 6 submobjects), etc.:  90%|████████▉ | 53/59 [00:01<00:00, 41.51it/s]
Animation 35: _MethodAnimation(VGroup of 6 submobjects), etc.:  98%|█████████▊| 58/59 [00:01<00:00, 42.59it/s]
                                                                                                              

Animation 36: _MethodAnimation(Dot):   0%|          | 0/24 [00:00<?, ?it/s]
Animation 36: _MethodAnimation(Dot):  21%|██        | 5/24 [00:00<00:00, 42.45it/s]
Animation 36: _MethodAnimation(Dot):  42%|████▏     | 10/24 [00:00<00:00, 42.13it/s]
Animation 36: _MethodAnimation(Dot):  62%|██████▎   | 15/24 [00:00<00:00, 39.83it/s]
Animation 36: _MethodAnimation(Dot):  79%|███████▉  | 19/24 [00:00<00:00, 39.10it/s]
Animation 36: _MethodAnimation(Dot): 100%|██████████| 24/24 [00:00<00:00, 40.43it/s]
                                                                                    

Animation 37: Indicate(Text('freed: 0')):   0%|          | 0/30 [00:00<?, ?it/s]
Animation 37: Indicate(Text('freed: 0')):  23%|██▎       | 7/30 [00:00<00:00, 69.48it/s]
Animation 37: Indicate(Text('freed: 0')):  47%|████▋     | 14/30 [00:00<00:00, 57.47it/s]
Animation 37: Indicate(Text('freed: 0')):  70%|███████   | 21/30 [00:00<00:00, 61.37it/s]
Animation 37: Indicate(Text('freed: 0')):  93%|█████████▎| 28/30 [00:00<00:00, 56.44it/s]
                                                                                         

Animation 39: _MethodAnimation(Dot):   0%|          | 0/60 [00:00<?, ?it/s]
Animation 39: _MethodAnimation(Dot):  15%|█▌        | 9/60 [00:00<00:00, 82.67it/s]
Animation 39: _MethodAnimation(Dot):  30%|███       | 18/60 [00:00<00:00, 65.34it/s]
Animation 39: _MethodAnimation(Dot):  43%|████▎     | 26/60 [00:00<00:00, 67.38it/s]
Animation 39: _MethodAnimation(Dot):  57%|█████▋    | 34/60 [00:00<00:00, 68.70it/s]
Animation 39: _MethodAnimation(Dot):  72%|███████▏  | 43/60 [00:00<00:00, 73.83it/s]
Animation 39: _MethodAnimation(Dot):  93%|█████████▎| 56/60 [00:00<00:00, 88.54it/s]
                                                                                    

Animation 40: _MethodAnimation(Dot):   0%|          | 0/48 [00:00<?, ?it/s]
Animation 40: _MethodAnimation(Dot):   8%|▊         | 4/48 [00:00<00:01, 37.90it/s]
Animation 40: _MethodAnimation(Dot):  19%|█▉        | 9/48 [00:00<00:00, 39.07it/s]
Animation 40: _MethodAnimation(Dot):  27%|██▋       | 13/48 [00:00<00:00, 38.46it/s]
Animation 40: _MethodAnimation(Dot):  35%|███▌      | 17/48 [00:00<00:00, 38.16it/s]
Animation 40: _MethodAnimation(Dot):  46%|████▌     | 22/48 [00:00<00:00, 39.32it/s]
Animation 40: _MethodAnimation(Dot):  56%|█████▋    | 27/48 [00:00<00:00, 39.96it/s]
Animation 40: _MethodAnimation(Dot):  65%|██████▍   | 31/48 [00:00<00:00, 39.95it/s]
Animation 40: _MethodAnimation(Dot):  73%|███████▎  | 35/48 [00:00<00:00, 39.38it/s]
Animation 40: _MethodAnimation(Dot):  81%|████████▏ | 39/48 [00:00<00:00, 39.34it/s]
Animation 40: _MethodAnimation(Dot):  90%|████████▉ | 43/48 [00:01<00:00, 37.99it/s]
Animation 40: _MethodAnimation(Dot):  98%|█████████▊| 47/48 [00:01<00:00, 33.78it/s]
                                                                                    

Animation 41: _MethodAnimation(Dot):   0%|          | 0/48 [00:00<?, ?it/s]
Animation 41: _MethodAnimation(Dot):  10%|█         | 5/48 [00:00<00:01, 41.85it/s]
Animation 41: _MethodAnimation(Dot):  21%|██        | 10/48 [00:00<00:00, 39.19it/s]
Animation 41: _MethodAnimation(Dot):  29%|██▉       | 14/48 [00:00<00:00, 38.72it/s]
Animation 41: _MethodAnimation(Dot):  38%|███▊      | 18/48 [00:00<00:01, 29.84it/s]
Animation 41: _MethodAnimation(Dot):  46%|████▌     | 22/48 [00:00<00:00, 32.46it/s]
Animation 41: _MethodAnimation(Dot):  56%|█████▋    | 27/48 [00:00<00:00, 35.57it/s]
Animation 41: _MethodAnimation(Dot):  67%|██████▋   | 32/48 [00:00<00:00, 37.85it/s]
Animation 41: _MethodAnimation(Dot):  77%|███████▋  | 37/48 [00:01<00:00, 39.06it/s]
Animation 41: _MethodAnimation(Dot):  88%|████████▊ | 42/48 [00:01<00:00, 41.18it/s]
Animation 41: _MethodAnimation(Dot):  98%|█████████▊| 47/48 [00:01<00:00, 40.58it/s]
                                                                                    

Animation 42: Transform(Text('freed: 0')):   0%|          | 0/24 [00:00<?, ?it/s]
Animation 42: Transform(Text('freed: 0')):  25%|██▌       | 6/24 [00:00<00:00, 52.93it/s]
Animation 42: Transform(Text('freed: 0')):  50%|█████     | 12/24 [00:00<00:00, 52.79it/s]
Animation 42: Transform(Text('freed: 0')):  75%|███████▌  | 18/24 [00:00<00:00, 55.57it/s]
Animation 42: Transform(Text('freed: 0')): 100%|██████████| 24/24 [00:00<00:00, 54.11it/s]
                                                                                          

Animation 44: Write(MathTex('E = h\\nu')):   0%|          | 0/120 [00:00<?, ?it/s]
Animation 44: Write(MathTex('E = h\\nu')):   7%|▋         | 8/120 [00:00<00:01, 78.11it/s]
Animation 44: Write(MathTex('E = h\\nu')):  13%|█▎        | 16/120 [00:00<00:01, 62.38it/s]
Animation 44: Write(MathTex('E = h\\nu')):  20%|██        | 24/120 [00:00<00:01, 66.55it/s]
Animation 44: Write(MathTex('E = h\\nu')):  26%|██▌       | 31/120 [00:00<00:01, 67.10it/s]
Animation 44: Write(MathTex('E = h\\nu')):  32%|███▏      | 38/120 [00:00<00:01, 66.24it/s]
Animation 44: Write(MathTex('E = h\\nu')):  39%|███▉      | 47/120 [00:00<00:01, 72.22it/s]
Animation 44: Write(MathTex('E = h\\nu')):  46%|████▌     | 55/120 [00:00<00:00, 70.24it/s]
Animation 44: Write(MathTex('E = h\\nu')):  52%|█████▎    | 63/120 [00:00<00:00, 64.64it/s]
Animation 44: Write(MathTex('E = h\\nu')):  58%|█████▊    | 70/120 [00:01<00:00, 58.32it/s]
Animation 44: Write(MathTex('E = h\\nu')):  64%|██████▍   | 77/120 [00:01<00:00, 59.10it/s]
Animation 44: Write(MathTex('E = h\\nu')):  70%|███████   | 84/120 [00:01<00:00, 57.95it/s]
Animation 44: Write(MathTex('E = h\\nu')):  75%|███████▌  | 90/120 [00:01<00:00, 58.12it/s]
Animation 44: Write(MathTex('E = h\\nu')):  80%|████████  | 96/120 [00:01<00:00, 57.62it/s]
Animation 44: Write(MathTex('E = h\\nu')):  85%|████████▌ | 102/120 [00:01<00:00, 57.78it/s]
Animation 44: Write(MathTex('E = h\\nu')):  90%|█████████ | 108/120 [00:01<00:00, 57.00it/s]
Animation 44: Write(MathTex('E = h\\nu')):  95%|█████████▌| 114/120 [00:01<00:00, 57.20it/s]
                                                                                            

Animation 45: FadeIn(Text('photon')):   0%|          | 0/30 [00:00<?, ?it/s]
Animation 45: FadeIn(Text('photon')):  23%|██▎       | 7/30 [00:00<00:00, 57.44it/s]
Animation 45: FadeIn(Text('photon')):  43%|████▎     | 13/30 [00:00<00:00, 58.28it/s]
Animation 45: FadeIn(Text('photon')):  63%|██████▎   | 19/30 [00:00<00:00, 57.49it/s]
Animation 45: FadeIn(Text('photon')):  87%|████████▋ | 26/30 [00:00<00:00, 59.06it/s]
                                                                                     

Animation 47: FadeOut(Text('escape cost')), etc.:   0%|          | 0/60 [00:00<?, ?it/s]
Animation 47: FadeOut(Text('escape cost')), etc.:   7%|▋         | 4/60 [00:00<00:01, 31.45it/s]
Animation 47: FadeOut(Text('escape cost')), etc.:  13%|█▎        | 8/60 [00:00<00:01, 31.50it/s]
Animation 47: FadeOut(Text('escape cost')), etc.:  20%|██        | 12/60 [00:00<00:01, 33.87it/s]
Animation 47: FadeOut(Text('escape cost')), etc.:  27%|██▋       | 16/60 [00:00<00:01, 34.58it/s]
Animation 47: FadeOut(Text('escape cost')), etc.:  33%|███▎      | 20/60 [00:00<00:01, 35.76it/s]
Animation 47: FadeOut(Text('escape cost')), etc.:  40%|████      | 24/60 [00:00<00:00, 37.00it/s]
Animation 47: FadeOut(Text('escape cost')), etc.:  47%|████▋     | 28/60 [00:00<00:00, 37.79it/s]
Animation 47: FadeOut(Text('escape cost')), etc.:  55%|█████▌    | 33/60 [00:00<00:00, 39.97it/s]
Animation 47: FadeOut(Text('escape cost')), etc.:  63%|██████▎   | 38/60 [00:01<00:00, 41.16it/s]
Animation 47: FadeOut(Text('escape cost')), etc.:  72%|███████▏  | 43/60 [00:01<00:00, 41.61it/s]
Animation 47: FadeOut(Text('escape cost')), etc.:  80%|████████  | 48/60 [00:01<00:00, 39.93it/s]
Animation 47: FadeOut(Text('escape cost')), etc.:  88%|████████▊ | 53/60 [00:01<00:00, 39.15it/s]
Animation 47: FadeOut(Text('escape cost')), etc.:  95%|█████████▌| 57/60 [00:01<00:00, 38.97it/s]
                                                                                                 

Animation 48: FadeIn(VGroup of 6 submobjects), etc.:   0%|          | 0/60 [00:00<?, ?it/s]
Animation 48: FadeIn(VGroup of 6 submobjects), etc.:  15%|█▌        | 9/60 [00:00<00:00, 89.38it/s]
Animation 48: FadeIn(VGroup of 6 submobjects), etc.:  30%|███       | 18/60 [00:00<00:00, 58.04it/s]
Animation 48: FadeIn(VGroup of 6 submobjects), etc.:  42%|████▏     | 25/60 [00:00<00:00, 60.54it/s]
Animation 48: FadeIn(VGroup of 6 submobjects), etc.:  53%|█████▎    | 32/60 [00:00<00:00, 61.23it/s]
Animation 48: FadeIn(VGroup of 6 submobjects), etc.:  65%|██████▌   | 39/60 [00:00<00:00, 63.37it/s]
Animation 48: FadeIn(VGroup of 6 submobjects), etc.:  80%|████████  | 48/60 [00:00<00:00, 69.02it/s]
Animation 48: FadeIn(VGroup of 6 submobjects), etc.:  93%|█████████▎| 56/60 [00:00<00:00, 65.51it/s]
                                                                                                    

Animation 49: _MethodAnimation(VGroup of 6 submobjects), etc.:   0%|          | 0/71 [00:00<?, ?it/s]
Animation 49: _MethodAnimation(VGroup of 6 submobjects), etc.:   8%|▊         | 6/71 [00:00<00:01, 54.92it/s]
Animation 49: _MethodAnimation(VGroup of 6 submobjects), etc.:  17%|█▋        | 12/71 [00:00<00:01, 53.73it/s]
Animation 49: _MethodAnimation(VGroup of 6 submobjects), etc.:  27%|██▋       | 19/71 [00:00<00:00, 59.64it/s]
Animation 49: _MethodAnimation(VGroup of 6 submobjects), etc.:  37%|███▋      | 26/71 [00:00<00:00, 62.32it/s]
Animation 49: _MethodAnimation(VGroup of 6 submobjects), etc.:  46%|████▋     | 33/71 [00:00<00:00, 59.58it/s]
Animation 49: _MethodAnimation(VGroup of 6 submobjects), etc.:  56%|█████▋    | 40/71 [00:00<00:00, 61.11it/s]
Animation 49: _MethodAnimation(VGroup of 6 submobjects), etc.:  70%|███████   | 50/71 [00:00<00:00, 70.89it/s]
Animation 49: _MethodAnimation(VGroup of 6 submobjects), etc.:  82%|████████▏ | 58/71 [00:00<00:00, 65.84it/s]
Animation 49: _MethodAnimation(VGroup of 6 submobjects), etc.:  92%|█████████▏| 65/71 [00:01<00:00, 63.40it/s]
                                                                                                              

Animation 51: FadeOut(VGroup of 2 submobjects):   0%|          | 0/18 [00:00<?, ?it/s]
Animation 51: FadeOut(VGroup of 2 submobjects):  28%|██▊       | 5/18 [00:00<00:00, 41.98it/s]
Animation 51: FadeOut(VGroup of 2 submobjects):  56%|█████▌    | 10/18 [00:00<00:00, 45.25it/s]
Animation 51: FadeOut(VGroup of 2 submobjects):  83%|████████▎ | 15/18 [00:00<00:00, 46.20it/s]
                                                                                               

Animation 52: FadeIn(VGroup of 1 submobjects):   0%|          | 0/30 [00:00<?, ?it/s]
Animation 52: FadeIn(VGroup of 1 submobjects):  10%|█         | 3/30 [00:00<00:00, 29.13it/s]
Animation 52: FadeIn(VGroup of 1 submobjects):  20%|██        | 6/30 [00:00<00:00, 26.74it/s]
Animation 52: FadeIn(VGroup of 1 submobjects):  30%|███       | 9/30 [00:00<00:00, 26.09it/s]
Animation 52: FadeIn(VGroup of 1 submobjects):  40%|████      | 12/30 [00:00<00:00, 26.33it/s]
Animation 52: FadeIn(VGroup of 1 submobjects):  50%|█████     | 15/30 [00:00<00:00, 26.70it/s]
Animation 52: FadeIn(VGroup of 1 submobjects):  60%|██████    | 18/30 [00:00<00:00, 27.42it/s]
Animation 52: FadeIn(VGroup of 1 submobjects):  70%|███████   | 21/30 [00:00<00:00, 27.15it/s]
Animation 52: FadeIn(VGroup of 1 submobjects):  80%|████████  | 24/30 [00:00<00:00, 26.74it/s]
Animation 52: FadeIn(VGroup of 1 submobjects):  90%|█████████ | 27/30 [00:00<00:00, 27.31it/s]
Animation 52: FadeIn(VGroup of 1 submobjects): 100%|██████████| 30/30 [00:01<00:00, 27.56it/s]
                                                                                              


===== STEP: SHORT: assemble 16:9 → dim-blue-beats-blinding-red-short-bb.mp4
$ /Users/nik/ai/bin/python3 /Users/nik/Documents/Cowork/quantum-mechanics-vol1/youtube/scripts/assemble.py /Users/nik/Documents/Cowork/quantum-mechanics-vol1/youtube/dim-blue-beats-blinding-red-bb/short --mode manim
cwd: /Users/nik/Documents/Cowork/Manim
exit: 0
[ffmpeg] ffmpeg -y -f concat -safe 0 -i /Users/nik/Documents/Cowork/quantum-mechanics-vol1/youtube/dim-blue-beats-blinding-red-bb/short/mp3/_concat.txt -c:a aac -b:a 192k /Users/nik/Documents/Cowork/quantum-mechanics-vol1/youtube/dim-blue-beats-blinding-red-bb/short/mp4/_voiceover.m4a
[ffmpeg] ffmpeg -y -i /Users/nik/Documents/Cowork/quantum-mechanics-vol1/youtube/dim-blue-beats-blinding-red-bb/short/media/videos/dim_blue_beats_blinding_red_short_bb/1080p60/BearsDoodlesVideo.mp4 -i /Users/nik/Documents/Cowork/quantum-mechanics-vol1/youtube/dim-blue-beats-blinding-red-bb/short/mp4/_voiceover.m4a -filter_complex [0:v]tpad=stop_mode=clone:stop_duration=1.0[v] -map [v] -map 1:a:0 -c:v libx264 -pix_fmt yuv420p -crf 18 -preset medium -c:a aac -b:a 192k /Users/nik/Documents/Cowork/quantum-mechanics-vol1/youtube/dim-blue-beats-blinding-red-bb/short/mp4/dim-blue-beats-blinding-red-short-bb.mp4
[ok] final → /Users/nik/Documents/Cowork/quantum-mechanics-vol1/youtube/dim-blue-beats-blinding-red-bb/short/mp4/dim-blue-beats-blinding-red-short-bb.mp4
ffmpeg version 7.0 Copyright (c) 2000-2024 the FFmpeg developers
  built with Apple clang version 15.0.0 (clang-1500.1.0.2.5)
  configuration: --prefix=/usr/local/Cellar/ffmpeg/7.0 --enable-shared --enable-pthreads --enable-version3 --cc=clang --host-cflags= --host-ldflags='-Wl,-ld_classic' --enable-ffplay --enable-gnutls --enable-gpl --enable-libaom --enable-libaribb24 --enable-libbluray --enable-libdav1d --enable-libharfbuzz --enable-libjxl --enable-libmp3lame --enable-libopus --enable-librav1e --enable-librist --enable-librubberband --enable-libsnappy --enable-libsrt --enable-libssh --enable-libsvtav1 --enable-libtesseract --enable-libtheora --enable-libvidstab --enable-libvmaf --enable-libvorbis --enable-libvpx --enable-libwebp --enable-libx264 --enable-libx265 --enable-libxml2 --enable-libxvid --enable-lzma --enable-libfontconfig --enable-libfreetype --enable-frei0r --enable-libass --enable-libopencore-amrnb --enable-libopencore-amrwb --enable-libopenjpeg --enable-libopenvino --enable-libspeex --enable-libsoxr --enable-libzmq --enable-libzimg --disable-libjack --disable-indev=jack --enable-videotoolbox --enable-audiotoolbox
  libavutil      59.  8.100 / 59.  8.100
  libavcodec     61.  3.100 / 61.  3.100
  libavformat    61.  1.100 / 61.  1.100
  libavdevice    61.  1.100 / 61.  1.100
  libavfilter    10.  1.100 / 10.  1.100
  libswscale      8.  1.100 /  8.  1.100
  libswresample   5.  1.100 /  5.  1.100
  libpostproc    58.  1.100 / 58.  1.100
Input #0, concat, from '/Users/nik/Documents/Cowork/quantum-mechanics-vol1/youtube/dim-blue-beats-blinding-red-bb/short/mp3/_concat.txt':
  Duration: N/A, start: -0.025057, bitrate: 128 kb/s
  Stream #0:0: Audio: mp3 (mp3float), 44100 Hz, mono, fltp, 128 kb/s
Stream mapping:
  Stream #0:0 -> #0:0 (mp3 (mp3float) -> aac (native))
Press [q] to stop, [?] for help
Output #0, ipod, to '/Users/nik/Documents/Cowork/quantum-mechanics-vol1/youtube/dim-blue-beats-blinding-red-bb/short/mp4/_voiceover.m4a':
  Metadata:
    encoder         : Lavf61.1.100
  Stream #0:0: Audio: aac (LC) (mp4a / 0x6134706D), 44100 Hz, mono, fltp, 192 kb/s
      Metadata:
        encoder         : Lavc61.3.100 aac
size=     256KiB time=00:00:15.54 bitrate= 135.0kbits/s speed=30.9x    
size=     768KiB time=00:00:32.46 bitrate= 193.8kbits/s speed=32.2x    
size=    1024KiB time=00:00:51.70 bitrate= 162.2kbits/s speed=34.2x    
[out#0/ipod @ 0x7fca3df040c0] video:0KiB audio:1484KiB subtitle:0KiB other streams:0KiB global headers:0KiB muxing overhead: 0.772685%
size=    1495KiB time=00:01:02.75 bitrate= 195.2kbits/s speed=32.6x    
[aac @ 0x7fca3db052c0] Qavg: 54724.895
ffmpeg version 7.0 Copyright (c) 2000-2024 the FFmpeg developers
  built with Apple clang version 15.0.0 (clang-1500.1.0.2.5)
  configuration: --prefix=/usr/local/Cellar/ffmpeg/7.0 --enable-shared --enable-pthreads --enable-version3 --cc=clang --host-cflags= --host-ldflags='-Wl,-ld_classic' --enable-ffplay --enable-gnutls --enable-gpl --enable-libaom --enable-libaribb24 --enable-libbluray --enable-libdav1d --enable-libharfbuzz --enable-libjxl --enable-libmp3lame --enable-libopus --enable-librav1e --enable-librist --enable-librubberband --enable-libsnappy --enable-libsrt --enable-libssh --enable-libsvtav1 --enable-libtesseract --enable-libtheora --enable-libvidstab --enable-libvmaf --enable-libvorbis --enable-libvpx --enable-libwebp --enable-libx264 --enable-libx265 --enable-libxml2 --enable-libxvid --enable-lzma --enable-libfontconfig --enable-libfreetype --enable-frei0r --enable-libass --enable-libopencore-amrnb --enable-libopencore-amrwb --enable-libopenjpeg --enable-libopenvino --enable-libspeex --enable-libsoxr --enable-libzmq --enable-libzimg --disable-libjack --disable-indev=jack --enable-videotoolbox --enable-audiotoolbox
  libavutil      59.  8.100 / 59.  8.100
  libavcodec     61.  3.100 / 61.  3.100
  libavformat    61.  1.100 / 61.  1.100
  libavdevice    61.  1.100 / 61.  1.100
  libavfilter    10.  1.100 / 10.  1.100
  libswscale      8.  1.100 /  8.  1.100
  libswresample   5.  1.100 /  5.  1.100
  libpostproc    58.  1.100 / 58.  1.100
Input #0, mov,mp4,m4a,3gp,3g2,mj2, from '/Users/nik/Documents/Cowork/quantum-mechanics-vol1/youtube/dim-blue-beats-blinding-red-bb/short/media/videos/dim_blue_beats_blinding_red_short_bb/1080p60/BearsDoodlesVideo.mp4':
  Metadata:
    major_brand     : isom
    minor_version   : 512
    compatible_brands: isomiso2avc1mp41
    encoder         : Lavf62.12.101
    comment         : Rendered with Manim Community v0.20.1
  Duration: 00:01:03.53, start: 0.000000, bitrate: 308 kb/s
  Stream #0:0[0x1](und): Video: h264 (High) (avc1 / 0x31637661), yuv420p(progressive), 1920x1080, 302 kb/s, 60 fps, 60 tbr, 15360 tbn (default)
      Metadata:
        handler_name    : VideoHandler
        vendor_id       : [0][0][0][0]
Input #1, mov,mp4,m4a,3gp,3g2,mj2, from '/Users/nik/Documents/Cowork/quantum-mechanics-vol1/youtube/dim-blue-beats-blinding-red-bb/short/mp4/_voiceover.m4a':
  Metadata:
    major_brand     : M4A 
    minor_version   : 512
    compatible_brands: M4A isomiso2
    encoder         : Lavf61.1.100
  Duration: 00:01:02.75, start: 0.000998, bitrate: 195 kb/s
  Stream #1:0[0x1](und): Audio: aac (LC) (mp4a / 0x6134706D), 44100 Hz, mono, fltp, 193 kb/s (default)
      Metadata:
        handler_name    : SoundHandler
        vendor_id       : [0][0][0][0]
Stream mapping:
  Stream #0:0 (h264) -> tpad:default (graph 0)
  tpad:default (graph 0) -> Stream #0:0 (libx264)
  Stream #1:0 -> #0:1 (aac (native) -> aac (native))
Press [q] to stop, [?] for help
[libx264 @ 0x7fd6af806f40] using cpu capabilities: MMX2 SSE2Fast SSSE3 SSE4.2 AVX FMA3 BMI2 AVX2
[libx264 @ 0x7fd6af806f40] profile High, level 4.2, 4:2:0, 8-bit
[libx264 @ 0x7fd6af806f40] 264 - core 164 r3108 31e19f9 - H.264/MPEG-4 AVC codec - Copyleft 2003-2023 - http://www.videolan.org/x264.html - options: cabac=1 ref=3 deblock=1:0:0 analyse=0x3:0x113 me=hex subme=7 psy=1 psy_rd=1.00:0.00 mixed_ref=1 me_range=16 chroma_me=1 trellis=1 8x8dct=1 cqm=0 deadzone=21,11 fast_pskip=1 chroma_qp_offset=-2 threads=24 lookahead_threads=4 sliced_threads=0 nr=0 decimate=1 interlaced=0 bluray_compat=0 constrained_intra=0 bframes=3 b_pyramid=2 b_adapt=1 b_bias=0 direct=1 weightb=1 open_gop=0 weightp=2 keyint=250 keyint_min=25 scenecut=40 intra_refresh=0 rc_lookahead=40 rc=crf mbtree=1 crf=18.0 qcomp=0.60 qpmin=0 qpmax=69 qpstep=4 ip_ratio=1.40 aq=1:1.00
Output #0, mp4, to '/Users/nik/Documents/Cowork/quantum-mechanics-vol1/youtube/dim-blue-beats-blinding-red-bb/short/mp4/dim-blue-beats-blinding-red-short-bb.mp4':
  Metadata:
    major_brand     : isom
    minor_version   : 512
    compatible_brands: isomiso2avc1mp41
    comment         : Rendered with Manim Community v0.20.1
    encoder         : Lavf61.1.100
  Stream #0:0: Video: h264 (avc1 / 0x31637661), yuv420p(progressive), 1920x1080, q=2-31, 60 fps, 15360 tbn
      Metadata:
        encoder         : Lavc61.3.100 libx264
      Side data:
        cpb: bitrate max/min/avg: 0/0/0 buffer size: 0 vbv_delay: N/A
  Stream #0:1(und): Audio: aac (LC) (mp4a / 0x6134706D), 44100 Hz, mono, fltp, 192 kb/s (default)
      Metadata:
        handler_name    : SoundHandler
        vendor_id       : [0][0][0][0]
        encoder         : Lavc61.3.100 aac
frame=    0 fps=0.0 q=0.0 size=       0KiB time=N/A bitrate=N/A speed=N/A    
frame=  106 fps=105 q=26.0 size=       0KiB time=00:00:01.73 bitrate=   0.2kbits/s speed=1.72x    
frame=  182 fps=121 q=26.0 size=       0KiB time=00:00:03.00 bitrate=   0.1kbits/s speed=1.99x    
frame=  274 fps=136 q=26.0 size=     256KiB time=00:00:04.53 bitrate= 462.7kbits/s speed=2.25x    
frame=  396 fps=157 q=26.0 size=     256KiB time=00:00:06.56 bitrate= 319.4kbits/s speed=2.61x    
frame=  523 fps=173 q=26.0 size=     256KiB time=00:00:08.68 bitrate= 241.6kbits/s speed=2.88x    
frame=  642 fps=182 q=26.0 size=     512KiB time=00:00:10.66 bitrate= 393.3kbits/s speed=3.03x    
frame=  754 fps=187 q=26.0 size=     512KiB time=00:00:12.53 bitrate= 334.7kbits/s speed=3.12x    
frame=  864 fps=191 q=26.0 size=    1024KiB time=00:00:14.36 bitrate= 583.9kbits/s speed=3.17x    
frame=  969 fps=193 q=26.0 size=    1024KiB time=00:00:16.11 bitrate= 520.5kbits/s speed= 3.2x    
frame= 1069 fps=193 q=26.0 size=    1280KiB time=00:00:17.78 bitrate= 589.7kbits/s speed=3.21x    
frame= 1199 fps=199 q=26.0 size=    1280KiB time=00:00:19.95 bitrate= 525.6kbits/s speed= 3.3x    
frame= 1280 fps=196 q=26.0 size=    1280KiB time=00:00:21.30 bitrate= 492.3kbits/s speed=3.26x    
frame= 1408 fps=200 q=26.0 size=    1280KiB time=00:00:23.43 bitrate= 447.5kbits/s speed=3.33x    
frame= 1553 fps=206 q=26.0 size=    1536KiB time=00:00:25.85 bitrate= 486.8kbits/s speed=3.42x    
frame= 1690 fps=210 q=26.0 size=    1536KiB time=00:00:28.13 bitrate= 447.3kbits/s speed=3.49x    
frame= 1788 fps=209 q=26.0 size=    1536KiB time=00:00:29.76 bitrate= 422.7kbits/s speed=3.48x    
frame= 1905 fps=210 q=26.0 size=    1792KiB time=00:00:31.71 bitrate= 462.9kbits/s speed= 3.5x    
frame= 2030 fps=212 q=26.0 size=    1792KiB time=00:00:33.80 bitrate= 434.3kbits/s speed=3.54x    
frame= 2147 fps=213 q=26.0 size=    1792KiB time=00:00:35.75 bitrate= 410.6kbits/s speed=3.55x    
frame= 2283 fps=216 q=26.0 size=    1792KiB time=00:00:38.01 bitrate= 386.2kbits/s speed= 3.6x    
frame= 2370 fps=214 q=26.0 size=    2048KiB time=00:00:39.46 bitrate= 425.1kbits/s speed=3.56x    
frame= 2502 fps=216 q=26.0 size=    2048KiB time=00:00:41.66 bitrate= 402.7kbits/s speed= 3.6x    
frame= 2646 fps=219 q=26.0 size=    2048KiB time=00:00:44.06 bitrate= 380.7kbits/s speed=3.65x    
frame= 2787 fps=221 q=26.0 size=    2304KiB time=00:00:46.41 bitrate= 406.6kbits/s speed=3.69x    
frame= 2939 fps=225 q=26.0 size=    2304KiB time=00:00:48.95 bitrate= 385.6kbits/s speed=3.74x    
frame= 3072 fps=226 q=26.0 size=    2304KiB time=00:00:51.16 bitrate= 368.9kbits/s speed=3.76x    
frame= 3208 fps=228 q=26.0 size=    2560KiB time=00:00:53.43 bitrate= 392.5kbits/s speed=3.79x    
frame= 3345 fps=229 q=26.0 size=    2560KiB time=00:00:55.71 bitrate= 376.4kbits/s speed=3.82x    
frame= 3487 fps=231 q=26.0 size=    2560KiB time=00:00:58.08 bitrate= 361.1kbits/s speed=3.85x    
frame= 3631 fps=233 q=26.0 size=    2816KiB time=00:01:00.48 bitrate= 381.4kbits/s speed=3.88x    
frame= 3793 fps=235 q=26.0 size=    2816KiB time=00:01:03.18 bitrate= 365.1kbits/s speed=3.92x    
[out#0/mp4 @ 0x7fd6af805240] video:1476KiB audio:1472KiB subtitle:0KiB other streams:0KiB global headers:0KiB muxing overhead: 3.492366%
frame= 3872 fps=239 q=-1.0 Lsize=    3051KiB time=00:01:02.75 bitrate= 398.3kbits/s speed=3.87x    
[libx264 @ 0x7fd6af806f40] frame I:16    Avg QP: 6.43  size: 10145
[libx264 @ 0x7fd6af806f40] frame P:1010  Avg QP:11.82  size:   855
[libx264 @ 0x7fd6af806f40] frame B:2846  Avg QP:13.52  size:   171
[libx264 @ 0x7fd6af806f40] consecutive B-frames:  1.3%  1.5%  1.9% 95.2%
[libx264 @ 0x7fd6af806f40] mb I  I16..4: 78.7% 18.5%  2.7%
[libx264 @ 0x7fd6af806f40] mb P  I16..4:  0.3%  0.2%  0.1%  P16..4:  0.6%  0.1%  0.1%  0.0%  0.0%    skip:98.6%
[libx264 @ 0x7fd6af806f40] mb B  I16..4:  0.0%  0.0%  0.0%  B16..8:  0.5%  0.0%  0.0%  direct: 0.0%  skip:99.4%  L0:48.7% L1:44.3% BI: 7.0%
[libx264 @ 0x7fd6af806f40] 8x8 transform intra:21.5% inter:36.9%
[libx264 @ 0x7fd6af806f40] coded y,uvDC,uvAC intra: 4.4% 5.0% 3.1% inter: 0.1% 0.1% 0.0%
[libx264 @ 0x7fd6af806f40] i16 v,h,dc,p: 94%  4%  2%  0%
[libx264 @ 0x7fd6af806f40] i8 v,h,dc,ddl,ddr,vr,hd,vl,hu: 49%  3% 44%  0%  0%  0%  1%  0%  1%
[libx264 @ 0x7fd6af806f40] i4 v,h,dc,ddl,ddr,vr,hd,vl,hu: 30% 23% 25%  3%  4%  3%  6%  2%  4%
[libx264 @ 0x7fd6af806f40] i8c dc,h,v,p: 90%  6%  4%  0%
[libx264 @ 0x7fd6af806f40] Weighted P-Frames: Y:5.0% UV:3.8%
[libx264 @ 0x7fd6af806f40] ref P L0: 79.2%  5.0% 11.9%  3.7%  0.2%
[libx264 @ 0x7fd6af806f40] ref B L0: 74.5% 23.2%  2.3%
[libx264 @ 0x7fd6af806f40] ref B L1: 96.1%  3.9%
[libx264 @ 0x7fd6af806f40] kb/s:187.27
[aac @ 0x7fd6aef05000] Qavg: 55704.789


===== STEP: SHORT: render 9:16
$ manim -r 1080,1920 --fps 60 --disable_caching --flush_cache dim_blue_beats_blinding_red_short_bb.py BearsDoodlesVideo
cwd: /Users/nik/Documents/Cowork/quantum-mechanics-vol1/youtube/dim-blue-beats-blinding-red-bb/short
exit: 0
Manim Community v0.20.1

[bn_layout] mode=PORTRAIT pixels=1080x1920 frame=4.50x8.00
[07/03/26 14:58:33] INFO     Caching disabled.              cairo_renderer.py:83
[07/03/26 14:58:34] INFO     Animation 0 : Partial      scene_file_writer.py:601
                             movie file written in                              
                             '/Users/nik/Documents/Cowo                         
                             rk/quantum-mechanics-vol1/                         
                             youtube/dim-blue-beats-bli                         
                             nding-red-bb/short/media/v                         
                             ideos/dim_blue_beats_blind                         
                             ing_red_short_bb/1920p60/p                         
                             artial_movie_files/BearsDo                         
                             odlesVideo/uncached_00000.                         
                             mp4'                                               
                    INFO     Caching disabled.              cairo_renderer.py:83
[07/03/26 14:58:36] INFO     Animation 1 : Partial      scene_file_writer.py:601
                             movie file written in                              
                             '/Users/nik/Documents/Cowo                         
                             rk/quantum-mechanics-vol1/                         
                             youtube/dim-blue-beats-bli                         
                             nding-red-bb/short/media/v                         
                             ideos/dim_blue_beats_blind                         
                             ing_red_short_bb/1920p60/p                         
                             artial_movie_files/BearsDo                         
                             odlesVideo/uncached_00001.                         
                             mp4'                                               
                    INFO     Caching disabled.              cairo_renderer.py:83
[07/03/26 14:58:37] INFO     Animation 2 : Partial      scene_file_writer.py:601
                             movie file written in                              
                             '/Users/nik/Documents/Cowo                         
                             rk/quantum-mechanics-vol1/                         
                             youtube/dim-blue-beats-bli                         
                             nding-red-bb/short/media/v                         
                             ideos/dim_blue_beats_blind                         
                             ing_red_short_bb/1920p60/p                         
                             artial_movie_files/BearsDo                         
                             odlesVideo/uncached_00002.                         
                             mp4'                                               
                    INFO     Caching disabled.              cairo_renderer.py:83
[07/03/26 14:58:38] INFO     Animation 3 : Partial      scene_file_writer.py:601
                             movie file written in                              
                             '/Users/nik/Documents/Cowo                         
                             rk/quantum-mechanics-vol1/                         
                             youtube/dim-blue-beats-bli                         
                             nding-red-bb/short/media/v                         
                             ideos/dim_blue_beats_blind                         
                             ing_red_short_bb/1920p60/p                         
                             artial_movie_files/BearsDo                         
                             odlesVideo/uncached_00003.                         
                             mp4'                                               
                    INFO     Caching disabled.              cairo_renderer.py:83
[07/03/26 14:58:39] INFO     Animation 4 : Partial      scene_file_writer.py:601
                             movie file written in                              
                             '/Users/nik/Documents/Cowo                         
                             rk/quantum-mechanics-vol1/                         
                             youtube/dim-blue-beats-bli                         
                             nding-red-bb/short/media/v                         
                             ideos/dim_blue_beats_blind                         
                             ing_red_short_bb/1920p60/p                         
                             artial_movie_files/BearsDo                         
                             odlesVideo/uncached_00004.                         
                             mp4'                                               
                    INFO     Caching disabled.              cairo_renderer.py:83
                    INFO     Animation 5 : Partial      scene_file_writer.py:601
                             movie file written in                              
                             '/Users/nik/Documents/Cowo                         
                             rk/quantum-mechanics-vol1/                         
                             youtube/dim-blue-beats-bli                         
                             nding-red-bb/short/media/v                         
                             ideos/dim_blue_beats_blind                         
                             ing_red_short_bb/1920p60/p                         
                             artial_movie_files/BearsDo                         
                             odlesVideo/uncached_00005.                         
                             mp4'                                               
                    INFO     Caching disabled.              cairo_renderer.py:83
[07/03/26 14:58:40] INFO     Animation 6 : Partial      scene_file_writer.py:601
                             movie file written in                              
                             '/Users/nik/Documents/Cowo                         
                             rk/quantum-mechanics-vol1/                         
                             youtube/dim-blue-beats-bli                         
                             nding-red-bb/short/media/v                         
                             ideos/dim_blue_beats_blind                         
                             ing_red_short_bb/1920p60/p                         
                             artial_movie_files/BearsDo                         
                             odlesVideo/uncached_00006.                         
                             mp4'                                               
                    INFO     Caching disabled.              cairo_renderer.py:83
[07/03/26 14:58:41] INFO     Animation 7 : Partial      scene_file_writer.py:601
                             movie file written in                              
                             '/Users/nik/Documents/Cowo                         
                             rk/quantum-mechanics-vol1/                         
                             youtube/dim-blue-beats-bli                         
                             nding-red-bb/short/media/v                         
                             ideos/dim_blue_beats_blind                         
                             ing_red_short_bb/1920p60/p                         
                             artial_movie_files/BearsDo                         
                             odlesVideo/uncached_00007.                         
                             mp4'                                               
                    INFO     Caching disabled.              cairo_renderer.py:83
[07/03/26 14:58:42] INFO     Animation 8 : Partial      scene_file_writer.py:601
                             movie file written in                              
                             '/Users/nik/Documents/Cowo                         
                             rk/quantum-mechanics-vol1/                         
                             youtube/dim-blue-beats-bli                         
                             nding-red-bb/short/media/v                         
                             ideos/dim_blue_beats_blind                         
                             ing_red_short_bb/1920p60/p                         
                             artial_movie_files/BearsDo                         
                             odlesVideo/uncached_00008.                         
                             mp4'                                               
                    INFO     Caching disabled.              cairo_renderer.py:83
[07/03/26 14:58:43] INFO     Animation 9 : Partial      scene_file_writer.py:601
                             movie file written in                              
                             '/Users/nik/Documents/Cowo                         
                             rk/quantum-mechanics-vol1/                         
                             youtube/dim-blue-beats-bli                         
                             nding-red-bb/short/media/v                         
                             ideos/dim_blue_beats_blind                         
                             ing_red_short_bb/1920p60/p                         
                             artial_movie_files/BearsDo                         
                             odlesVideo/uncached_00009.                         
                             mp4'                                               
                    INFO     Caching disabled.              cairo_renderer.py:83
[07/03/26 14:58:44] INFO     Animation 10 : Partial     scene_file_writer.py:601
                             movie file written in                              
                             '/Users/nik/Documents/Cowo                         
                             rk/quantum-mechanics-vol1/                         
                             youtube/dim-blue-beats-bli                         
                             nding-red-bb/short/media/v                         
                             ideos/dim_blue_beats_blind                         
                             ing_red_short_bb/1920p60/p                         
                             artial_movie_files/BearsDo                         
                             odlesVideo/uncached_00010.                         
                             mp4'                                               
                    INFO     Caching disabled.              cairo_renderer.py:83
[07/03/26 14:58:46] INFO     Animation 11 : Partial     scene_file_writer.py:601
                             movie file written in                              
                             '/Users/nik/Documents/Cowo                         
                             rk/quantum-mechanics-vol1/                         
                             youtube/dim-blue-beats-bli                         
                             nding-red-bb/short/media/v                         
                             ideos/dim_blue_beats_blind                         
                             ing_red_short_bb/1920p60/p                         
                             artial_movie_files/BearsDo                         
                             odlesVideo/uncached_00011.                         
                             mp4'                                               
                    INFO     Caching disabled.              cairo_renderer.py:83
[07/03/26 14:58:47] INFO     Animation 12 : Partial     scene_file_writer.py:601
                             movie file written in                              
                             '/Users/nik/Documents/Cowo                         
                             rk/quantum-mechanics-vol1/                         
                             youtube/dim-blue-beats-bli                         
                             nding-red-bb/short/media/v                         
                             ideos/dim_blue_beats_blind                         
                             ing_red_short_bb/1920p60/p                         
                             artial_movie_files/BearsDo                         
                             odlesVideo/uncached_00012.                         
                             mp4'                                               
                    INFO     Caching disabled.              cairo_renderer.py:83
[07/03/26 14:58:48] INFO     Animation 13 : Partial     scene_file_writer.py:601
                             movie file written in                              
                             '/Users/nik/Documents/Cowo                         
                             rk/quantum-mechanics-vol1/                         
                             youtube/dim-blue-beats-bli                         
                             nding-red-bb/short/media/v                         
                             ideos/dim_blue_beats_blind                         
                             ing_red_short_bb/1920p60/p                         
                             artial_movie_files/BearsDo                         
                             odlesVideo/uncached_00013.                         
                             mp4'                                               
                    INFO     Caching disabled.              cairo_renderer.py:83
[07/03/26 14:58:50] INFO     Animation 14 : Partial     scene_file_writer.py:601
                             movie file written in                              
                             '/Users/nik/Documents/Cowo                         
                             rk/quantum-mechanics-vol1/                         
                             youtube/dim-blue-beats-bli                         
                             nding-red-bb/short/media/v                         
                             ideos/dim_blue_beats_blind                         
                             ing_red_short_bb/1920p60/p                         
                             artial_movie_files/BearsDo                         
                             odlesVideo/uncached_00014.                         
                             mp4'                                               
                    INFO     Caching disabled.              cairo_renderer.py:83
                    INFO     Animation 15 : Partial     scene_file_writer.py:601
                             movie file written in                              
                             '/Users/nik/Documents/Cowo                         
                             rk/quantum-mechanics-vol1/                         
                             youtube/dim-blue-beats-bli                         
                             nding-red-bb/short/media/v                         
                             ideos/dim_blue_beats_blind                         
                             ing_red_short_bb/1920p60/p                         
                             artial_movie_files/BearsDo                         
                             odlesVideo/uncached_00015.                         
                             mp4'                                               
                    INFO     Caching disabled.              cairo_renderer.py:83
[07/03/26 14:58:51] INFO     Animation 16 : Partial     scene_file_writer.py:601
                             movie file written in                              
                             '/Users/nik/Documents/Cowo                         
                             rk/quantum-mechanics-vol1/                         
                             youtube/dim-blue-beats-bli                         
                             nding-red-bb/short/media/v                         
                             ideos/dim_blue_beats_blind                         
                             ing_red_short_bb/1920p60/p                         
                             artial_movie_files/BearsDo                         
                             odlesVideo/uncached_00016.                         
                             mp4'                                               
                    INFO     Caching disabled.              cairo_renderer.py:83
                    INFO     Animation 17 : Partial     scene_file_writer.py:601
                             movie file written in                              
                             '/Users/nik/Documents/Cowo                         
                             rk/quantum-mechanics-vol1/                         
                             youtube/dim-blue-beats-bli                         
                             nding-red-bb/short/media/v                         
                             ideos/dim_blue_beats_blind                         
                             ing_red_short_bb/1920p60/p                         
                             artial_movie_files/BearsDo                         
                             odlesVideo/uncached_00017.                         
                             mp4'                                               
                    INFO     Caching disabled.              cairo_renderer.py:83
[07/03/26 14:58:52] INFO     Animation 18 : Partial     scene_file_writer.py:601
                             movie file written in                              
                             '/Users/nik/Documents/Cowo                         
                             rk/quantum-mechanics-vol1/                         
                             youtube/dim-blue-beats-bli                         
                             nding-red-bb/short/media/v                         
                             ideos/dim_blue_beats_blind                         
                             ing_red_short_bb/1920p60/p                         
                             artial_movie_files/BearsDo                         
                             odlesVideo/uncached_00018.                         
                             mp4'                                               
                    INFO     Caching disabled.              cairo_renderer.py:83
                    INFO     Animation 19 : Partial     scene_file_writer.py:601
                             movie file written in                              
                             '/Users/nik/Documents/Cowo                         
                             rk/quantum-mechanics-vol1/                         
                             youtube/dim-blue-beats-bli                         
                             nding-red-bb/short/media/v                         
                             ideos/dim_blue_beats_blind                         
                             ing_red_short_bb/1920p60/p                         
                             artial_movie_files/BearsDo                         
                             odlesVideo/uncached_00019.                         
                             mp4'                                               
                    INFO     Caching disabled.              cairo_renderer.py:83
[07/03/26 14:58:53] INFO     Animation 20 : Partial     scene_file_writer.py:601
                             movie file written in                              
                             '/Users/nik/Documents/Cowo                         
                             rk/quantum-mechanics-vol1/                         
                             youtube/dim-blue-beats-bli                         
                             nding-red-bb/short/media/v                         
                             ideos/dim_blue_beats_blind                         
                             ing_red_short_bb/1920p60/p                         
                             artial_movie_files/BearsDo                         
                             odlesVideo/uncached_00020.                         
                             mp4'                                               
                    INFO     Caching disabled.              cairo_renderer.py:83
[07/03/26 14:58:55] INFO     Animation 21 : Partial     scene_file_writer.py:601
                             movie file written in                              
                             '/Users/nik/Documents/Cowo                         
                             rk/quantum-mechanics-vol1/                         
                             youtube/dim-blue-beats-bli                         
                             nding-red-bb/short/media/v                         
                             ideos/dim_blue_beats_blind                         
                             ing_red_short_bb/1920p60/p                         
                             artial_movie_files/BearsDo                         
                             odlesVideo/uncached_00021.                         
                             mp4'                                               
                    INFO     Caching disabled.              cairo_renderer.py:83
[07/03/26 14:58:57] INFO     Animation 22 : Partial     scene_file_writer.py:601
                             movie file written in                              
                             '/Users/nik/Documents/Cowo                         
                             rk/quantum-mechanics-vol1/                         
                             youtube/dim-blue-beats-bli                         
                             nding-red-bb/short/media/v                         
                             ideos/dim_blue_beats_blind                         
                             ing_red_short_bb/1920p60/p                         
                             artial_movie_files/BearsDo                         
                             odlesVideo/uncached_00022.                         
                             mp4'                                               
                    INFO     Caching disabled.              cairo_renderer.py:83
                    INFO     Animation 23 : Partial     scene_file_writer.py:601
                             movie file written in                              
                             '/Users/nik/Documents/Cowo                         
                             rk/quantum-mechanics-vol1/                         
                             youtube/dim-blue-beats-bli                         
                             nding-red-bb/short/media/v                         
                             ideos/dim_blue_beats_blind                         
                             ing_red_short_bb/1920p60/p                         
                             artial_movie_files/BearsDo                         
                             odlesVideo/uncached_00023.                         
                             mp4'                                               
                    INFO     Caching disabled.              cairo_renderer.py:83
[07/03/26 14:58:58] INFO     Animation 24 : Partial     scene_file_writer.py:601
                             movie file written in                              
                             '/Users/nik/Documents/Cowo                         
                             rk/quantum-mechanics-vol1/                         
                             youtube/dim-blue-beats-bli                         
                             nding-red-bb/short/media/v                         
                             ideos/dim_blue_beats_blind                         
                             ing_red_short_bb/1920p60/p                         
                             artial_movie_files/BearsDo                         
                             odlesVideo/uncached_00024.                         
                             mp4'                                               
                    INFO     Caching disabled.              cairo_renderer.py:83
[07/03/26 14:59:01] INFO     Animation 25 : Partial     scene_file_writer.py:601
                             movie file written in                              
                             '/Users/nik/Documents/Cowo                         
                             rk/quantum-mechanics-vol1/                         
                             youtube/dim-blue-beats-bli                         
                             nding-red-bb/short/media/v                         
                             ideos/dim_blue_beats_blind                         
                             ing_red_short_bb/1920p60/p                         
                             artial_movie_files/BearsDo                         
                             odlesVideo/uncached_00025.                         
                             mp4'                                               
                    INFO     Caching disabled.              cairo_renderer.py:83
[07/03/26 14:59:03] INFO     Animation 26 : Partial     scene_file_writer.py:601
                             movie file written in                              
                             '/Users/nik/Documents/Cowo                         
                             rk/quantum-mechanics-vol1/                         
                             youtube/dim-blue-beats-bli                         
                             nding-red-bb/short/media/v                         
                             ideos/dim_blue_beats_blind                         
                             ing_red_short_bb/1920p60/p                         
                             artial_movie_files/BearsDo                         
                             odlesVideo/uncached_00026.                         
                             mp4'                                               
                    INFO     Caching disabled.              cairo_renderer.py:83
[07/03/26 14:59:04] INFO     Animation 27 : Partial     scene_file_writer.py:601
                             movie file written in                              
                             '/Users/nik/Documents/Cowo                         
                             rk/quantum-mechanics-vol1/                         
                             youtube/dim-blue-beats-bli                         
                             nding-red-bb/short/media/v                         
                             ideos/dim_blue_beats_blind                         
                             ing_red_short_bb/1920p60/p                         
                             artial_movie_files/BearsDo                         
                             odlesVideo/uncached_00027.                         
                             mp4'                                               
                    INFO     Caching disabled.              cairo_renderer.py:83
[07/03/26 14:59:05] INFO     Animation 28 : Partial     scene_file_writer.py:601
                             movie file written in                              
                             '/Users/nik/Documents/Cowo                         
                             rk/quantum-mechanics-vol1/                         
                             youtube/dim-blue-beats-bli                         
                             nding-red-bb/short/media/v                         
                             ideos/dim_blue_beats_blind                         
                             ing_red_short_bb/1920p60/p                         
                             artial_movie_files/BearsDo                         
                             odlesVideo/uncached_00028.                         
                             mp4'                                               
                    INFO     Caching disabled.              cairo_renderer.py:83
[07/03/26 14:59:06] INFO     Animation 29 : Partial     scene_file_writer.py:601
                             movie file written in                              
                             '/Users/nik/Documents/Cowo                         
                             rk/quantum-mechanics-vol1/                         
                             youtube/dim-blue-beats-bli                         
                             nding-red-bb/short/media/v                         
                             ideos/dim_blue_beats_blind                         
                             ing_red_short_bb/1920p60/p                         
                             artial_movie_files/BearsDo                         
                             odlesVideo/uncached_00029.                         
                             mp4'                                               
                    INFO     Caching disabled.              cairo_renderer.py:83
[07/03/26 14:59:07] INFO     Animation 30 : Partial     scene_file_writer.py:601
                             movie file written in                              
                             '/Users/nik/Documents/Cowo                         
                             rk/quantum-mechanics-vol1/                         
                             youtube/dim-blue-beats-bli                         
                             nding-red-bb/short/media/v                         
                             ideos/dim_blue_beats_blind                         
                             ing_red_short_bb/1920p60/p                         
                             artial_movie_files/BearsDo                         
                             odlesVideo/uncached_00030.                         
                             mp4'                                               
                    INFO     Caching disabled.              cairo_renderer.py:83
[07/03/26 14:59:08] INFO     Animation 31 : Partial     scene_file_writer.py:601
                             movie file written in                              
                             '/Users/nik/Documents/Cowo                         
                             rk/quantum-mechanics-vol1/                         
                             youtube/dim-blue-beats-bli                         
                             nding-red-bb/short/media/v                         
                             ideos/dim_blue_beats_blind                         
                             ing_red_short_bb/1920p60/p                         
                             artial_movie_files/BearsDo                         
                             odlesVideo/uncached_00031.                         
                             mp4'                                               
                    INFO     Caching disabled.              cairo_renderer.py:83
[07/03/26 14:59:10] INFO     Animation 32 : Partial     scene_file_writer.py:601
                             movie file written in                              
                             '/Users/nik/Documents/Cowo                         
                             rk/quantum-mechanics-vol1/                         
                             youtube/dim-blue-beats-bli                         
                             nding-red-bb/short/media/v                         
                             ideos/dim_blue_beats_blind                         
                             ing_red_short_bb/1920p60/p                         
                             artial_movie_files/BearsDo                         
                             odlesVideo/uncached_00032.                         
                             mp4'                                               
                    INFO     Caching disabled.              cairo_renderer.py:83
[07/03/26 14:59:11] INFO     Animation 33 : Partial     scene_file_writer.py:601
                             movie file written in                              
                             '/Users/nik/Documents/Cowo                         
                             rk/quantum-mechanics-vol1/                         
                             youtube/dim-blue-beats-bli                         
                             nding-red-bb/short/media/v                         
                             ideos/dim_blue_beats_blind                         
                             ing_red_short_bb/1920p60/p                         
                             artial_movie_files/BearsDo                         
                             odlesVideo/uncached_00033.                         
                             mp4'                                               
                    INFO     Caching disabled.              cairo_renderer.py:83
[07/03/26 14:59:12] INFO     Animation 34 : Partial     scene_file_writer.py:601
                             movie file written in                              
                             '/Users/nik/Documents/Cowo                         
                             rk/quantum-mechanics-vol1/                         
                             youtube/dim-blue-beats-bli                         
                             nding-red-bb/short/media/v                         
                             ideos/dim_blue_beats_blind                         
                             ing_red_short_bb/1920p60/p                         
                             artial_movie_files/BearsDo                         
                             odlesVideo/uncached_00034.                         
                             mp4'                                               
                    INFO     Caching disabled.              cairo_renderer.py:83
[07/03/26 14:59:14] INFO     Animation 35 : Partial     scene_file_writer.py:601
                             movie file written in                              
                             '/Users/nik/Documents/Cowo                         
                             rk/quantum-mechanics-vol1/                         
                             youtube/dim-blue-beats-bli                         
                             nding-red-bb/short/media/v                         
                             ideos/dim_blue_beats_blind                         
                             ing_red_short_bb/1920p60/p                         
                             artial_movie_files/BearsDo                         
                             odlesVideo/uncached_00035.                         
                             mp4'                                               
                    INFO     Caching disabled.              cairo_renderer.py:83
                    INFO     Animation 36 : Partial     scene_file_writer.py:601
                             movie file written in                              
                             '/Users/nik/Documents/Cowo                         
                             rk/quantum-mechanics-vol1/                         
                             youtube/dim-blue-beats-bli                         
                             nding-red-bb/short/media/v                         
                             ideos/dim_blue_beats_blind                         
                             ing_red_short_bb/1920p60/p                         
                             artial_movie_files/BearsDo                         
                             odlesVideo/uncached_00036.                         
                             mp4'                                               
                    INFO     Caching disabled.              cairo_renderer.py:83
[07/03/26 14:59:15] INFO     Animation 37 : Partial     scene_file_writer.py:601
                             movie file written in                              
                             '/Users/nik/Documents/Cowo                         
                             rk/quantum-mechanics-vol1/                         
                             youtube/dim-blue-beats-bli                         
                             nding-red-bb/short/media/v                         
                             ideos/dim_blue_beats_blind                         
                             ing_red_short_bb/1920p60/p                         
                             artial_movie_files/BearsDo                         
                             odlesVideo/uncached_00037.                         
                             mp4'                                               
                    INFO     Caching disabled.              cairo_renderer.py:83
[07/03/26 14:59:16] INFO     Animation 38 : Partial     scene_file_writer.py:601
                             movie file written in                              
                             '/Users/nik/Documents/Cowo                         
                             rk/quantum-mechanics-vol1/                         
                             youtube/dim-blue-beats-bli                         
                             nding-red-bb/short/media/v                         
                             ideos/dim_blue_beats_blind                         
                             ing_red_short_bb/1920p60/p                         
                             artial_movie_files/BearsDo                         
                             odlesVideo/uncached_00038.                         
                             mp4'                                               
                    INFO     Caching disabled.              cairo_renderer.py:83
[07/03/26 14:59:17] INFO     Animation 39 : Partial     scene_file_writer.py:601
                             movie file written in                              
                             '/Users/nik/Documents/Cowo                         
                             rk/quantum-mechanics-vol1/                         
                             youtube/dim-blue-beats-bli                         
                             nding-red-bb/short/media/v                         
                             ideos/dim_blue_beats_blind                         
                             ing_red_short_bb/1920p60/p                         
                             artial_movie_files/BearsDo                         
                             odlesVideo/uncached_00039.                         
                             mp4'                                               
                    INFO     Caching disabled.              cairo_renderer.py:83
[07/03/26 14:59:18] INFO     Animation 40 : Partial     scene_file_writer.py:601
                             movie file written in                              
                             '/Users/nik/Documents/Cowo                         
                             rk/quantum-mechanics-vol1/                         
                             youtube/dim-blue-beats-bli                         
                             nding-red-bb/short/media/v                         
                             ideos/dim_blue_beats_blind                         
                             ing_red_short_bb/1920p60/p                         
                             artial_movie_files/BearsDo                         
                             odlesVideo/uncached_00040.                         
                             mp4'                                               
                    INFO     Caching disabled.              cairo_renderer.py:83
[07/03/26 14:59:19] INFO     Animation 41 : Partial     scene_file_writer.py:601
                             movie file written in                              
                             '/Users/nik/Documents/Cowo                         
                             rk/quantum-mechanics-vol1/                         
                             youtube/dim-blue-beats-bli                         
                             nding-red-bb/short/media/v                         
                             ideos/dim_blue_beats_blind                         
                             ing_red_short_bb/1920p60/p                         
                             artial_movie_files/BearsDo                         
                             odlesVideo/uncached_00041.                         
                             mp4'                                               
                    INFO     Caching disabled.              cairo_renderer.py:83
[07/03/26 14:59:20] INFO     Animation 42 : Partial     scene_file_writer.py:601
                             movie file written in                              
                             '/Users/nik/Documents/Cowo                         
                             rk/quantum-mechanics-vol1/                         
                             youtube/dim-blue-beats-bli                         
                             nding-red-bb/short/media/v                         
                             ideos/dim_blue_beats_blind                         
                             ing_red_short_bb/1920p60/p                         
                             artial_movie_files/BearsDo                         
                             odlesVideo/uncached_00042.                         
                             mp4'                                               
                    INFO     Caching disabled.              cairo_renderer.py:83
[07/03/26 14:59:21] INFO     Animation 43 : Partial     scene_file_writer.py:601
                             movie file written in                              
                             '/Users/nik/Documents/Cowo                         
                             rk/quantum-mechanics-vol1/                         
                             youtube/dim-blue-beats-bli                         
                             nding-red-bb/short/media/v                         
                             ideos/dim_blue_beats_blind                         
                             ing_red_short_bb/1920p60/p                         
                             artial_movie_files/BearsDo                         
                             odlesVideo/uncached_00043.                         
                             mp4'                                               
                    INFO     Caching disabled.              cairo_renderer.py:83
[07/03/26 14:59:23] INFO     Animation 44 : Partial     scene_file_writer.py:601
                             movie file written in                              
                             '/Users/nik/Documents/Cowo                         
                             rk/quantum-mechanics-vol1/                         
                             youtube/dim-blue-beats-bli                         
                             nding-red-bb/short/media/v                         
                             ideos/dim_blue_beats_blind                         
                             ing_red_short_bb/1920p60/p                         
                             artial_movie_files/BearsDo                         
                             odlesVideo/uncached_00044.                         
                             mp4'                                               
                    INFO     Caching disabled.              cairo_renderer.py:83
                    INFO     Animation 45 : Partial     scene_file_writer.py:601
                             movie file written in                              
                             '/Users/nik/Documents/Cowo                         
                             rk/quantum-mechanics-vol1/                         
                             youtube/dim-blue-beats-bli                         
                             nding-red-bb/short/media/v                         
                             ideos/dim_blue_beats_blind                         
                             ing_red_short_bb/1920p60/p                         
                             artial_movie_files/BearsDo                         
                             odlesVideo/uncached_00045.                         
                             mp4'                                               
                    INFO     Caching disabled.              cairo_renderer.py:83
[07/03/26 14:59:25] INFO     Animation 46 : Partial     scene_file_writer.py:601
                             movie file written in                              
                             '/Users/nik/Documents/Cowo                         
                             rk/quantum-mechanics-vol1/                         
                             youtube/dim-blue-beats-bli                         
                             nding-red-bb/short/media/v                         
                             ideos/dim_blue_beats_blind                         
                             ing_red_short_bb/1920p60/p                         
                             artial_movie_files/BearsDo                         
                             odlesVideo/uncached_00046.                         
                             mp4'                                               
                    INFO     Caching disabled.              cairo_renderer.py:83
[07/03/26 14:59:27] INFO     Animation 47 : Partial     scene_file_writer.py:601
                             movie file written in                              
                             '/Users/nik/Documents/Cowo                         
                             rk/quantum-mechanics-vol1/                         
                             youtube/dim-blue-beats-bli                         
                             nding-red-bb/short/media/v                         
                             ideos/dim_blue_beats_blind                         
                             ing_red_short_bb/1920p60/p                         
                             artial_movie_files/BearsDo                         
                             odlesVideo/uncached_00047.                         
                             mp4'                                               
                    INFO     Caching disabled.              cairo_renderer.py:83
[07/03/26 14:59:28] INFO     Animation 48 : Partial     scene_file_writer.py:601
                             movie file written in                              
                             '/Users/nik/Documents/Cowo                         
                             rk/quantum-mechanics-vol1/                         
                             youtube/dim-blue-beats-bli                         
                             nding-red-bb/short/media/v                         
                             ideos/dim_blue_beats_blind                         
                             ing_red_short_bb/1920p60/p                         
                             artial_movie_files/BearsDo                         
                             odlesVideo/uncached_00048.                         
                             mp4'                                               
                    INFO     Caching disabled.              cairo_renderer.py:83
[07/03/26 14:59:29] INFO     Animation 49 : Partial     scene_file_writer.py:601
                             movie file written in                              
                             '/Users/nik/Documents/Cowo                         
                             rk/quantum-mechanics-vol1/                         
                             youtube/dim-blue-beats-bli                         
                             nding-red-bb/short/media/v                         
                             ideos/dim_blue_beats_blind                         
                             ing_red_short_bb/1920p60/p                         
                             artial_movie_files/BearsDo                         
                             odlesVideo/uncached_00049.                         
                             mp4'                                               
                    INFO     Caching disabled.              cairo_renderer.py:83
                    INFO     Animation 50 : Partial     scene_file_writer.py:601
                             movie file written in                              
                             '/Users/nik/Documents/Cowo                         
                             rk/quantum-mechanics-vol1/                         
                             youtube/dim-blue-beats-bli                         
                             nding-red-bb/short/media/v                         
                             ideos/dim_blue_beats_blind                         
                             ing_red_short_bb/1920p60/p                         
                             artial_movie_files/BearsDo                         
                             odlesVideo/uncached_00050.                         
                             mp4'                                               
                    INFO     Caching disabled.              cairo_renderer.py:83
[07/03/26 14:59:30] INFO     Animation 51 : Partial     scene_file_writer.py:601
                             movie file written in                              
                             '/Users/nik/Documents/Cowo                         
                             rk/quantum-mechanics-vol1/                         
                             youtube/dim-blue-beats-bli                         
                             nding-red-bb/short/media/v                         
                             ideos/dim_blue_beats_blind                         
                             ing_red_short_bb/1920p60/p                         
                             artial_movie_files/BearsDo                         
                             odlesVideo/uncached_00051.                         
                             mp4'                                               
[07/03/26 14:59:31] INFO     Caching disabled.              cairo_renderer.py:83
[07/03/26 14:59:32] INFO     Animation 52 : Partial     scene_file_writer.py:601
                             movie file written in                              
                             '/Users/nik/Documents/Cowo                         
                             rk/quantum-mechanics-vol1/                         
                             youtube/dim-blue-beats-bli                         
                             nding-red-bb/short/media/v                         
                             ideos/dim_blue_beats_blind                         
                             ing_red_short_bb/1920p60/p                         
                             artial_movie_files/BearsDo                         
                             odlesVideo/uncached_00052.                         
                             mp4'                                               
                    INFO     Caching disabled.              cairo_renderer.py:83
[07/03/26 14:59:38] INFO     Animation 53 : Partial     scene_file_writer.py:601
                             movie file written in                              
                             '/Users/nik/Documents/Cowo                         
                             rk/quantum-mechanics-vol1/                         
                             youtube/dim-blue-beats-bli                         
                             nding-red-bb/short/media/v                         
                             ideos/dim_blue_beats_blind                         
                             ing_red_short_bb/1920p60/p                         
                             artial_movie_files/BearsDo                         
                             odlesVideo/uncached_00053.                         
                             mp4'                                               
                    INFO     Combining to Movie file.   scene_file_writer.py:753
[07/03/26 14:59:39] INFO                                scene_file_writer.py:904
                             File ready at                                      
                             '/Users/nik/Documents/Cowo                         
                             rk/quantum-mechanics-vol1/                         
                             youtube/dim-blue-beats-bli                         
                             nding-red-bb/short/media/v                         
                             ideos/dim_blue_beats_blind                         
                             ing_red_short_bb/1920p60/B                         
                             earsDoodlesVideo.mp4'                              
                                                                                
                    INFO     Cache flushed. 55 file(s)  scene_file_writer.py:888
                             deleted in                                         
                             /Users/nik/Documents/Cowor                         
                             k/quantum-mechanics-vol1/y                         
                             outube/dim-blue-beats-blin                         
                             ding-red-bb/short/media/vi                         
                             deos/dim_blue_beats_blindi                         
                             ng_red_short_bb/1920p60/pa                         
                             rtial_movie_files/BearsDoo                         
                             dlesVideo.                                         
                    INFO     Rendered BearsDoodlesVideo             scene.py:278
                             Played 54 animations                               
/Users/nik/Documents/Cowork/quantum-mechanics-vol1/youtube/dim-blue-beats-blinding-red-bb/short/dim_blue_beats_blinding_red_short_bb.py:96: DeprecationWarning: This method is not guaranteed to stay around. Please prefer setting the attribute normally or with Mobject.set().
  rule.set_width(min(title.width, rw(rrow) * 0.8)).move_to(center(rrow))

Animation 0: FadeIn(Text("Bear's Notes")):   0%|          | 0/30 [00:00<?, ?it/s]
Animation 0: FadeIn(Text("Bear's Notes")):  17%|█▋        | 5/30 [00:00<00:00, 45.53it/s]
Animation 0: FadeIn(Text("Bear's Notes")):  37%|███▋      | 11/30 [00:00<00:00, 53.21it/s]
Animation 0: FadeIn(Text("Bear's Notes")):  57%|█████▋    | 17/30 [00:00<00:00, 56.08it/s]
Animation 0: FadeIn(Text("Bear's Notes")):  80%|████████  | 24/30 [00:00<00:00, 58.34it/s]
                                                                                          

Animation 1: Write(VGroup of 5 submobjects):   0%|          | 0/84 [00:00<?, ?it/s]
Animation 1: Write(VGroup of 5 submobjects):   8%|▊         | 7/84 [00:00<00:01, 58.82it/s]
Animation 1: Write(VGroup of 5 submobjects):  15%|█▌        | 13/84 [00:00<00:01, 55.19it/s]
Animation 1: Write(VGroup of 5 submobjects):  23%|██▎       | 19/84 [00:00<00:01, 53.27it/s]
Animation 1: Write(VGroup of 5 submobjects):  30%|██▉       | 25/84 [00:00<00:01, 50.52it/s]
Animation 1: Write(VGroup of 5 submobjects):  37%|███▋      | 31/84 [00:00<00:01, 49.14it/s]
Animation 1: Write(VGroup of 5 submobjects):  43%|████▎     | 36/84 [00:00<00:00, 49.04it/s]
Animation 1: Write(VGroup of 5 submobjects):  49%|████▉     | 41/84 [00:00<00:00, 47.72it/s]
Animation 1: Write(VGroup of 5 submobjects):  55%|█████▍    | 46/84 [00:00<00:00, 44.92it/s]
Animation 1: Write(VGroup of 5 submobjects):  61%|██████    | 51/84 [00:01<00:00, 41.62it/s]
Animation 1: Write(VGroup of 5 submobjects):  67%|██████▋   | 56/84 [00:01<00:00, 38.54it/s]
Animation 1: Write(VGroup of 5 submobjects):  71%|███████▏  | 60/84 [00:01<00:00, 38.36it/s]
Animation 1: Write(VGroup of 5 submobjects):  76%|███████▌  | 64/84 [00:01<00:00, 37.69it/s]
Animation 1: Write(VGroup of 5 submobjects):  81%|████████  | 68/84 [00:01<00:00, 36.49it/s]
Animation 1: Write(VGroup of 5 submobjects):  86%|████████▌ | 72/84 [00:01<00:00, 35.97it/s]
Animation 1: Write(VGroup of 5 submobjects):  90%|█████████ | 76/84 [00:01<00:00, 35.53it/s]
Animation 1: Write(VGroup of 5 submobjects):  95%|█████████▌| 80/84 [00:01<00:00, 35.98it/s]
Animation 1: Write(VGroup of 5 submobjects): 100%|██████████| 84/84 [00:02<00:00, 33.58it/s]
                                                                                            

Animation 2: Create(Line), etc.:   0%|          | 0/30 [00:00<?, ?it/s]
Animation 2: Create(Line), etc.:  30%|███       | 9/30 [00:00<00:00, 87.26it/s]
Animation 2: Create(Line), etc.:  60%|██████    | 18/30 [00:00<00:00, 70.31it/s]
Animation 2: Create(Line), etc.:  93%|█████████▎| 28/30 [00:00<00:00, 78.80it/s]
                                                                                

Animation 4: FadeOut(Group):   0%|          | 0/24 [00:00<?, ?it/s]
Animation 4: FadeOut(Group):  17%|█▋        | 4/24 [00:00<00:00, 30.70it/s]
Animation 4: FadeOut(Group):  33%|███▎      | 8/24 [00:00<00:00, 27.17it/s]
Animation 4: FadeOut(Group):  46%|████▌     | 11/24 [00:00<00:00, 27.11it/s]
Animation 4: FadeOut(Group):  58%|█████▊    | 14/24 [00:00<00:00, 26.81it/s]
Animation 4: FadeOut(Group):  71%|███████   | 17/24 [00:00<00:00, 26.30it/s]
Animation 4: FadeOut(Group):  83%|████████▎ | 20/24 [00:00<00:00, 26.16it/s]
Animation 4: FadeOut(Group):  96%|█████████▌| 23/24 [00:00<00:00, 26.62it/s]
                                                                            

Animation 5: FadeOut(Mobject):   0%|          | 0/24 [00:00<?, ?it/s]
Animation 5: FadeOut(Mobject):  33%|███▎      | 8/24 [00:00<00:00, 71.10it/s]
Animation 5: FadeOut(Mobject):  75%|███████▌  | 18/24 [00:00<00:00, 80.41it/s]
                                                                              

Animation 7: Create(RoundedRectangle), etc.:   0%|          | 0/60 [00:00<?, ?it/s]
Animation 7: Create(RoundedRectangle), etc.:  13%|█▎        | 8/60 [00:00<00:00, 72.48it/s]
Animation 7: Create(RoundedRectangle), etc.:  28%|██▊       | 17/60 [00:00<00:00, 79.58it/s]
Animation 7: Create(RoundedRectangle), etc.:  47%|████▋     | 28/60 [00:00<00:00, 89.22it/s]
Animation 7: Create(RoundedRectangle), etc.:  62%|██████▏   | 37/60 [00:00<00:00, 87.07it/s]
Animation 7: Create(RoundedRectangle), etc.:  78%|███████▊  | 47/60 [00:00<00:00, 90.26it/s]
Animation 7: Create(RoundedRectangle), etc.:  98%|█████████▊| 59/60 [00:00<00:00, 99.57it/s]
                                                                                            

Animation 8: GrowFromCenter(Circle), etc.:   0%|          | 0/60 [00:00<?, ?it/s]
Animation 8: GrowFromCenter(Circle), etc.:  13%|█▎        | 8/60 [00:00<00:00, 70.53it/s]
Animation 8: GrowFromCenter(Circle), etc.:  27%|██▋       | 16/60 [00:00<00:00, 67.42it/s]
Animation 8: GrowFromCenter(Circle), etc.:  38%|███▊      | 23/60 [00:00<00:00, 67.79it/s]
Animation 8: GrowFromCenter(Circle), etc.:  52%|█████▏    | 31/60 [00:00<00:00, 71.46it/s]
Animation 8: GrowFromCenter(Circle), etc.:  65%|██████▌   | 39/60 [00:00<00:00, 73.74it/s]
Animation 8: GrowFromCenter(Circle), etc.:  82%|████████▏ | 49/60 [00:00<00:00, 82.18it/s]
Animation 8: GrowFromCenter(Circle), etc.:  97%|█████████▋| 58/60 [00:00<00:00, 77.10it/s]
                                                                                          

Animation 9: Create(VGroup of 3 submobjects):   0%|          | 0/72 [00:00<?, ?it/s]
Animation 9: Create(VGroup of 3 submobjects):  12%|█▎        | 9/72 [00:00<00:00, 84.46it/s]
Animation 9: Create(VGroup of 3 submobjects):  25%|██▌       | 18/72 [00:00<00:00, 81.87it/s]
Animation 9: Create(VGroup of 3 submobjects):  38%|███▊      | 27/72 [00:00<00:00, 78.59it/s]
Animation 9: Create(VGroup of 3 submobjects):  49%|████▊     | 35/72 [00:00<00:00, 78.68it/s]
Animation 9: Create(VGroup of 3 submobjects):  62%|██████▎   | 45/72 [00:00<00:00, 82.66it/s]
Animation 9: Create(VGroup of 3 submobjects):  75%|███████▌  | 54/72 [00:00<00:00, 82.40it/s]
Animation 9: Create(VGroup of 3 submobjects):  88%|████████▊ | 63/72 [00:00<00:00, 79.17it/s]
Animation 9: Create(VGroup of 3 submobjects): 100%|██████████| 72/72 [00:00<00:00, 79.46it/s]
                                                                                             

Animation 11: ReplacementTransform(Circle), etc.:   0%|          | 0/108 [00:00<?, ?it/s]
Animation 11: ReplacementTransform(Circle), etc.:   6%|▌         | 6/108 [00:00<00:01, 53.88it/s]
Animation 11: ReplacementTransform(Circle), etc.:  11%|█         | 12/108 [00:00<00:01, 54.06it/s]
Animation 11: ReplacementTransform(Circle), etc.:  17%|█▋        | 18/108 [00:00<00:01, 53.73it/s]
Animation 11: ReplacementTransform(Circle), etc.:  22%|██▏       | 24/108 [00:00<00:01, 53.39it/s]
Animation 11: ReplacementTransform(Circle), etc.:  28%|██▊       | 30/108 [00:00<00:01, 55.33it/s]
Animation 11: ReplacementTransform(Circle), etc.:  34%|███▍      | 37/108 [00:00<00:01, 58.70it/s]
Animation 11: ReplacementTransform(Circle), etc.:  40%|███▉      | 43/108 [00:00<00:01, 58.67it/s]
Animation 11: ReplacementTransform(Circle), etc.:  45%|████▌     | 49/108 [00:00<00:01, 58.86it/s]
Animation 11: ReplacementTransform(Circle), etc.:  51%|█████     | 55/108 [00:00<00:00, 57.45it/s]
Animation 11: ReplacementTransform(Circle), etc.:  57%|█████▋    | 62/108 [00:01<00:00, 57.85it/s]
Animation 11: ReplacementTransform(Circle), etc.:  63%|██████▎   | 68/108 [00:01<00:00, 58.30it/s]
Animation 11: ReplacementTransform(Circle), etc.:  69%|██████▉   | 75/108 [00:01<00:00, 60.57it/s]
Animation 11: ReplacementTransform(Circle), etc.:  76%|███████▌  | 82/108 [00:01<00:00, 61.49it/s]
Animation 11: ReplacementTransform(Circle), etc.:  82%|████████▏ | 89/108 [00:01<00:00, 61.29it/s]
Animation 11: ReplacementTransform(Circle), etc.:  89%|████████▉ | 96/108 [00:01<00:00, 60.30it/s]
Animation 11: ReplacementTransform(Circle), etc.:  95%|█████████▌| 103/108 [00:01<00:00, 59.95it/s]
                                                                                                   

Animation 12: _MethodAnimation(Dot), etc.:   0%|          | 0/60 [00:00<?, ?it/s]
Animation 12: _MethodAnimation(Dot), etc.:  10%|█         | 6/60 [00:00<00:00, 56.70it/s]
Animation 12: _MethodAnimation(Dot), etc.:  20%|██        | 12/60 [00:00<00:00, 58.47it/s]
Animation 12: _MethodAnimation(Dot), etc.:  30%|███       | 18/60 [00:00<00:00, 58.73it/s]
Animation 12: _MethodAnimation(Dot), etc.:  42%|████▏     | 25/60 [00:00<00:00, 58.78it/s]
Animation 12: _MethodAnimation(Dot), etc.:  53%|█████▎    | 32/60 [00:00<00:00, 59.99it/s]
Animation 12: _MethodAnimation(Dot), etc.:  65%|██████▌   | 39/60 [00:00<00:00, 62.99it/s]
Animation 12: _MethodAnimation(Dot), etc.:  78%|███████▊  | 47/60 [00:00<00:00, 64.69it/s]
Animation 12: _MethodAnimation(Dot), etc.:  90%|█████████ | 54/60 [00:00<00:00, 62.96it/s]
                                                                                          

Animation 14: ReplacementTransform(Circle), etc.:   0%|          | 0/80 [00:00<?, ?it/s]
Animation 14: ReplacementTransform(Circle), etc.:   6%|▋         | 5/80 [00:00<00:01, 47.54it/s]
Animation 14: ReplacementTransform(Circle), etc.:  12%|█▎        | 10/80 [00:00<00:01, 43.15it/s]
Animation 14: ReplacementTransform(Circle), etc.:  19%|█▉        | 15/80 [00:00<00:01, 44.54it/s]
Animation 14: ReplacementTransform(Circle), etc.:  25%|██▌       | 20/80 [00:00<00:01, 43.58it/s]
Animation 14: ReplacementTransform(Circle), etc.:  31%|███▏      | 25/80 [00:00<00:01, 41.49it/s]
Animation 14: ReplacementTransform(Circle), etc.:  38%|███▊      | 30/80 [00:00<00:01, 41.70it/s]
Animation 14: ReplacementTransform(Circle), etc.:  44%|████▍     | 35/80 [00:00<00:01, 42.54it/s]
Animation 14: ReplacementTransform(Circle), etc.:  51%|█████▏    | 41/80 [00:00<00:00, 45.83it/s]
Animation 14: ReplacementTransform(Circle), etc.:  57%|█████▊    | 46/80 [00:01<00:00, 45.15it/s]
Animation 14: ReplacementTransform(Circle), etc.:  64%|██████▍   | 51/80 [00:01<00:00, 44.55it/s]
Animation 14: ReplacementTransform(Circle), etc.:  70%|███████   | 56/80 [00:01<00:00, 44.16it/s]
Animation 14: ReplacementTransform(Circle), etc.:  76%|███████▋  | 61/80 [00:01<00:00, 44.09it/s]
Animation 14: ReplacementTransform(Circle), etc.:  82%|████████▎ | 66/80 [00:01<00:00, 45.00it/s]
Animation 14: ReplacementTransform(Circle), etc.:  89%|████████▉ | 71/80 [00:01<00:00, 45.41it/s]
Animation 14: ReplacementTransform(Circle), etc.:  95%|█████████▌| 76/80 [00:01<00:00, 45.35it/s]
                                                                                                 

Animation 15: FadeIn(Text('×100')):   0%|          | 0/24 [00:00<?, ?it/s]
Animation 15: FadeIn(Text('×100')):  33%|███▎      | 8/24 [00:00<00:00, 76.93it/s]
Animation 15: FadeIn(Text('×100')):  71%|███████   | 17/24 [00:00<00:00, 78.37it/s]
                                                                                   

Animation 16: Indicate(Text('×100')):   0%|          | 0/30 [00:00<?, ?it/s]
Animation 16: Indicate(Text('×100')):  27%|██▋       | 8/30 [00:00<00:00, 73.87it/s]
Animation 16: Indicate(Text('×100')):  53%|█████▎    | 16/30 [00:00<00:00, 74.97it/s]
Animation 16: Indicate(Text('×100')):  83%|████████▎ | 25/30 [00:00<00:00, 78.93it/s]
                                                                                     

Animation 18: FadeOut(Group):   0%|          | 0/24 [00:00<?, ?it/s]
Animation 18: FadeOut(Group):  21%|██        | 5/24 [00:00<00:00, 46.66it/s]
Animation 18: FadeOut(Group):  42%|████▏     | 10/24 [00:00<00:00, 45.13it/s]
Animation 18: FadeOut(Group):  62%|██████▎   | 15/24 [00:00<00:00, 43.15it/s]
Animation 18: FadeOut(Group):  83%|████████▎ | 20/24 [00:00<00:00, 42.59it/s]
                                                                             

Animation 20: Create(ParametricFunction):   0%|          | 0/72 [00:00<?, ?it/s]
Animation 20: Create(ParametricFunction):  15%|█▌        | 11/72 [00:00<00:00, 103.91it/s]
Animation 20: Create(ParametricFunction):  31%|███       | 22/72 [00:00<00:00, 91.61it/s] 
Animation 20: Create(ParametricFunction):  44%|████▍     | 32/72 [00:00<00:00, 93.92it/s]
Animation 20: Create(ParametricFunction):  58%|█████▊    | 42/72 [00:00<00:00, 94.17it/s]
Animation 20: Create(ParametricFunction):  79%|███████▉  | 57/72 [00:00<00:00, 106.92it/s]
Animation 20: Create(ParametricFunction):  94%|█████████▍| 68/72 [00:00<00:00, 98.07it/s] 
                                                                                         

Animation 21: ReplacementTransform(ParametricFunction):   0%|          | 0/72 [00:00<?, ?it/s]
Animation 21: ReplacementTransform(ParametricFunction):   8%|▊         | 6/72 [00:00<00:01, 49.41it/s]
Animation 21: ReplacementTransform(ParametricFunction):  15%|█▌        | 11/72 [00:00<00:01, 46.58it/s]
Animation 21: ReplacementTransform(ParametricFunction):  22%|██▏       | 16/72 [00:00<00:01, 46.76it/s]
Animation 21: ReplacementTransform(ParametricFunction):  29%|██▉       | 21/72 [00:00<00:01, 47.24it/s]
Animation 21: ReplacementTransform(ParametricFunction):  36%|███▌      | 26/72 [00:00<00:01, 45.72it/s]
Animation 21: ReplacementTransform(ParametricFunction):  43%|████▎     | 31/72 [00:00<00:00, 46.20it/s]
Animation 21: ReplacementTransform(ParametricFunction):  51%|█████▏    | 37/72 [00:00<00:00, 47.87it/s]
Animation 21: ReplacementTransform(ParametricFunction):  60%|█████▉    | 43/72 [00:00<00:00, 49.65it/s]
Animation 21: ReplacementTransform(ParametricFunction):  69%|██████▉   | 50/72 [00:01<00:00, 53.58it/s]
Animation 21: ReplacementTransform(ParametricFunction):  78%|███████▊  | 56/72 [00:01<00:00, 50.35it/s]
Animation 21: ReplacementTransform(ParametricFunction):  86%|████████▌ | 62/72 [00:01<00:00, 50.19it/s]
Animation 21: ReplacementTransform(ParametricFunction):  94%|█████████▍| 68/72 [00:01<00:00, 50.54it/s]
                                                                                                       

Animation 22: _MethodAnimation(VGroup of 8 submobjects):   0%|          | 0/135 [00:00<?, ?it/s]
Animation 22: _MethodAnimation(VGroup of 8 submobjects):   7%|▋         | 9/135 [00:00<00:01, 85.91it/s]
Animation 22: _MethodAnimation(VGroup of 8 submobjects):  13%|█▎        | 18/135 [00:00<00:01, 86.53it/s]
Animation 22: _MethodAnimation(VGroup of 8 submobjects):  20%|██        | 27/135 [00:00<00:01, 85.26it/s]
Animation 22: _MethodAnimation(VGroup of 8 submobjects):  27%|██▋       | 36/135 [00:00<00:01, 86.17it/s]
Animation 22: _MethodAnimation(VGroup of 8 submobjects):  36%|███▌      | 48/135 [00:00<00:00, 97.94it/s]
Animation 22: _MethodAnimation(VGroup of 8 submobjects):  44%|████▎     | 59/135 [00:00<00:00, 99.93it/s]
Animation 22: _MethodAnimation(VGroup of 8 submobjects):  52%|█████▏    | 70/135 [00:00<00:00, 100.69it/s]
Animation 22: _MethodAnimation(VGroup of 8 submobjects):  60%|██████    | 81/135 [00:00<00:00, 101.16it/s]
Animation 22: _MethodAnimation(VGroup of 8 submobjects):  68%|██████▊   | 92/135 [00:00<00:00, 100.57it/s]
Animation 22: _MethodAnimation(VGroup of 8 submobjects):  76%|███████▋  | 103/135 [00:01<00:00, 96.63it/s]
Animation 22: _MethodAnimation(VGroup of 8 submobjects):  84%|████████▎ | 113/135 [00:01<00:00, 95.34it/s]
Animation 22: _MethodAnimation(VGroup of 8 submobjects):  92%|█████████▏| 124/135 [00:01<00:00, 98.72it/s]
                                                                                                          

Animation 23: FadeOut(VGroup of 8 submobjects):   0%|          | 0/18 [00:00<?, ?it/s]
Animation 23: FadeOut(VGroup of 8 submobjects):  50%|█████     | 9/18 [00:00<00:00, 76.95it/s]
Animation 23: FadeOut(VGroup of 8 submobjects):  94%|█████████▍| 17/18 [00:00<00:00, 76.05it/s]
                                                                                               

Animation 24: FadeIn(Dot), etc.:   0%|          | 0/24 [00:00<?, ?it/s]
Animation 24: FadeIn(Dot), etc.:  42%|████▏     | 10/24 [00:00<00:00, 86.48it/s]
Animation 24: FadeIn(Dot), etc.:  79%|███████▉  | 19/24 [00:00<00:00, 81.53it/s]
                                                                                

Animation 25: GrowFromEdge(Rectangle), etc.:   0%|          | 0/120 [00:00<?, ?it/s]
Animation 25: GrowFromEdge(Rectangle), etc.:   6%|▌         | 7/120 [00:00<00:01, 69.29it/s]
Animation 25: GrowFromEdge(Rectangle), etc.:  12%|█▏        | 14/120 [00:00<00:01, 68.40it/s]
Animation 25: GrowFromEdge(Rectangle), etc.:  18%|█▊        | 21/120 [00:00<00:01, 62.71it/s]
Animation 25: GrowFromEdge(Rectangle), etc.:  23%|██▎       | 28/120 [00:00<00:01, 62.01it/s]
Animation 25: GrowFromEdge(Rectangle), etc.:  29%|██▉       | 35/120 [00:00<00:01, 58.03it/s]
Animation 25: GrowFromEdge(Rectangle), etc.:  34%|███▍      | 41/120 [00:00<00:01, 57.80it/s]
Animation 25: GrowFromEdge(Rectangle), etc.:  40%|████      | 48/120 [00:00<00:01, 59.36it/s]
Animation 25: GrowFromEdge(Rectangle), etc.:  45%|████▌     | 54/120 [00:00<00:01, 55.37it/s]
Animation 25: GrowFromEdge(Rectangle), etc.:  50%|█████     | 60/120 [00:01<00:01, 54.61it/s]
Animation 25: GrowFromEdge(Rectangle), etc.:  55%|█████▌    | 66/120 [00:01<00:01, 51.80it/s]
Animation 25: GrowFromEdge(Rectangle), etc.:  60%|██████    | 72/120 [00:01<00:00, 52.05it/s]
Animation 25: GrowFromEdge(Rectangle), etc.:  65%|██████▌   | 78/120 [00:01<00:00, 51.80it/s]
Animation 25: GrowFromEdge(Rectangle), etc.:  70%|███████   | 84/120 [00:01<00:00, 49.98it/s]
Animation 25: GrowFromEdge(Rectangle), etc.:  75%|███████▌  | 90/120 [00:01<00:00, 49.75it/s]
Animation 25: GrowFromEdge(Rectangle), etc.:  79%|███████▉  | 95/120 [00:01<00:00, 47.65it/s]
Animation 25: GrowFromEdge(Rectangle), etc.:  83%|████████▎ | 100/120 [00:01<00:00, 47.94it/s]
Animation 25: GrowFromEdge(Rectangle), etc.:  88%|████████▊ | 105/120 [00:01<00:00, 46.59it/s]
Animation 25: GrowFromEdge(Rectangle), etc.:  92%|█████████▏| 110/120 [00:02<00:00, 44.96it/s]
Animation 25: GrowFromEdge(Rectangle), etc.:  96%|█████████▌| 115/120 [00:02<00:00, 45.57it/s]
Animation 25: GrowFromEdge(Rectangle), etc.: 100%|██████████| 120/120 [00:02<00:00, 45.37it/s]
                                                                                              

Animation 27: LaggedStart(Group):   0%|          | 0/101 [00:00<?, ?it/s]
Animation 27: LaggedStart(Group):  10%|▉         | 10/101 [00:00<00:00, 91.53it/s]
Animation 27: LaggedStart(Group):  20%|█▉        | 20/101 [00:00<00:00, 88.04it/s]
Animation 27: LaggedStart(Group):  29%|██▊       | 29/101 [00:00<00:00, 87.28it/s]
Animation 27: LaggedStart(Group):  40%|███▉      | 40/101 [00:00<00:00, 93.87it/s]
Animation 27: LaggedStart(Group):  51%|█████▏    | 52/101 [00:00<00:00, 101.93it/s]
Animation 27: LaggedStart(Group):  62%|██████▏   | 63/101 [00:00<00:00, 96.79it/s] 
Animation 27: LaggedStart(Group):  72%|███████▏  | 73/101 [00:00<00:00, 92.27it/s]
Animation 27: LaggedStart(Group):  82%|████████▏ | 83/101 [00:00<00:00, 86.16it/s]
Animation 27: LaggedStart(Group):  92%|█████████▏| 93/101 [00:01<00:00, 88.83it/s]
                                                                                  

Animation 28: Indicate(Rectangle):   0%|          | 0/42 [00:00<?, ?it/s]
Animation 28: Indicate(Rectangle):  12%|█▏        | 5/42 [00:00<00:00, 47.52it/s]
Animation 28: Indicate(Rectangle):  24%|██▍       | 10/42 [00:00<00:00, 45.98it/s]
Animation 28: Indicate(Rectangle):  36%|███▌      | 15/42 [00:00<00:00, 46.02it/s]
Animation 28: Indicate(Rectangle):  48%|████▊     | 20/42 [00:00<00:00, 47.12it/s]
Animation 28: Indicate(Rectangle):  60%|█████▉    | 25/42 [00:00<00:00, 48.03it/s]
Animation 28: Indicate(Rectangle):  74%|███████▍  | 31/42 [00:00<00:00, 50.21it/s]
Animation 28: Indicate(Rectangle):  88%|████████▊ | 37/42 [00:00<00:00, 52.81it/s]
                                                                                  

Animation 30: FadeOut(VGroup of 7 submobjects), etc.:   0%|          | 0/60 [00:00<?, ?it/s]
Animation 30: FadeOut(VGroup of 7 submobjects), etc.:   8%|▊         | 5/60 [00:00<00:01, 49.53it/s]
Animation 30: FadeOut(VGroup of 7 submobjects), etc.:  17%|█▋        | 10/60 [00:00<00:01, 45.20it/s]
Animation 30: FadeOut(VGroup of 7 submobjects), etc.:  25%|██▌       | 15/60 [00:00<00:01, 42.24it/s]
Animation 30: FadeOut(VGroup of 7 submobjects), etc.:  33%|███▎      | 20/60 [00:00<00:00, 41.76it/s]
Animation 30: FadeOut(VGroup of 7 submobjects), etc.:  43%|████▎     | 26/60 [00:00<00:00, 44.70it/s]
Animation 30: FadeOut(VGroup of 7 submobjects), etc.:  53%|█████▎    | 32/60 [00:00<00:00, 47.80it/s]
Animation 30: FadeOut(VGroup of 7 submobjects), etc.:  63%|██████▎   | 38/60 [00:00<00:00, 49.29it/s]
Animation 30: FadeOut(VGroup of 7 submobjects), etc.:  72%|███████▏  | 43/60 [00:00<00:00, 48.22it/s]
Animation 30: FadeOut(VGroup of 7 submobjects), etc.:  80%|████████  | 48/60 [00:01<00:00, 47.26it/s]
Animation 30: FadeOut(VGroup of 7 submobjects), etc.:  88%|████████▊ | 53/60 [00:01<00:00, 46.82it/s]
Animation 30: FadeOut(VGroup of 7 submobjects), etc.:  97%|█████████▋| 58/60 [00:01<00:00, 47.03it/s]
                                                                                                     

Animation 31: Create(VGroup of 3 submobjects):   0%|          | 0/60 [00:00<?, ?it/s]
Animation 31: Create(VGroup of 3 submobjects):  15%|█▌        | 9/60 [00:00<00:00, 89.33it/s]
Animation 31: Create(VGroup of 3 submobjects):  30%|███       | 18/60 [00:00<00:00, 76.72it/s]
Animation 31: Create(VGroup of 3 submobjects):  45%|████▌     | 27/60 [00:00<00:00, 80.53it/s]
Animation 31: Create(VGroup of 3 submobjects):  62%|██████▏   | 37/60 [00:00<00:00, 85.73it/s]
Animation 31: Create(VGroup of 3 submobjects):  88%|████████▊ | 53/60 [00:00<00:00, 110.60it/s]
                                                                                               

Animation 32: FadeIn(Dot), etc.:   0%|          | 0/60 [00:00<?, ?it/s]
Animation 32: FadeIn(Dot), etc.:  13%|█▎        | 8/60 [00:00<00:00, 72.58it/s]
Animation 32: FadeIn(Dot), etc.:  27%|██▋       | 16/60 [00:00<00:00, 68.76it/s]
Animation 32: FadeIn(Dot), etc.:  38%|███▊      | 23/60 [00:00<00:00, 62.24it/s]
Animation 32: FadeIn(Dot), etc.:  50%|█████     | 30/60 [00:00<00:00, 61.65it/s]
Animation 32: FadeIn(Dot), etc.:  62%|██████▏   | 37/60 [00:00<00:00, 61.71it/s]
Animation 32: FadeIn(Dot), etc.:  73%|███████▎  | 44/60 [00:00<00:00, 63.31it/s]
Animation 32: FadeIn(Dot), etc.:  85%|████████▌ | 51/60 [00:00<00:00, 55.39it/s]
Animation 32: FadeIn(Dot), etc.:  97%|█████████▋| 58/60 [00:00<00:00, 57.76it/s]
                                                                                

Animation 34: FadeIn(Text('freed: 0')), etc.:   0%|          | 0/59 [00:00<?, ?it/s]
Animation 34: FadeIn(Text('freed: 0')), etc.:  12%|█▏        | 7/59 [00:00<00:00, 61.90it/s]
Animation 34: FadeIn(Text('freed: 0')), etc.:  24%|██▎       | 14/59 [00:00<00:00, 63.98it/s]
Animation 34: FadeIn(Text('freed: 0')), etc.:  36%|███▌      | 21/59 [00:00<00:00, 62.27it/s]
Animation 34: FadeIn(Text('freed: 0')), etc.:  47%|████▋     | 28/59 [00:00<00:00, 59.33it/s]
Animation 34: FadeIn(Text('freed: 0')), etc.:  58%|█████▊    | 34/59 [00:00<00:00, 58.30it/s]
Animation 34: FadeIn(Text('freed: 0')), etc.:  69%|██████▉   | 41/59 [00:00<00:00, 60.29it/s]
Animation 34: FadeIn(Text('freed: 0')), etc.:  83%|████████▎ | 49/59 [00:00<00:00, 63.68it/s]
Animation 34: FadeIn(Text('freed: 0')), etc.:  95%|█████████▍| 56/59 [00:00<00:00, 60.63it/s]
                                                                                             

Animation 35: _MethodAnimation(VGroup of 6 submobjects), etc.:   0%|          | 0/59 [00:00<?, ?it/s]
Animation 35: _MethodAnimation(VGroup of 6 submobjects), etc.:   8%|▊         | 5/59 [00:00<00:01, 45.16it/s]
Animation 35: _MethodAnimation(VGroup of 6 submobjects), etc.:  17%|█▋        | 10/59 [00:00<00:01, 44.33it/s]
Animation 35: _MethodAnimation(VGroup of 6 submobjects), etc.:  25%|██▌       | 15/59 [00:00<00:01, 42.93it/s]
Animation 35: _MethodAnimation(VGroup of 6 submobjects), etc.:  34%|███▍      | 20/59 [00:00<00:00, 43.84it/s]
Animation 35: _MethodAnimation(VGroup of 6 submobjects), etc.:  42%|████▏     | 25/59 [00:00<00:00, 44.62it/s]
Animation 35: _MethodAnimation(VGroup of 6 submobjects), etc.:  51%|█████     | 30/59 [00:00<00:00, 46.15it/s]
Animation 35: _MethodAnimation(VGroup of 6 submobjects), etc.:  61%|██████    | 36/59 [00:00<00:00, 47.41it/s]
Animation 35: _MethodAnimation(VGroup of 6 submobjects), etc.:  71%|███████   | 42/59 [00:00<00:00, 49.48it/s]
Animation 35: _MethodAnimation(VGroup of 6 submobjects), etc.:  81%|████████▏ | 48/59 [00:01<00:00, 49.92it/s]
Animation 35: _MethodAnimation(VGroup of 6 submobjects), etc.:  90%|████████▉ | 53/59 [00:01<00:00, 49.76it/s]
Animation 35: _MethodAnimation(VGroup of 6 submobjects), etc.:  98%|█████████▊| 58/59 [00:01<00:00, 49.42it/s]
                                                                                                              

Animation 36: _MethodAnimation(Dot):   0%|          | 0/24 [00:00<?, ?it/s]
Animation 36: _MethodAnimation(Dot):  21%|██        | 5/24 [00:00<00:00, 49.23it/s]
Animation 36: _MethodAnimation(Dot):  46%|████▌     | 11/24 [00:00<00:00, 50.29it/s]
Animation 36: _MethodAnimation(Dot):  71%|███████   | 17/24 [00:00<00:00, 49.07it/s]
Animation 36: _MethodAnimation(Dot):  92%|█████████▏| 22/24 [00:00<00:00, 48.20it/s]
                                                                                    

Animation 37: Indicate(Text('freed: 0')):   0%|          | 0/30 [00:00<?, ?it/s]
Animation 37: Indicate(Text('freed: 0')):  23%|██▎       | 7/30 [00:00<00:00, 61.02it/s]
Animation 37: Indicate(Text('freed: 0')):  47%|████▋     | 14/30 [00:00<00:00, 62.99it/s]
Animation 37: Indicate(Text('freed: 0')):  73%|███████▎  | 22/30 [00:00<00:00, 66.59it/s]
Animation 37: Indicate(Text('freed: 0')): 100%|██████████| 30/30 [00:00<00:00, 68.69it/s]
                                                                                         

Animation 39: _MethodAnimation(Dot):   0%|          | 0/60 [00:00<?, ?it/s]
Animation 39: _MethodAnimation(Dot):  17%|█▋        | 10/60 [00:00<00:00, 91.10it/s]
Animation 39: _MethodAnimation(Dot):  35%|███▌      | 21/60 [00:00<00:00, 100.07it/s]
Animation 39: _MethodAnimation(Dot):  53%|█████▎    | 32/60 [00:00<00:00, 102.73it/s]
Animation 39: _MethodAnimation(Dot):  72%|███████▏  | 43/60 [00:00<00:00, 97.70it/s] 
Animation 39: _MethodAnimation(Dot): 100%|██████████| 60/60 [00:00<00:00, 121.46it/s]
                                                                                     

Animation 40: _MethodAnimation(Dot):   0%|          | 0/48 [00:00<?, ?it/s]
Animation 40: _MethodAnimation(Dot):  10%|█         | 5/48 [00:00<00:00, 47.74it/s]
Animation 40: _MethodAnimation(Dot):  21%|██        | 10/48 [00:00<00:00, 46.06it/s]
Animation 40: _MethodAnimation(Dot):  33%|███▎      | 16/48 [00:00<00:00, 48.72it/s]
Animation 40: _MethodAnimation(Dot):  44%|████▍     | 21/48 [00:00<00:00, 47.12it/s]
Animation 40: _MethodAnimation(Dot):  56%|█████▋    | 27/48 [00:00<00:00, 50.30it/s]
Animation 40: _MethodAnimation(Dot):  69%|██████▉   | 33/48 [00:00<00:00, 51.83it/s]
Animation 40: _MethodAnimation(Dot):  81%|████████▏ | 39/48 [00:00<00:00, 51.53it/s]
Animation 40: _MethodAnimation(Dot):  94%|█████████▍| 45/48 [00:00<00:00, 52.64it/s]
                                                                                    

Animation 41: _MethodAnimation(Dot):   0%|          | 0/48 [00:00<?, ?it/s]
Animation 41: _MethodAnimation(Dot):  12%|█▎        | 6/48 [00:00<00:00, 53.05it/s]
Animation 41: _MethodAnimation(Dot):  25%|██▌       | 12/48 [00:00<00:00, 51.61it/s]
Animation 41: _MethodAnimation(Dot):  38%|███▊      | 18/48 [00:00<00:00, 51.08it/s]
Animation 41: _MethodAnimation(Dot):  50%|█████     | 24/48 [00:00<00:00, 50.92it/s]
Animation 41: _MethodAnimation(Dot):  62%|██████▎   | 30/48 [00:00<00:00, 51.22it/s]
Animation 41: _MethodAnimation(Dot):  75%|███████▌  | 36/48 [00:00<00:00, 53.26it/s]
Animation 41: _MethodAnimation(Dot):  88%|████████▊ | 42/48 [00:00<00:00, 53.94it/s]
Animation 41: _MethodAnimation(Dot): 100%|██████████| 48/48 [00:00<00:00, 53.38it/s]
                                                                                    

Animation 42: Transform(Text('freed: 0')):   0%|          | 0/24 [00:00<?, ?it/s]
Animation 42: Transform(Text('freed: 0')):  29%|██▉       | 7/24 [00:00<00:00, 68.48it/s]
Animation 42: Transform(Text('freed: 0')):  58%|█████▊    | 14/24 [00:00<00:00, 65.49it/s]
Animation 42: Transform(Text('freed: 0')):  92%|█████████▏| 22/24 [00:00<00:00, 69.39it/s]
                                                                                          

Animation 44: Write(MathTex('E = h\\nu')):   0%|          | 0/120 [00:00<?, ?it/s]
Animation 44: Write(MathTex('E = h\\nu')):   6%|▌         | 7/120 [00:00<00:01, 65.33it/s]
Animation 44: Write(MathTex('E = h\\nu')):  13%|█▎        | 16/120 [00:00<00:01, 79.22it/s]
Animation 44: Write(MathTex('E = h\\nu')):  22%|██▏       | 26/120 [00:00<00:01, 84.58it/s]
Animation 44: Write(MathTex('E = h\\nu')):  31%|███       | 37/120 [00:00<00:00, 93.32it/s]
Animation 44: Write(MathTex('E = h\\nu')):  40%|████      | 48/120 [00:00<00:00, 97.45it/s]
Animation 44: Write(MathTex('E = h\\nu')):  48%|████▊     | 58/120 [00:00<00:00, 88.21it/s]
Animation 44: Write(MathTex('E = h\\nu')):  56%|█████▌    | 67/120 [00:00<00:00, 83.24it/s]
Animation 44: Write(MathTex('E = h\\nu')):  63%|██████▎   | 76/120 [00:00<00:00, 80.89it/s]
Animation 44: Write(MathTex('E = h\\nu')):  71%|███████   | 85/120 [00:01<00:00, 82.30it/s]
Animation 44: Write(MathTex('E = h\\nu')):  78%|███████▊  | 94/120 [00:01<00:00, 78.51it/s]
Animation 44: Write(MathTex('E = h\\nu')):  86%|████████▌ | 103/120 [00:01<00:00, 78.89it/s]
Animation 44: Write(MathTex('E = h\\nu')):  93%|█████████▎| 112/120 [00:01<00:00, 80.90it/s]
                                                                                            

Animation 45: FadeIn(Text('photon')):   0%|          | 0/30 [00:00<?, ?it/s]
Animation 45: FadeIn(Text('photon')):  23%|██▎       | 7/30 [00:00<00:00, 66.00it/s]
Animation 45: FadeIn(Text('photon')):  47%|████▋     | 14/30 [00:00<00:00, 66.85it/s]
Animation 45: FadeIn(Text('photon')):  70%|███████   | 21/30 [00:00<00:00, 66.50it/s]
Animation 45: FadeIn(Text('photon')):  93%|█████████▎| 28/30 [00:00<00:00, 65.81it/s]
                                                                                     

Animation 47: FadeOut(Text('escape cost')), etc.:   0%|          | 0/60 [00:00<?, ?it/s]
Animation 47: FadeOut(Text('escape cost')), etc.:   8%|▊         | 5/60 [00:00<00:01, 44.71it/s]
Animation 47: FadeOut(Text('escape cost')), etc.:  17%|█▋        | 10/60 [00:00<00:01, 41.72it/s]
Animation 47: FadeOut(Text('escape cost')), etc.:  25%|██▌       | 15/60 [00:00<00:01, 42.08it/s]
Animation 47: FadeOut(Text('escape cost')), etc.:  33%|███▎      | 20/60 [00:00<00:00, 41.97it/s]
Animation 47: FadeOut(Text('escape cost')), etc.:  42%|████▏     | 25/60 [00:00<00:00, 42.67it/s]
Animation 47: FadeOut(Text('escape cost')), etc.:  50%|█████     | 30/60 [00:00<00:00, 42.90it/s]
Animation 47: FadeOut(Text('escape cost')), etc.:  58%|█████▊    | 35/60 [00:00<00:00, 42.78it/s]
Animation 47: FadeOut(Text('escape cost')), etc.:  67%|██████▋   | 40/60 [00:00<00:00, 44.19it/s]
Animation 47: FadeOut(Text('escape cost')), etc.:  75%|███████▌  | 45/60 [00:01<00:00, 44.40it/s]
Animation 47: FadeOut(Text('escape cost')), etc.:  83%|████████▎ | 50/60 [00:01<00:00, 43.72it/s]
Animation 47: FadeOut(Text('escape cost')), etc.:  92%|█████████▏| 55/60 [00:01<00:00, 44.00it/s]
Animation 47: FadeOut(Text('escape cost')), etc.: 100%|██████████| 60/60 [00:01<00:00, 44.49it/s]
                                                                                                 

Animation 48: FadeIn(VGroup of 6 submobjects), etc.:   0%|          | 0/60 [00:00<?, ?it/s]
Animation 48: FadeIn(VGroup of 6 submobjects), etc.:  13%|█▎        | 8/60 [00:00<00:00, 76.90it/s]
Animation 48: FadeIn(VGroup of 6 submobjects), etc.:  28%|██▊       | 17/60 [00:00<00:00, 79.67it/s]
Animation 48: FadeIn(VGroup of 6 submobjects), etc.:  42%|████▏     | 25/60 [00:00<00:00, 78.76it/s]
Animation 48: FadeIn(VGroup of 6 submobjects), etc.:  55%|█████▌    | 33/60 [00:00<00:00, 77.03it/s]
Animation 48: FadeIn(VGroup of 6 submobjects), etc.:  73%|███████▎  | 44/60 [00:00<00:00, 86.55it/s]
Animation 48: FadeIn(VGroup of 6 submobjects), etc.:  90%|█████████ | 54/60 [00:00<00:00, 90.24it/s]
                                                                                                    

Animation 49: _MethodAnimation(VGroup of 6 submobjects), etc.:   0%|          | 0/71 [00:00<?, ?it/s]
Animation 49: _MethodAnimation(VGroup of 6 submobjects), etc.:  11%|█▏        | 8/71 [00:00<00:00, 72.31it/s]
Animation 49: _MethodAnimation(VGroup of 6 submobjects), etc.:  23%|██▎       | 16/71 [00:00<00:00, 70.13it/s]
Animation 49: _MethodAnimation(VGroup of 6 submobjects), etc.:  34%|███▍      | 24/71 [00:00<00:00, 74.09it/s]
Animation 49: _MethodAnimation(VGroup of 6 submobjects), etc.:  46%|████▋     | 33/71 [00:00<00:00, 78.22it/s]
Animation 49: _MethodAnimation(VGroup of 6 submobjects), etc.:  63%|██████▎   | 45/71 [00:00<00:00, 91.30it/s]
Animation 49: _MethodAnimation(VGroup of 6 submobjects), etc.:  79%|███████▉  | 56/71 [00:00<00:00, 96.44it/s]
Animation 49: _MethodAnimation(VGroup of 6 submobjects), etc.:  93%|█████████▎| 66/71 [00:00<00:00, 87.65it/s]
                                                                                                              

Animation 51: FadeOut(VGroup of 2 submobjects):   0%|          | 0/18 [00:00<?, ?it/s]
Animation 51: FadeOut(VGroup of 2 submobjects):  39%|███▉      | 7/18 [00:00<00:00, 60.44it/s]
Animation 51: FadeOut(VGroup of 2 submobjects):  78%|███████▊  | 14/18 [00:00<00:00, 62.51it/s]
                                                                                               

Animation 52: FadeIn(VGroup of 3 submobjects):   0%|          | 0/30 [00:00<?, ?it/s]
Animation 52: FadeIn(VGroup of 3 submobjects):  13%|█▎        | 4/30 [00:00<00:00, 36.24it/s]
Animation 52: FadeIn(VGroup of 3 submobjects):  27%|██▋       | 8/30 [00:00<00:00, 37.18it/s]
Animation 52: FadeIn(VGroup of 3 submobjects):  40%|████      | 12/30 [00:00<00:00, 35.29it/s]
Animation 52: FadeIn(VGroup of 3 submobjects):  53%|█████▎    | 16/30 [00:00<00:00, 34.47it/s]
Animation 52: FadeIn(VGroup of 3 submobjects):  67%|██████▋   | 20/30 [00:00<00:00, 34.21it/s]
Animation 52: FadeIn(VGroup of 3 submobjects):  80%|████████  | 24/30 [00:00<00:00, 33.13it/s]
Animation 52: FadeIn(VGroup of 3 submobjects):  93%|█████████▎| 28/30 [00:00<00:00, 33.43it/s]
                                                                                              


===== STEP: SHORT: assemble 9:16 → dim-blue-beats-blinding-red-short-bb-short.mp4
$ /Users/nik/ai/bin/python3 /Users/nik/Documents/Cowork/quantum-mechanics-vol1/youtube/scripts/assemble.py /Users/nik/Documents/Cowork/quantum-mechanics-vol1/youtube/dim-blue-beats-blinding-red-bb/short --mode manim --portrait
cwd: /Users/nik/Documents/Cowork/Manim
exit: 0
[ffmpeg] ffmpeg -y -f concat -safe 0 -i /Users/nik/Documents/Cowork/quantum-mechanics-vol1/youtube/dim-blue-beats-blinding-red-bb/short/mp3/_concat.txt -c:a aac -b:a 192k /Users/nik/Documents/Cowork/quantum-mechanics-vol1/youtube/dim-blue-beats-blinding-red-bb/short/mp4/_voiceover.m4a
[ffmpeg] ffmpeg -y -i /Users/nik/Documents/Cowork/quantum-mechanics-vol1/youtube/dim-blue-beats-blinding-red-bb/short/media/videos/dim_blue_beats_blinding_red_short_bb/1920p60/BearsDoodlesVideo.mp4 -i /Users/nik/Documents/Cowork/quantum-mechanics-vol1/youtube/dim-blue-beats-blinding-red-bb/short/mp4/_voiceover.m4a -filter_complex [0:v]tpad=stop_mode=clone:stop_duration=1.0[v] -map [v] -map 1:a:0 -c:v libx264 -pix_fmt yuv420p -crf 18 -preset medium -c:a aac -b:a 192k /Users/nik/Documents/Cowork/quantum-mechanics-vol1/youtube/dim-blue-beats-blinding-red-bb/short/mp4/dim-blue-beats-blinding-red-short-bb-short.mp4
[ok] final → /Users/nik/Documents/Cowork/quantum-mechanics-vol1/youtube/dim-blue-beats-blinding-red-bb/short/mp4/dim-blue-beats-blinding-red-short-bb-short.mp4
ffmpeg version 7.0 Copyright (c) 2000-2024 the FFmpeg developers
  built with Apple clang version 15.0.0 (clang-1500.1.0.2.5)
  configuration: --prefix=/usr/local/Cellar/ffmpeg/7.0 --enable-shared --enable-pthreads --enable-version3 --cc=clang --host-cflags= --host-ldflags='-Wl,-ld_classic' --enable-ffplay --enable-gnutls --enable-gpl --enable-libaom --enable-libaribb24 --enable-libbluray --enable-libdav1d --enable-libharfbuzz --enable-libjxl --enable-libmp3lame --enable-libopus --enable-librav1e --enable-librist --enable-librubberband --enable-libsnappy --enable-libsrt --enable-libssh --enable-libsvtav1 --enable-libtesseract --enable-libtheora --enable-libvidstab --enable-libvmaf --enable-libvorbis --enable-libvpx --enable-libwebp --enable-libx264 --enable-libx265 --enable-libxml2 --enable-libxvid --enable-lzma --enable-libfontconfig --enable-libfreetype --enable-frei0r --enable-libass --enable-libopencore-amrnb --enable-libopencore-amrwb --enable-libopenjpeg --enable-libopenvino --enable-libspeex --enable-libsoxr --enable-libzmq --enable-libzimg --disable-libjack --disable-indev=jack --enable-videotoolbox --enable-audiotoolbox
  libavutil      59.  8.100 / 59.  8.100
  libavcodec     61.  3.100 / 61.  3.100
  libavformat    61.  1.100 / 61.  1.100
  libavdevice    61.  1.100 / 61.  1.100
  libavfilter    10.  1.100 / 10.  1.100
  libswscale      8.  1.100 /  8.  1.100
  libswresample   5.  1.100 /  5.  1.100
  libpostproc    58.  1.100 / 58.  1.100
Input #0, concat, from '/Users/nik/Documents/Cowork/quantum-mechanics-vol1/youtube/dim-blue-beats-blinding-red-bb/short/mp3/_concat.txt':
  Duration: N/A, start: -0.025057, bitrate: 128 kb/s
  Stream #0:0: Audio: mp3 (mp3float), 44100 Hz, mono, fltp, 128 kb/s
Stream mapping:
  Stream #0:0 -> #0:0 (mp3 (mp3float) -> aac (native))
Press [q] to stop, [?] for help
Output #0, ipod, to '/Users/nik/Documents/Cowork/quantum-mechanics-vol1/youtube/dim-blue-beats-blinding-red-bb/short/mp4/_voiceover.m4a':
  Metadata:
    encoder         : Lavf61.1.100
  Stream #0:0: Audio: aac (LC) (mp4a / 0x6134706D), 44100 Hz, mono, fltp, 192 kb/s
      Metadata:
        encoder         : Lavc61.3.100 aac
size=     256KiB time=00:00:20.57 bitrate= 101.9kbits/s speed=  41x    
size=     768KiB time=00:00:41.19 bitrate= 152.7kbits/s speed=40.9x    
size=    1280KiB time=00:00:58.04 bitrate= 180.7kbits/s speed=38.4x    
[out#0/ipod @ 0x7fc712211f80] video:0KiB audio:1484KiB subtitle:0KiB other streams:0KiB global headers:0KiB muxing overhead: 0.772685%
size=    1495KiB time=00:01:02.75 bitrate= 195.2kbits/s speed=37.5x    
[aac @ 0x7fc712212c00] Qavg: 54724.895
ffmpeg version 7.0 Copyright (c) 2000-2024 the FFmpeg developers
  built with Apple clang version 15.0.0 (clang-1500.1.0.2.5)
  configuration: --prefix=/usr/local/Cellar/ffmpeg/7.0 --enable-shared --enable-pthreads --enable-version3 --cc=clang --host-cflags= --host-ldflags='-Wl,-ld_classic' --enable-ffplay --enable-gnutls --enable-gpl --enable-libaom --enable-libaribb24 --enable-libbluray --enable-libdav1d --enable-libharfbuzz --enable-libjxl --enable-libmp3lame --enable-libopus --enable-librav1e --enable-librist --enable-librubberband --enable-libsnappy --enable-libsrt --enable-libssh --enable-libsvtav1 --enable-libtesseract --enable-libtheora --enable-libvidstab --enable-libvmaf --enable-libvorbis --enable-libvpx --enable-libwebp --enable-libx264 --enable-libx265 --enable-libxml2 --enable-libxvid --enable-lzma --enable-libfontconfig --enable-libfreetype --enable-frei0r --enable-libass --enable-libopencore-amrnb --enable-libopencore-amrwb --enable-libopenjpeg --enable-libopenvino --enable-libspeex --enable-libsoxr --enable-libzmq --enable-libzimg --disable-libjack --disable-indev=jack --enable-videotoolbox --enable-audiotoolbox
  libavutil      59.  8.100 / 59.  8.100
  libavcodec     61.  3.100 / 61.  3.100
  libavformat    61.  1.100 / 61.  1.100
  libavdevice    61.  1.100 / 61.  1.100
  libavfilter    10.  1.100 / 10.  1.100
  libswscale      8.  1.100 /  8.  1.100
  libswresample   5.  1.100 /  5.  1.100
  libpostproc    58.  1.100 / 58.  1.100
Input #0, mov,mp4,m4a,3gp,3g2,mj2, from '/Users/nik/Documents/Cowork/quantum-mechanics-vol1/youtube/dim-blue-beats-blinding-red-bb/short/media/videos/dim_blue_beats_blinding_red_short_bb/1920p60/BearsDoodlesVideo.mp4':
  Metadata:
    major_brand     : isom
    minor_version   : 512
    compatible_brands: isomiso2avc1mp41
    encoder         : Lavf62.12.101
    comment         : Rendered with Manim Community v0.20.1
  Duration: 00:01:03.53, start: 0.000000, bitrate: 305 kb/s
  Stream #0:0[0x1](und): Video: h264 (High) (avc1 / 0x31637661), yuv420p(progressive), 1080x1920, 299 kb/s, 60 fps, 60 tbr, 15360 tbn (default)
      Metadata:
        handler_name    : VideoHandler
        vendor_id       : [0][0][0][0]
Input #1, mov,mp4,m4a,3gp,3g2,mj2, from '/Users/nik/Documents/Cowork/quantum-mechanics-vol1/youtube/dim-blue-beats-blinding-red-bb/short/mp4/_voiceover.m4a':
  Metadata:
    major_brand     : M4A 
    minor_version   : 512
    compatible_brands: M4A isomiso2
    encoder         : Lavf61.1.100
  Duration: 00:01:02.75, start: 0.000998, bitrate: 195 kb/s
  Stream #1:0[0x1](und): Audio: aac (LC) (mp4a / 0x6134706D), 44100 Hz, mono, fltp, 193 kb/s (default)
      Metadata:
        handler_name    : SoundHandler
        vendor_id       : [0][0][0][0]
Stream mapping:
  Stream #0:0 (h264) -> tpad:default (graph 0)
  tpad:default (graph 0) -> Stream #0:0 (libx264)
  Stream #1:0 -> #0:1 (aac (native) -> aac (native))
Press [q] to stop, [?] for help
[libx264 @ 0x7f9855909380] using cpu capabilities: MMX2 SSE2Fast SSSE3 SSE4.2 AVX FMA3 BMI2 AVX2
[libx264 @ 0x7f9855909380] profile High, level 4.2, 4:2:0, 8-bit
[libx264 @ 0x7f9855909380] 264 - core 164 r3108 31e19f9 - H.264/MPEG-4 AVC codec - Copyleft 2003-2023 - http://www.videolan.org/x264.html - options: cabac=1 ref=3 deblock=1:0:0 analyse=0x3:0x113 me=hex subme=7 psy=1 psy_rd=1.00:0.00 mixed_ref=1 me_range=16 chroma_me=1 trellis=1 8x8dct=1 cqm=0 deadzone=21,11 fast_pskip=1 chroma_qp_offset=-2 threads=24 lookahead_threads=4 sliced_threads=0 nr=0 decimate=1 interlaced=0 bluray_compat=0 constrained_intra=0 bframes=3 b_pyramid=2 b_adapt=1 b_bias=0 direct=1 weightb=1 open_gop=0 weightp=2 keyint=250 keyint_min=25 scenecut=40 intra_refresh=0 rc_lookahead=40 rc=crf mbtree=1 crf=18.0 qcomp=0.60 qpmin=0 qpmax=69 qpstep=4 ip_ratio=1.40 aq=1:1.00
Output #0, mp4, to '/Users/nik/Documents/Cowork/quantum-mechanics-vol1/youtube/dim-blue-beats-blinding-red-bb/short/mp4/dim-blue-beats-blinding-red-short-bb-short.mp4':
  Metadata:
    major_brand     : isom
    minor_version   : 512
    compatible_brands: isomiso2avc1mp41
    comment         : Rendered with Manim Community v0.20.1
    encoder         : Lavf61.1.100
  Stream #0:0: Video: h264 (avc1 / 0x31637661), yuv420p(progressive), 1080x1920, q=2-31, 60 fps, 15360 tbn
      Metadata:
        encoder         : Lavc61.3.100 libx264
      Side data:
        cpb: bitrate max/min/avg: 0/0/0 buffer size: 0 vbv_delay: N/A
  Stream #0:1(und): Audio: aac (LC) (mp4a / 0x6134706D), 44100 Hz, mono, fltp, 192 kb/s (default)
      Metadata:
        handler_name    : SoundHandler
        vendor_id       : [0][0][0][0]
        encoder         : Lavc61.3.100 aac
frame=   21 fps=0.0 q=26.0 size=       0KiB time=00:00:00.31 bitrate=   1.2kbits/s speed=0.632x    
frame=  149 fps=149 q=26.0 size=       0KiB time=00:00:02.45 bitrate=   0.2kbits/s speed=2.44x    
frame=  268 fps=178 q=26.0 size=     256KiB time=00:00:04.43 bitrate= 473.1kbits/s speed=2.95x    
frame=  385 fps=192 q=26.0 size=     256KiB time=00:00:06.38 bitrate= 328.6kbits/s speed=3.19x    
frame=  460 fps=184 q=26.0 size=     256KiB time=00:00:07.63 bitrate= 274.8kbits/s speed=3.05x    
frame=  585 fps=194 q=26.0 size=     256KiB time=00:00:09.71 bitrate= 215.9kbits/s speed=3.23x    
frame=  717 fps=204 q=26.0 size=     512KiB time=00:00:11.91 bitrate= 352.0kbits/s speed=3.39x    
frame=  820 fps=204 q=26.0 size=     768KiB time=00:00:13.63 bitrate= 461.5kbits/s speed=3.39x    
frame=  954 fps=211 q=26.0 size=     768KiB time=00:00:15.86 bitrate= 396.5kbits/s speed=3.51x    
frame= 1046 fps=208 q=26.0 size=    1024KiB time=00:00:17.40 bitrate= 482.1kbits/s speed=3.47x    
frame= 1165 fps=211 q=26.0 size=    1024KiB time=00:00:19.38 bitrate= 432.8kbits/s speed=3.51x    
frame= 1295 fps=215 q=26.0 size=    1280KiB time=00:00:21.55 bitrate= 486.6kbits/s speed=3.57x    
frame= 1447 fps=222 q=26.0 size=    1280KiB time=00:00:24.08 bitrate= 435.4kbits/s speed=3.69x    
frame= 1603 fps=228 q=26.0 size=    1280KiB time=00:00:26.68 bitrate= 393.0kbits/s speed=3.79x    
frame= 1745 fps=231 q=26.0 size=    1536KiB time=00:00:29.05 bitrate= 433.2kbits/s speed=3.85x    
frame= 1872 fps=233 q=26.0 size=    1536KiB time=00:00:31.16 bitrate= 403.7kbits/s speed=3.88x    
frame= 2039 fps=239 q=26.0 size=    1536KiB time=00:00:33.95 bitrate= 370.6kbits/s speed=3.97x    
frame= 2179 fps=241 q=26.0 size=    1792KiB time=00:00:36.28 bitrate= 404.6kbits/s speed=4.01x    
frame= 2351 fps=246 q=26.0 size=    1792KiB time=00:00:39.15 bitrate= 375.0kbits/s speed= 4.1x    
frame= 2527 fps=251 q=26.0 size=    2048KiB time=00:00:42.08 bitrate= 398.7kbits/s speed=4.18x    
frame= 2710 fps=257 q=26.0 size=    2048KiB time=00:00:45.13 bitrate= 371.7kbits/s speed=4.28x    
frame= 2887 fps=261 q=26.0 size=    2304KiB time=00:00:48.08 bitrate= 392.5kbits/s speed=4.35x    
frame= 3057 fps=264 q=26.0 size=    2304KiB time=00:00:50.91 bitrate= 370.7kbits/s speed= 4.4x    
frame= 3227 fps=267 q=26.0 size=    2560KiB time=00:00:53.75 bitrate= 390.2kbits/s speed=4.46x    
frame= 3407 fps=271 q=26.0 size=    2560KiB time=00:00:56.75 bitrate= 369.5kbits/s speed=4.51x    
frame= 3584 fps=274 q=26.0 size=    2560KiB time=00:00:59.70 bitrate= 351.3kbits/s speed=4.57x    
frame= 3780 fps=278 q=26.0 size=    2816KiB time=00:01:02.96 bitrate= 366.4kbits/s speed=4.64x    
[out#0/mp4 @ 0x7f985590de40] video:1440KiB audio:1472KiB subtitle:0KiB other streams:0KiB global headers:0KiB muxing overhead: 3.539273%
frame= 3872 fps=283 q=-1.0 Lsize=    3015KiB time=00:01:02.75 bitrate= 393.6kbits/s speed=4.58x    
[libx264 @ 0x7f9855909380] frame I:16    Avg QP: 4.19  size:  9517
[libx264 @ 0x7f9855909380] frame P:995   Avg QP:12.37  size:   797
[libx264 @ 0x7f9855909380] frame B:2861  Avg QP:14.03  size:   185
[libx264 @ 0x7f9855909380] consecutive B-frames:  0.9%  1.4%  1.5% 96.3%
[libx264 @ 0x7f9855909380] mb I  I16..4: 94.4%  3.3%  2.3%
[libx264 @ 0x7f9855909380] mb P  I16..4:  0.3%  0.1%  0.1%  P16..4:  0.7%  0.1%  0.1%  0.0%  0.0%    skip:98.6%
[libx264 @ 0x7f9855909380] mb B  I16..4:  0.0%  0.0%  0.0%  B16..8:  0.5%  0.0%  0.0%  direct: 0.0%  skip:99.4%  L0:49.7% L1:44.4% BI: 5.9%
[libx264 @ 0x7f9855909380] 8x8 transform intra:11.1% inter:37.8%
[libx264 @ 0x7f9855909380] coded y,uvDC,uvAC intra: 4.6% 6.5% 3.7% inter: 0.1% 0.1% 0.0%
[libx264 @ 0x7f9855909380] i16 v,h,dc,p: 95%  4%  1%  0%
[libx264 @ 0x7f9855909380] i8 v,h,dc,ddl,ddr,vr,hd,vl,hu: 23% 28% 38%  2%  2%  2%  1%  2%  1%
[libx264 @ 0x7f9855909380] i4 v,h,dc,ddl,ddr,vr,hd,vl,hu: 28% 19% 27%  5%  5%  5%  4%  4%  3%
[libx264 @ 0x7f9855909380] i8c dc,h,v,p: 89%  6%  5%  0%
[libx264 @ 0x7f9855909380] Weighted P-Frames: Y:4.7% UV:3.7%
[libx264 @ 0x7f9855909380] ref P L0: 84.1%  5.1%  7.7%  2.9%  0.1%
[libx264 @ 0x7f9855909380] ref B L0: 72.0% 25.7%  2.3%
[libx264 @ 0x7f9855909380] ref B L1: 94.8%  5.2%
[libx264 @ 0x7f9855909380] kb/s:182.68
[aac @ 0x7f985590a480] Qavg: 55704.789


===== STEP: SHORT: forced alignment (faster-whisper)
$ /Users/nik/ai/bin/python3 /Users/nik/Documents/Cowork/quantum-mechanics-vol1/youtube/scripts/align_captions.py /Users/nik/Documents/Cowork/quantum-mechanics-vol1/youtube/dim-blue-beats-blinding-red-bb/short
cwd: /Users/nik/Documents/Cowork/Manim
exit: 0
[ok] INTRO: 2 caption lines, 12 words aligned
[ok] H01: 2 caption lines, 17 words aligned
[ok] H02: 2 caption lines, 11 words aligned
[ok] H03: 1 caption lines, 9 words aligned
[ok] K01: 2 caption lines, 11 words aligned
[ok] K02: 2 caption lines, 16 words aligned
[ok] K03: 2 caption lines, 10 words aligned
[ok] C01: 2 caption lines, 17 words aligned
[ok] X01: 2 caption lines, 12 words aligned
[ok] X02: 2 caption lines, 15 words aligned
[ok] A01: 3 caption lines, 15 words aligned
[ok] P01: 2 caption lines, 13 words aligned
[ok] OUTRO: 5 caption lines, 33 words aligned
[ok] wrote /Users/nik/Documents/Cowork/quantum-mechanics-vol1/youtube/dim-blue-beats-blinding-red-bb/short/captions.json


===== STEP: SHORT: karaoke 16:9
$ /Users/nik/ai/bin/python3 /Users/nik/Documents/Cowork/quantum-mechanics-vol1/youtube/scripts/burn_captions.py /Users/nik/Documents/Cowork/quantum-mechanics-vol1/youtube/dim-blue-beats-blinding-red-bb/short --input mp4/dim-blue-beats-blinding-red-short-bb.mp4
cwd: /Users/nik/Documents/Cowork/Manim
exit: 0
[ok] wrote /Users/nik/Documents/Cowork/quantum-mechanics-vol1/youtube/dim-blue-beats-blinding-red-bb/short/captions.ass (29 caption lines)
[run] ffmpeg -y -i /Users/nik/Documents/Cowork/quantum-mechanics-vol1/youtube/dim-blue-beats-blinding-red-bb/short/mp4/dim-blue-beats-blinding-red-short-bb.mp4 -vf subtitles=captions.ass -c:v libx264 -crf 18 -preset medium -c:a copy /Users/nik/Documents/Cowork/quantum-mechanics-vol1/youtube/dim-blue-beats-blinding-red-bb/short/mp4/dim-blue-beats-blinding-red-short-bb-caption.mp4
[ok] wrote /Users/nik/Documents/Cowork/quantum-mechanics-vol1/youtube/dim-blue-beats-blinding-red-bb/short/mp4/dim-blue-beats-blinding-red-short-bb-caption.mp4
ffmpeg version 7.0 Copyright (c) 2000-2024 the FFmpeg developers
  built with Apple clang version 15.0.0 (clang-1500.1.0.2.5)
  configuration: --prefix=/usr/local/Cellar/ffmpeg/7.0 --enable-shared --enable-pthreads --enable-version3 --cc=clang --host-cflags= --host-ldflags='-Wl,-ld_classic' --enable-ffplay --enable-gnutls --enable-gpl --enable-libaom --enable-libaribb24 --enable-libbluray --enable-libdav1d --enable-libharfbuzz --enable-libjxl --enable-libmp3lame --enable-libopus --enable-librav1e --enable-librist --enable-librubberband --enable-libsnappy --enable-libsrt --enable-libssh --enable-libsvtav1 --enable-libtesseract --enable-libtheora --enable-libvidstab --enable-libvmaf --enable-libvorbis --enable-libvpx --enable-libwebp --enable-libx264 --enable-libx265 --enable-libxml2 --enable-libxvid --enable-lzma --enable-libfontconfig --enable-libfreetype --enable-frei0r --enable-libass --enable-libopencore-amrnb --enable-libopencore-amrwb --enable-libopenjpeg --enable-libopenvino --enable-libspeex --enable-libsoxr --enable-libzmq --enable-libzimg --disable-libjack --disable-indev=jack --enable-videotoolbox --enable-audiotoolbox
  libavutil      59.  8.100 / 59.  8.100
  libavcodec     61.  3.100 / 61.  3.100
  libavformat    61.  1.100 / 61.  1.100
  libavdevice    61.  1.100 / 61.  1.100
  libavfilter    10.  1.100 / 10.  1.100
  libswscale      8.  1.100 /  8.  1.100
  libswresample   5.  1.100 /  5.  1.100
  libpostproc    58.  1.100 / 58.  1.100
Input #0, mov,mp4,m4a,3gp,3g2,mj2, from '/Users/nik/Documents/Cowork/quantum-mechanics-vol1/youtube/dim-blue-beats-blinding-red-bb/short/mp4/dim-blue-beats-blinding-red-short-bb.mp4':
  Metadata:
    major_brand     : isom
    minor_version   : 512
    compatible_brands: isomiso2avc1mp41
    encoder         : Lavf61.1.100
    comment         : Rendered with Manim Community v0.20.1
  Duration: 00:01:04.53, start: 0.000000, bitrate: 387 kb/s
  Stream #0:0[0x1](und): Video: h264 (High) (avc1 / 0x31637661), yuv420p(progressive), 1920x1080, 187 kb/s, 60 fps, 60 tbr, 15360 tbn (default)
      Metadata:
        handler_name    : VideoHandler
        vendor_id       : [0][0][0][0]
        encoder         : Lavc61.3.100 libx264
  Stream #0:1[0x2](und): Audio: aac (LC) (mp4a / 0x6134706D), 44100 Hz, mono, fltp, 192 kb/s (default)
      Metadata:
        handler_name    : SoundHandler
        vendor_id       : [0][0][0][0]
[Parsed_subtitles_0 @ 0x7fcadb205cc0] libass API version: 0x1701000
[Parsed_subtitles_0 @ 0x7fcadb205cc0] libass source: tarball: 0.17.1
[Parsed_subtitles_0 @ 0x7fcadb205cc0] Shaper: FriBidi 1.0.13 (SIMPLE) HarfBuzz-ng 8.4.0 (COMPLEX)
[Parsed_subtitles_0 @ 0x7fcadb205cc0] Using font provider coretext
Stream mapping:
  Stream #0:0 -> #0:0 (h264 (native) -> h264 (libx264))
  Stream #0:1 -> #0:1 (copy)
Press [q] to stop, [?] for help
[Parsed_subtitles_0 @ 0x7fcaba904200] libass API version: 0x1701000
[Parsed_subtitles_0 @ 0x7fcaba904200] libass source: tarball: 0.17.1
[Parsed_subtitles_0 @ 0x7fcaba904200] Shaper: FriBidi 1.0.13 (SIMPLE) HarfBuzz-ng 8.4.0 (COMPLEX)
[Parsed_subtitles_0 @ 0x7fcaba904200] Using font provider coretext
[Parsed_subtitles_0 @ 0x7fcaba904200] fontselect: (EB Garamond, 400, 0) -> /Users/nik/Library/Fonts/EBGaramond-VariableFont_wght.ttf, -1, EBGaramond-Regular
[libx264 @ 0x7fcadb205000] using cpu capabilities: MMX2 SSE2Fast SSSE3 SSE4.2 AVX FMA3 BMI2 AVX2
[libx264 @ 0x7fcadb205000] profile High, level 4.2, 4:2:0, 8-bit
[libx264 @ 0x7fcadb205000] 264 - core 164 r3108 31e19f9 - H.264/MPEG-4 AVC codec - Copyleft 2003-2023 - http://www.videolan.org/x264.html - options: cabac=1 ref=3 deblock=1:0:0 analyse=0x3:0x113 me=hex subme=7 psy=1 psy_rd=1.00:0.00 mixed_ref=1 me_range=16 chroma_me=1 trellis=1 8x8dct=1 cqm=0 deadzone=21,11 fast_pskip=1 chroma_qp_offset=-2 threads=24 lookahead_threads=4 sliced_threads=0 nr=0 decimate=1 interlaced=0 bluray_compat=0 constrained_intra=0 bframes=3 b_pyramid=2 b_adapt=1 b_bias=0 direct=1 weightb=1 open_gop=0 weightp=2 keyint=250 keyint_min=25 scenecut=40 intra_refresh=0 rc_lookahead=40 rc=crf mbtree=1 crf=18.0 qcomp=0.60 qpmin=0 qpmax=69 qpstep=4 ip_ratio=1.40 aq=1:1.00
Output #0, mp4, to '/Users/nik/Documents/Cowork/quantum-mechanics-vol1/youtube/dim-blue-beats-blinding-red-bb/short/mp4/dim-blue-beats-blinding-red-short-bb-caption.mp4':
  Metadata:
    major_brand     : isom
    minor_version   : 512
    compatible_brands: isomiso2avc1mp41
    comment         : Rendered with Manim Community v0.20.1
    encoder         : Lavf61.1.100
  Stream #0:0(und): Video: h264 (avc1 / 0x31637661), yuv420p(progressive), 1920x1080, q=2-31, 60 fps, 15360 tbn (default)
      Metadata:
        handler_name    : VideoHandler
        vendor_id       : [0][0][0][0]
        encoder         : Lavc61.3.100 libx264
      Side data:
        cpb: bitrate max/min/avg: 0/0/0 buffer size: 0 vbv_delay: N/A
  Stream #0:1(und): Audio: aac (LC) (mp4a / 0x6134706D), 44100 Hz, mono, fltp, 192 kb/s (default)
      Metadata:
        handler_name    : SoundHandler
        vendor_id       : [0][0][0][0]
frame=   12 fps=0.0 q=26.0 size=       0KiB time=00:00:00.16 bitrate=   2.3kbits/s speed=0.33x    
frame=  137 fps=136 q=26.0 size=       0KiB time=00:00:02.25 bitrate=   0.2kbits/s speed=2.24x    
frame=  252 fps=167 q=26.0 size=     256KiB time=00:00:04.16 bitrate= 503.4kbits/s speed=2.76x    
frame=  389 fps=193 q=26.0 size=     256KiB time=00:00:06.45 bitrate= 325.2kbits/s speed=3.21x    
frame=  523 fps=208 q=26.0 size=     512KiB time=00:00:08.68 bitrate= 483.1kbits/s speed=3.45x    
frame=  650 fps=216 q=26.0 size=     512KiB time=00:00:10.80 bitrate= 388.4kbits/s speed=3.58x    
frame=  756 fps=215 q=26.0 size=     768KiB time=00:00:12.56 bitrate= 500.7kbits/s speed=3.57x    
frame=  878 fps=218 q=26.0 size=    1024KiB time=00:00:14.60 bitrate= 574.6kbits/s speed=3.63x    
frame=  982 fps=217 q=26.0 size=    1024KiB time=00:00:16.33 bitrate= 513.6kbits/s speed=3.61x    
frame= 1092 fps=217 q=26.0 size=    1280KiB time=00:00:18.16 bitrate= 577.2kbits/s speed=3.61x    
frame= 1227 fps=222 q=26.0 size=    1280KiB time=00:00:20.41 bitrate= 513.6kbits/s speed=3.69x    
frame= 1327 fps=220 q=26.0 size=    1536KiB time=00:00:22.08 bitrate= 569.8kbits/s speed=3.66x    
frame= 1458 fps=223 q=26.0 size=    1536KiB time=00:00:24.26 bitrate= 518.5kbits/s speed=3.71x    
frame= 1603 fps=227 q=26.0 size=    1536KiB time=00:00:26.68 bitrate= 471.6kbits/s speed=3.79x    
frame= 1733 fps=229 q=26.0 size=    1792KiB time=00:00:28.85 bitrate= 508.9kbits/s speed=3.82x    
frame= 1859 fps=231 q=26.0 size=    1792KiB time=00:00:30.95 bitrate= 474.3kbits/s speed=3.84x    
frame= 2010 fps=235 q=26.0 size=    1792KiB time=00:00:33.46 bitrate= 438.7kbits/s speed=3.91x    
frame= 2152 fps=237 q=26.0 size=    2048KiB time=00:00:35.83 bitrate= 468.2kbits/s speed=3.95x    
frame= 2296 fps=240 q=26.0 size=    2048KiB time=00:00:38.23 bitrate= 438.8kbits/s speed=   4x    
frame= 2435 fps=242 q=26.0 size=    2304KiB time=00:00:40.55 bitrate= 465.5kbits/s speed=4.03x    
frame= 2586 fps=245 q=26.0 size=    2304KiB time=00:00:43.06 bitrate= 438.3kbits/s speed=4.07x    
frame= 2733 fps=247 q=26.0 size=    2304KiB time=00:00:45.51 bitrate= 414.7kbits/s speed=4.11x    
frame= 2883 fps=249 q=26.0 size=    2560KiB time=00:00:48.01 bitrate= 436.8kbits/s speed=4.15x    
frame= 3018 fps=250 q=26.0 size=    2560KiB time=00:00:50.26 bitrate= 417.2kbits/s speed=4.16x    
frame= 3156 fps=251 q=26.0 size=    2816KiB time=00:00:52.56 bitrate= 438.9kbits/s speed=4.18x    
frame= 3295 fps=252 q=26.0 size=    2816KiB time=00:00:54.88 bitrate= 420.3kbits/s speed=4.19x    
frame= 3440 fps=253 q=26.0 size=    2816KiB time=00:00:57.30 bitrate= 402.6kbits/s speed=4.21x    
frame= 3586 fps=254 q=26.0 size=    3072KiB time=00:00:59.73 bitrate= 421.3kbits/s speed=4.24x    
frame= 3734 fps=256 q=26.0 size=    3072KiB time=00:01:02.20 bitrate= 404.6kbits/s speed=4.26x    
[out#0/mp4 @ 0x7fcadb204380] video:1798KiB audio:1472KiB subtitle:0KiB other streams:0KiB global headers:0KiB muxing overhead: 3.147109%
frame= 3872 fps=260 q=-1.0 Lsize=    3373KiB time=00:01:02.75 bitrate= 440.4kbits/s speed=4.22x    
[libx264 @ 0x7fcadb205000] frame I:16    Avg QP: 6.51  size: 16244
[libx264 @ 0x7fcadb205000] frame P:1006  Avg QP:12.94  size:  1074
[libx264 @ 0x7fcadb205000] frame B:2850  Avg QP:13.56  size:   176
[libx264 @ 0x7fcadb205000] consecutive B-frames:  1.1%  1.4%  2.2% 95.2%
[libx264 @ 0x7fcadb205000] mb I  I16..4: 79.0% 17.5%  3.6%
[libx264 @ 0x7fcadb205000] mb P  I16..4:  0.1%  0.2%  0.1%  P16..4:  0.7%  0.1%  0.1%  0.0%  0.0%    skip:98.7%
[libx264 @ 0x7fcadb205000] mb B  I16..4:  0.0%  0.0%  0.0%  B16..8:  0.6%  0.0%  0.0%  direct: 0.0%  skip:99.3%  L0:51.2% L1:43.3% BI: 5.5%
[libx264 @ 0x7fcadb205000] 8x8 transform intra:22.6% inter:36.9%
[libx264 @ 0x7fcadb205000] coded y,uvDC,uvAC intra: 6.6% 8.3% 5.2% inter: 0.1% 0.1% 0.0%
[libx264 @ 0x7fcadb205000] i16 v,h,dc,p: 93%  5%  2%  0%
[libx264 @ 0x7fcadb205000] i8 v,h,dc,ddl,ddr,vr,hd,vl,hu: 50%  5% 39%  1%  1%  0%  2%  0%  2%
[libx264 @ 0x7fcadb205000] i4 v,h,dc,ddl,ddr,vr,hd,vl,hu: 31% 22% 24%  3%  4%  4%  6%  3%  4%
[libx264 @ 0x7fcadb205000] i8c dc,h,v,p: 86%  8%  5%  1%
[libx264 @ 0x7fcadb205000] Weighted P-Frames: Y:2.1% UV:0.9%
[libx264 @ 0x7fcadb205000] ref P L0: 79.5%  6.0% 10.7%  3.5%  0.2%
[libx264 @ 0x7fcadb205000] ref B L0: 71.3% 26.8%  1.9%
[libx264 @ 0x7fcadb205000] ref B L1: 96.5%  3.5%
[libx264 @ 0x7fcadb205000] kb/s:228.20


===== STEP: SHORT: karaoke 9:16
$ /Users/nik/ai/bin/python3 /Users/nik/Documents/Cowork/quantum-mechanics-vol1/youtube/scripts/burn_captions.py /Users/nik/Documents/Cowork/quantum-mechanics-vol1/youtube/dim-blue-beats-blinding-red-bb/short --input mp4/dim-blue-beats-blinding-red-short-bb-short.mp4 --portrait
cwd: /Users/nik/Documents/Cowork/Manim
exit: 0
[ok] wrote /Users/nik/Documents/Cowork/quantum-mechanics-vol1/youtube/dim-blue-beats-blinding-red-bb/short/captions-portrait.ass (29 caption lines)
[run] ffmpeg -y -i /Users/nik/Documents/Cowork/quantum-mechanics-vol1/youtube/dim-blue-beats-blinding-red-bb/short/mp4/dim-blue-beats-blinding-red-short-bb-short.mp4 -vf subtitles=captions-portrait.ass -c:v libx264 -crf 18 -preset medium -c:a copy /Users/nik/Documents/Cowork/quantum-mechanics-vol1/youtube/dim-blue-beats-blinding-red-bb/short/mp4/dim-blue-beats-blinding-red-short-bb-short-caption.mp4
[ok] wrote /Users/nik/Documents/Cowork/quantum-mechanics-vol1/youtube/dim-blue-beats-blinding-red-bb/short/mp4/dim-blue-beats-blinding-red-short-bb-short-caption.mp4
ffmpeg version 7.0 Copyright (c) 2000-2024 the FFmpeg developers
  built with Apple clang version 15.0.0 (clang-1500.1.0.2.5)
  configuration: --prefix=/usr/local/Cellar/ffmpeg/7.0 --enable-shared --enable-pthreads --enable-version3 --cc=clang --host-cflags= --host-ldflags='-Wl,-ld_classic' --enable-ffplay --enable-gnutls --enable-gpl --enable-libaom --enable-libaribb24 --enable-libbluray --enable-libdav1d --enable-libharfbuzz --enable-libjxl --enable-libmp3lame --enable-libopus --enable-librav1e --enable-librist --enable-librubberband --enable-libsnappy --enable-libsrt --enable-libssh --enable-libsvtav1 --enable-libtesseract --enable-libtheora --enable-libvidstab --enable-libvmaf --enable-libvorbis --enable-libvpx --enable-libwebp --enable-libx264 --enable-libx265 --enable-libxml2 --enable-libxvid --enable-lzma --enable-libfontconfig --enable-libfreetype --enable-frei0r --enable-libass --enable-libopencore-amrnb --enable-libopencore-amrwb --enable-libopenjpeg --enable-libopenvino --enable-libspeex --enable-libsoxr --enable-libzmq --enable-libzimg --disable-libjack --disable-indev=jack --enable-videotoolbox --enable-audiotoolbox
  libavutil      59.  8.100 / 59.  8.100
  libavcodec     61.  3.100 / 61.  3.100
  libavformat    61.  1.100 / 61.  1.100
  libavdevice    61.  1.100 / 61.  1.100
  libavfilter    10.  1.100 / 10.  1.100
  libswscale      8.  1.100 /  8.  1.100
  libswresample   5.  1.100 /  5.  1.100
  libpostproc    58.  1.100 / 58.  1.100
Input #0, mov,mp4,m4a,3gp,3g2,mj2, from '/Users/nik/Documents/Cowork/quantum-mechanics-vol1/youtube/dim-blue-beats-blinding-red-bb/short/mp4/dim-blue-beats-blinding-red-short-bb-short.mp4':
  Metadata:
    major_brand     : isom
    minor_version   : 512
    compatible_brands: isomiso2avc1mp41
    encoder         : Lavf61.1.100
    comment         : Rendered with Manim Community v0.20.1
  Duration: 00:01:04.53, start: 0.000000, bitrate: 382 kb/s
  Stream #0:0[0x1](und): Video: h264 (High) (avc1 / 0x31637661), yuv420p(progressive), 1080x1920, 182 kb/s, 60 fps, 60 tbr, 15360 tbn (default)
      Metadata:
        handler_name    : VideoHandler
        vendor_id       : [0][0][0][0]
        encoder         : Lavc61.3.100 libx264
  Stream #0:1[0x2](und): Audio: aac (LC) (mp4a / 0x6134706D), 44100 Hz, mono, fltp, 192 kb/s (default)
      Metadata:
        handler_name    : SoundHandler
        vendor_id       : [0][0][0][0]
[Parsed_subtitles_0 @ 0x7f7b89706a80] libass API version: 0x1701000
[Parsed_subtitles_0 @ 0x7f7b89706a80] libass source: tarball: 0.17.1
[Parsed_subtitles_0 @ 0x7f7b89706a80] Shaper: FriBidi 1.0.13 (SIMPLE) HarfBuzz-ng 8.4.0 (COMPLEX)
[Parsed_subtitles_0 @ 0x7f7b89706a80] Using font provider coretext
Stream mapping:
  Stream #0:0 -> #0:0 (h264 (native) -> h264 (libx264))
  Stream #0:1 -> #0:1 (copy)
Press [q] to stop, [?] for help
[Parsed_subtitles_0 @ 0x7f7b49904880] libass API version: 0x1701000
[Parsed_subtitles_0 @ 0x7f7b49904880] libass source: tarball: 0.17.1
[Parsed_subtitles_0 @ 0x7f7b49904880] Shaper: FriBidi 1.0.13 (SIMPLE) HarfBuzz-ng 8.4.0 (COMPLEX)
[Parsed_subtitles_0 @ 0x7f7b49904880] Using font provider coretext
[Parsed_subtitles_0 @ 0x7f7b49904880] fontselect: (EB Garamond, 400, 0) -> /Users/nik/Library/Fonts/EBGaramond-VariableFont_wght.ttf, -1, EBGaramond-Regular
[libx264 @ 0x7f7b8a005040] using cpu capabilities: MMX2 SSE2Fast SSSE3 SSE4.2 AVX FMA3 BMI2 AVX2
[libx264 @ 0x7f7b8a005040] profile High, level 4.2, 4:2:0, 8-bit
[libx264 @ 0x7f7b8a005040] 264 - core 164 r3108 31e19f9 - H.264/MPEG-4 AVC codec - Copyleft 2003-2023 - http://www.videolan.org/x264.html - options: cabac=1 ref=3 deblock=1:0:0 analyse=0x3:0x113 me=hex subme=7 psy=1 psy_rd=1.00:0.00 mixed_ref=1 me_range=16 chroma_me=1 trellis=1 8x8dct=1 cqm=0 deadzone=21,11 fast_pskip=1 chroma_qp_offset=-2 threads=24 lookahead_threads=4 sliced_threads=0 nr=0 decimate=1 interlaced=0 bluray_compat=0 constrained_intra=0 bframes=3 b_pyramid=2 b_adapt=1 b_bias=0 direct=1 weightb=1 open_gop=0 weightp=2 keyint=250 keyint_min=25 scenecut=40 intra_refresh=0 rc_lookahead=40 rc=crf mbtree=1 crf=18.0 qcomp=0.60 qpmin=0 qpmax=69 qpstep=4 ip_ratio=1.40 aq=1:1.00
Output #0, mp4, to '/Users/nik/Documents/Cowork/quantum-mechanics-vol1/youtube/dim-blue-beats-blinding-red-bb/short/mp4/dim-blue-beats-blinding-red-short-bb-short-caption.mp4':
  Metadata:
    major_brand     : isom
    minor_version   : 512
    compatible_brands: isomiso2avc1mp41
    comment         : Rendered with Manim Community v0.20.1
    encoder         : Lavf61.1.100
  Stream #0:0(und): Video: h264 (avc1 / 0x31637661), yuv420p(progressive), 1080x1920, q=2-31, 60 fps, 15360 tbn (default)
      Metadata:
        handler_name    : VideoHandler
        vendor_id       : [0][0][0][0]
        encoder         : Lavc61.3.100 libx264
      Side data:
        cpb: bitrate max/min/avg: 0/0/0 buffer size: 0 vbv_delay: N/A
  Stream #0:1(und): Audio: aac (LC) (mp4a / 0x6134706D), 44100 Hz, mono, fltp, 192 kb/s (default)
      Metadata:
        handler_name    : SoundHandler
        vendor_id       : [0][0][0][0]
frame=   18 fps=0.0 q=26.0 size=       0KiB time=00:00:00.26 bitrate=   1.4kbits/s speed=0.528x    
frame=  147 fps=146 q=26.0 size=       0KiB time=00:00:02.41 bitrate=   0.2kbits/s speed= 2.4x    
frame=  269 fps=178 q=26.0 size=     256KiB time=00:00:04.45 bitrate= 471.4kbits/s speed=2.95x    
frame=  413 fps=205 q=26.0 size=     256KiB time=00:00:06.85 bitrate= 306.2kbits/s speed=3.41x    
frame=  553 fps=220 q=26.0 size=     256KiB time=00:00:09.18 bitrate= 228.4kbits/s speed=3.65x    
frame=  696 fps=231 q=26.0 size=     512KiB time=00:00:11.56 bitrate= 362.7kbits/s speed=3.83x    
frame=  817 fps=232 q=26.0 size=     768KiB time=00:00:13.58 bitrate= 463.2kbits/s speed=3.86x    
frame=  919 fps=229 q=26.0 size=     768KiB time=00:00:15.28 bitrate= 411.7kbits/s speed= 3.8x    
frame= 1016 fps=225 q=26.0 size=    1024KiB time=00:00:16.90 bitrate= 496.4kbits/s speed=3.73x    
frame= 1115 fps=222 q=26.0 size=    1024KiB time=00:00:18.55 bitrate= 452.2kbits/s speed=3.69x    
frame= 1222 fps=221 q=26.0 size=    1280KiB time=00:00:20.33 bitrate= 515.7kbits/s speed=3.68x    
frame= 1336 fps=222 q=26.0 size=    1280KiB time=00:00:22.23 bitrate= 471.6kbits/s speed=3.69x    
frame= 1479 fps=227 q=26.0 size=    1536KiB time=00:00:24.61 bitrate= 511.2kbits/s speed=3.77x    
frame= 1626 fps=231 q=26.0 size=    1536KiB time=00:00:27.06 bitrate= 464.9kbits/s speed=3.85x    
frame= 1751 fps=232 q=26.0 size=    1536KiB time=00:00:29.15 bitrate= 431.7kbits/s speed=3.87x    
frame= 1875 fps=233 q=26.0 size=    1792KiB time=00:00:31.21 bitrate= 470.3kbits/s speed=3.88x    
frame= 2022 fps=237 q=26.0 size=    1792KiB time=00:00:33.66 bitrate= 436.1kbits/s speed=3.94x    
frame= 2164 fps=239 q=26.0 size=    1792KiB time=00:00:36.03 bitrate= 407.4kbits/s speed=3.98x    
frame= 2305 fps=241 q=26.0 size=    2048KiB time=00:00:38.38 bitrate= 437.1kbits/s speed=4.02x    
frame= 2449 fps=244 q=26.0 size=    2048KiB time=00:00:40.78 bitrate= 411.4kbits/s speed=4.06x    
frame= 2596 fps=246 q=26.0 size=    2304KiB time=00:00:43.23 bitrate= 436.6kbits/s speed= 4.1x    
frame= 2743 fps=248 q=26.0 size=    2304KiB time=00:00:45.68 bitrate= 413.2kbits/s speed=4.13x    
frame= 2896 fps=251 q=26.0 size=    2304KiB time=00:00:48.23 bitrate= 391.3kbits/s speed=4.17x    
frame= 3034 fps=252 q=26.0 size=    2560KiB time=00:00:50.53 bitrate= 415.0kbits/s speed=4.19x    
frame= 3173 fps=253 q=26.0 size=    2560KiB time=00:00:52.85 bitrate= 396.8kbits/s speed=4.21x    
frame= 3318 fps=254 q=26.0 size=    2816KiB time=00:00:55.26 bitrate= 417.4kbits/s speed=4.23x    
frame= 3468 fps=256 q=26.0 size=    2816KiB time=00:00:57.76 bitrate= 399.3kbits/s speed=4.26x    
frame= 3614 fps=257 q=26.0 size=    3072KiB time=00:01:00.20 bitrate= 418.0kbits/s speed=4.28x    
frame= 3763 fps=258 q=26.0 size=    3072KiB time=00:01:02.68 bitrate= 401.5kbits/s speed= 4.3x    
[out#0/mp4 @ 0x7f7b79704f80] video:1722KiB audio:1472KiB subtitle:0KiB other streams:0KiB global headers:0KiB muxing overhead: 3.227045%
frame= 3872 fps=262 q=-1.0 Lsize=    3297KiB time=00:01:02.75 bitrate= 430.4kbits/s speed=4.25x    
[libx264 @ 0x7f7b8a005040] frame I:16    Avg QP: 4.56  size: 14670
[libx264 @ 0x7f7b8a005040] frame P:997   Avg QP:12.61  size:   993
[libx264 @ 0x7f7b8a005040] frame B:2859  Avg QP:14.09  size:   188
[libx264 @ 0x7f7b8a005040] consecutive B-frames:  0.8%  1.8%  1.5% 96.0%
[libx264 @ 0x7f7b8a005040] mb I  I16..4: 94.5%  2.4%  3.0%
[libx264 @ 0x7f7b8a005040] mb P  I16..4:  0.2%  0.1%  0.1%  P16..4:  0.7%  0.1%  0.1%  0.0%  0.0%    skip:98.7%
[libx264 @ 0x7f7b8a005040] mb B  I16..4:  0.0%  0.0%  0.0%  B16..8:  0.5%  0.0%  0.0%  direct: 0.0%  skip:99.3%  L0:50.3% L1:44.2% BI: 5.5%
[libx264 @ 0x7f7b8a005040] 8x8 transform intra:10.9% inter:38.2%
[libx264 @ 0x7f7b8a005040] coded y,uvDC,uvAC intra: 6.2% 9.1% 5.6% inter: 0.1% 0.1% 0.0%
[libx264 @ 0x7f7b8a005040] i16 v,h,dc,p: 95%  4%  1%  0%
[libx264 @ 0x7f7b8a005040] i8 v,h,dc,ddl,ddr,vr,hd,vl,hu: 29% 12% 45%  3%  3%  3%  2%  2%  2%
[libx264 @ 0x7f7b8a005040] i4 v,h,dc,ddl,ddr,vr,hd,vl,hu: 32% 19% 24%  4%  5%  5%  4%  3%  3%
[libx264 @ 0x7f7b8a005040] i8c dc,h,v,p: 87%  7%  6%  0%
[libx264 @ 0x7f7b8a005040] Weighted P-Frames: Y:2.4% UV:1.5%
[libx264 @ 0x7f7b8a005040] ref P L0: 80.8%  6.2%  9.4%  3.6%  0.1%
[libx264 @ 0x7f7b8a005040] ref B L0: 73.6% 24.3%  2.1%
[libx264 @ 0x7f7b8a005040] ref B L1: 96.4%  3.6%
[libx264 @ 0x7f7b8a005040] kb/s:218.50


===== STEP: SHORT: transcripts
$ /Users/nik/ai/bin/python3 /Users/nik/Documents/Cowork/quantum-mechanics-vol1/youtube/scripts/emit_transcript.py /Users/nik/Documents/Cowork/quantum-mechanics-vol1/youtube/dim-blue-beats-blinding-red-bb/short
cwd: /Users/nik/Documents/Cowork/Manim
exit: 0
[ok] 13 cues → dim-blue-beats-blinding-red-short-bb.srt, dim-blue-beats-blinding-red-short-bb.vtt, dim-blue-beats-blinding-red-short-bb-transcript.txt
[i] total 00:01:02,760 — upload dim-blue-beats-blinding-red-short-bb.srt in YouTube Studio → Subtitles → Add → Upload (with timing).


===== STEP: SHORT: YouTube metadata
$ /Users/nik/ai/bin/python3 /Users/nik/Documents/Cowork/quantum-mechanics-vol1/youtube/scripts/emit_youtube.py /Users/nik/Documents/Cowork/quantum-mechanics-vol1/youtube/dim-blue-beats-blinding-red-bb/short
cwd: /Users/nik/Documents/Cowork/Manim
exit: 0
[ok] dim-blue-beats-blinding-red-short-bb-youtube.md  (4 chapters)
[ok] dim-blue-beats-blinding-red-short-bb-youtube.json  (autoposter manifest, privacy=private)
