

===== STEP: LONG: PRE-RENDER layout audit 16:9
$ /Users/nik/ai/bin/python3 /Users/nik/Documents/Cowork/quantum-mechanics-vol1/youtube/scripts/manim_layout_audit.py double_slit_one_electron_bb.py --curve-strict
cwd: /Users/nik/Documents/Cowork/quantum-mechanics-vol1/youtube/double-slit-one-electron-bb
exit: 0
[bn_layout] mode=LANDSCAPE pixels=1920x1080 frame=14.22x8.00
[audit] double_slit_one_electron_bb: 94 snapshots → CLEAN
[audit] report: /Users/nik/Documents/Cowork/quantum-mechanics-vol1/youtube/double-slit-one-electron-bb/layout_audit.md

Animation 0: FadeIn(Text("Bear's Notes")):   0%|          | 0/8 [00:00<?, ?it/s]
                                                                                

Animation 1: Write(VGroup of 1 submobjects):   0%|          | 0/21 [00:00<?, ?it/s]
Animation 1: Write(VGroup of 1 submobjects):  62%|██████▏   | 13/21 [00:00<00:00, 127.93it/s]
                                                                                             

Animation 2: Create(Line), etc.:   0%|          | 0/8 [00:00<?, ?it/s]
                                                                      
/Users/nik/Documents/Cowork/quantum-mechanics-vol1/youtube/scripts/manim_layout_audit.py:145: DeprecationWarning: This method is not guaranteed to stay around. Please prefer getting the attribute normally.
  if float(mob.get_stroke_opacity()) <= 0.02:

Animation 4: FadeOut(Group):   0%|          | 0/6 [00:00<?, ?it/s]
Animation 4: FadeOut(Group): 100%|██████████| 6/6 [00:00<00:00, 58.50it/s]
                                                                          

Animation 5: FadeOut(Mobject):   0%|          | 0/6 [00:00<?, ?it/s]
                                                                    

Animation 7: Create(RoundedRectangle), etc.:   0%|          | 0/30 [00:00<?, ?it/s]
                                                                                   

Animation 8: _MethodAnimation(Dot):   0%|          | 0/15 [00:00<?, ?it/s]
                                                                          

Animation 9: _MethodAnimation(Dot):   0%|          | 0/15 [00:00<?, ?it/s]
                                                                          

Animation 11: _MethodAnimation(Dot):   0%|          | 0/15 [00:00<?, ?it/s]
                                                                           

Animation 12: _MethodAnimation(Dot):   0%|          | 0/15 [00:00<?, ?it/s]
                                                                           

Animation 14: LaggedStart(Group):   0%|          | 0/30 [00:00<?, ?it/s]
                                                                        

Animation 15: FadeIn(Text('electrons: 10')):   0%|          | 0/6 [00:00<?, ?it/s]
                                                                                  

Animation 17: Create(DashedVMobject):   0%|          | 0/36 [00:00<?, ?it/s]
Animation 17: Create(DashedVMobject):  86%|████████▌ | 31/36 [00:00<00:00, 309.41it/s]
                                                                                      

Animation 19: FadeIn(Text('?')), etc.:   0%|          | 0/17 [00:00<?, ?it/s]
Animation 19: FadeIn(Text('?')), etc.: 100%|██████████| 17/17 [00:00<00:00, 169.65it/s]
                                                                                       

Animation 20: Indicate(Text('?')):   0%|          | 0/9 [00:00<?, ?it/s]
                                                                        

Animation 22: FadeOut(Text('?')):   0%|          | 0/5 [00:00<?, ?it/s]
                                                                       

Animation 23: Create(VGroup of 4 submobjects):   0%|          | 0/18 [00:00<?, ?it/s]
                                                                                     

Animation 24: Create(VGroup of 4 submobjects):   0%|          | 0/18 [00:00<?, ?it/s]
                                                                                     

Animation 26: Create(ParametricFunction):   0%|          | 0/35 [00:00<?, ?it/s]
                                                                                

Animation 27: Write(Text('waves: stripes')):   0%|          | 0/8 [00:00<?, ?it/s]
                                                                                  

Animation 29: FadeOut(VGroup of 4 submobjects), etc.:   0%|          | 0/6 [00:00<?, ?it/s]
                                                                                           

Animation 30: _MethodAnimation(Dot):   0%|          | 0/12 [00:00<?, ?it/s]
                                                                           

Animation 31: _MethodAnimation(Dot):   0%|          | 0/12 [00:00<?, ?it/s]
                                                                           

Animation 32: _MethodAnimation(Dot):   0%|          | 0/12 [00:00<?, ?it/s]
                                                                           

Animation 33: _MethodAnimation(Dot):   0%|          | 0/12 [00:00<?, ?it/s]
                                                                           

Animation 34: ReplacementTransform(DashedVMobject), etc.:   0%|          | 0/30 [00:00<?, ?it/s]
Animation 34: ReplacementTransform(DashedVMobject), etc.:   7%|▋         | 2/30 [00:00<00:02, 11.33it/s]
Animation 34: ReplacementTransform(DashedVMobject), etc.:  13%|█▎        | 4/30 [00:00<00:02, 10.92it/s]
Animation 34: ReplacementTransform(DashedVMobject), etc.:  20%|██        | 6/30 [00:00<00:02, 10.84it/s]
Animation 34: ReplacementTransform(DashedVMobject), etc.:  27%|██▋       | 8/30 [00:00<00:01, 11.33it/s]
Animation 34: ReplacementTransform(DashedVMobject), etc.:  33%|███▎      | 10/30 [00:00<00:01, 11.61it/s]
Animation 34: ReplacementTransform(DashedVMobject), etc.:  40%|████      | 12/30 [00:01<00:01, 11.77it/s]
Animation 34: ReplacementTransform(DashedVMobject), etc.:  47%|████▋     | 14/30 [00:01<00:01, 11.55it/s]
Animation 34: ReplacementTransform(DashedVMobject), etc.:  53%|█████▎    | 16/30 [00:01<00:01, 11.61it/s]
Animation 34: ReplacementTransform(DashedVMobject), etc.:  60%|██████    | 18/30 [00:01<00:01, 11.53it/s]
Animation 34: ReplacementTransform(DashedVMobject), etc.:  67%|██████▋   | 20/30 [00:01<00:00, 11.51it/s]
Animation 34: ReplacementTransform(DashedVMobject), etc.:  73%|███████▎  | 22/30 [00:01<00:00, 11.50it/s]
Animation 34: ReplacementTransform(DashedVMobject), etc.:  80%|████████  | 24/30 [00:02<00:00, 11.48it/s]
Animation 34: ReplacementTransform(DashedVMobject), etc.:  87%|████████▋ | 26/30 [00:02<00:00, 11.43it/s]
Animation 34: ReplacementTransform(DashedVMobject), etc.:  93%|█████████▎| 28/30 [00:02<00:00, 11.69it/s]
Animation 34: ReplacementTransform(DashedVMobject), etc.: 100%|██████████| 30/30 [00:02<00:00, 12.15it/s]
                                                                                                         

Animation 35: Write(Text('particles: two heaps')):   0%|          | 0/8 [00:00<?, ?it/s]
                                                                                        

Animation 37: FadeOut(ParametricFunction), etc.:   0%|          | 0/6 [00:00<?, ?it/s]
                                                                                      

Animation 38: LaggedStart(Group), etc.:   0%|          | 0/30 [00:00<?, ?it/s]
Animation 38: LaggedStart(Group), etc.:  40%|████      | 12/30 [00:00<00:00, 114.77it/s]
Animation 38: LaggedStart(Group), etc.:  80%|████████  | 24/30 [00:00<00:00, 107.27it/s]
                                                                                        

Animation 40: LaggedStart(Group), etc.:   0%|          | 0/24 [00:00<?, ?it/s]
Animation 40: LaggedStart(Group), etc.:  25%|██▌       | 6/24 [00:00<00:00, 51.77it/s]
Animation 40: LaggedStart(Group), etc.:  50%|█████     | 12/24 [00:00<00:00, 50.25it/s]
Animation 40: LaggedStart(Group), etc.:  75%|███████▌  | 18/24 [00:00<00:00, 51.34it/s]
Animation 40: LaggedStart(Group), etc.: 100%|██████████| 24/24 [00:00<00:00, 53.86it/s]
                                                                                       

Animation 42: LaggedStart(Group), etc.:   0%|          | 0/30 [00:00<?, ?it/s]
Animation 42: LaggedStart(Group), etc.:  13%|█▎        | 4/30 [00:00<00:00, 33.36it/s]
Animation 42: LaggedStart(Group), etc.:  27%|██▋       | 8/30 [00:00<00:00, 32.30it/s]
Animation 42: LaggedStart(Group), etc.:  40%|████      | 12/30 [00:00<00:00, 30.49it/s]
Animation 42: LaggedStart(Group), etc.:  53%|█████▎    | 16/30 [00:00<00:00, 29.45it/s]
Animation 42: LaggedStart(Group), etc.:  67%|██████▋   | 20/30 [00:00<00:00, 30.23it/s]
Animation 42: LaggedStart(Group), etc.:  80%|████████  | 24/30 [00:00<00:00, 30.96it/s]
Animation 42: LaggedStart(Group), etc.:  93%|█████████▎| 28/30 [00:00<00:00, 31.85it/s]
                                                                                       

Animation 44: Create(ParametricFunction):   0%|          | 0/35 [00:00<?, ?it/s]
                                                                                

Animation 46: FadeIn(Rectangle):   0%|          | 0/18 [00:00<?, ?it/s]
                                                                       

Animation 48: FadeOut(Rectangle):   0%|          | 0/6 [00:00<?, ?it/s]
                                                                       

Animation 49: Write(Text('one at a time')):   0%|          | 0/21 [00:00<?, ?it/s]
                                                                                  

Animation 50: Indicate(RoundedRectangle):   0%|          | 0/9 [00:00<?, ?it/s]
Animation 50: Indicate(RoundedRectangle):  33%|███▎      | 3/9 [00:00<00:00, 26.37it/s]
Animation 50: Indicate(RoundedRectangle):  67%|██████▋   | 6/9 [00:00<00:00, 26.92it/s]
Animation 50: Indicate(RoundedRectangle): 100%|██████████| 9/9 [00:00<00:00, 27.58it/s]
                                                                                       

Animation 52: FadeIn(VGroup of 4 submobjects), etc.:   0%|          | 0/30 [00:00<?, ?it/s]
                                                                                           

Animation 54: _MethodAnimation(VGroup of 4 submobjects), etc.:   0%|          | 0/8 [00:00<?, ?it/s]
                                                                                                    

Animation 55: Write(VGroup of 1 submobjects):   0%|          | 0/18 [00:00<?, ?it/s]
Animation 55: Write(VGroup of 1 submobjects):  94%|█████████▍| 17/18 [00:00<00:00, 162.06it/s]
                                                                                              

Animation 56: Write(VGroup of 1 submobjects):   0%|          | 0/18 [00:00<?, ?it/s]
Animation 56: Write(VGroup of 1 submobjects):  89%|████████▉ | 16/18 [00:00<00:00, 148.77it/s]
                                                                                              

Animation 58: Write(MathTex('|\\psi|^2')):   0%|          | 0/30 [00:00<?, ?it/s]
                                                                                 

Animation 60: Write(MathTex('\\lambda = h/p')):   0%|          | 0/30 [00:00<?, ?it/s]
                                                                                      

Animation 62: _MethodAnimation(Dot), etc.:   0%|          | 0/18 [00:00<?, ?it/s]
Animation 62: _MethodAnimation(Dot), etc.:  33%|███▎      | 6/18 [00:00<00:00, 53.45it/s]
Animation 62: _MethodAnimation(Dot), etc.:  67%|██████▋   | 12/18 [00:00<00:00, 53.53it/s]
Animation 62: _MethodAnimation(Dot), etc.: 100%|██████████| 18/18 [00:00<00:00, 55.62it/s]
                                                                                          

Animation 63: _MethodAnimation(Dot), etc.:   0%|          | 0/18 [00:00<?, ?it/s]
Animation 63: _MethodAnimation(Dot), etc.:  33%|███▎      | 6/18 [00:00<00:00, 50.53it/s]
Animation 63: _MethodAnimation(Dot), etc.:  67%|██████▋   | 12/18 [00:00<00:00, 50.94it/s]
Animation 63: _MethodAnimation(Dot), etc.: 100%|██████████| 18/18 [00:00<00:00, 51.29it/s]
                                                                                          

Animation 64: Flash(VGroup of 8 submobjects):   0%|          | 0/8 [00:00<?, ?it/s]
                                                                                   

Animation 66: FadeIn(VGroup of 2 submobjects):   0%|          | 0/12 [00:00<?, ?it/s]
                                                                                     

Animation 67: ReplacementTransform(ParametricFunction), etc.:   0%|          | 0/24 [00:00<?, ?it/s]
Animation 67: ReplacementTransform(ParametricFunction), etc.:   8%|▊         | 2/24 [00:00<00:01, 16.42it/s]
Animation 67: ReplacementTransform(ParametricFunction), etc.:  17%|█▋        | 4/24 [00:00<00:01, 16.75it/s]
Animation 67: ReplacementTransform(ParametricFunction), etc.:  25%|██▌       | 6/24 [00:00<00:01, 17.65it/s]
Animation 67: ReplacementTransform(ParametricFunction), etc.:  33%|███▎      | 8/24 [00:00<00:00, 16.43it/s]
Animation 67: ReplacementTransform(ParametricFunction), etc.:  42%|████▏     | 10/24 [00:00<00:00, 17.18it/s]
Animation 67: ReplacementTransform(ParametricFunction), etc.:  50%|█████     | 12/24 [00:00<00:00, 17.11it/s]
Animation 67: ReplacementTransform(ParametricFunction), etc.:  58%|█████▊    | 14/24 [00:00<00:00, 17.27it/s]
Animation 67: ReplacementTransform(ParametricFunction), etc.:  67%|██████▋   | 16/24 [00:00<00:00, 17.60it/s]
Animation 67: ReplacementTransform(ParametricFunction), etc.:  75%|███████▌  | 18/24 [00:01<00:00, 17.61it/s]
Animation 67: ReplacementTransform(ParametricFunction), etc.:  83%|████████▎ | 20/24 [00:01<00:00, 16.01it/s]
Animation 67: ReplacementTransform(ParametricFunction), etc.:  92%|█████████▏| 22/24 [00:01<00:00, 16.36it/s]
Animation 67: ReplacementTransform(ParametricFunction), etc.: 100%|██████████| 24/24 [00:01<00:00, 16.61it/s]
                                                                                                             

Animation 69: FadeOut(VGroup of 3 submobjects):   0%|          | 0/5 [00:00<?, ?it/s]
                                                                                     

Animation 70: Write(VGroup of 2 submobjects):   0%|          | 0/30 [00:00<?, ?it/s]
Animation 70: Write(VGroup of 2 submobjects):  47%|████▋     | 14/30 [00:00<00:00, 134.41it/s]
Animation 70: Write(VGroup of 2 submobjects):  93%|█████████▎| 28/30 [00:00<00:00, 107.44it/s]
                                                                                              

Animation 72: FadeIn(Text('you, walking:')):   0%|          | 0/15 [00:00<?, ?it/s]
                                                                                   

Animation 73: Write(MathTex('\\lambda \\approx 10^{-35}\\ \\mathrm{m}')):   0%|          | 0/21 [00:00<?, ?it/s]
                                                                                                                

Animation 75: FadeOut(Group):   0%|          | 0/6 [00:00<?, ?it/s]
Animation 75: FadeOut(Group):  33%|███▎      | 2/6 [00:00<00:00, 14.31it/s]
Animation 75: FadeOut(Group):  67%|██████▋   | 4/6 [00:00<00:00, 14.16it/s]
Animation 75: FadeOut(Group): 100%|██████████| 6/6 [00:00<00:00, 10.99it/s]
                                                                           

Animation 77: Write(MathTex('|\\psi|^2')):   0%|          | 0/15 [00:00<?, ?it/s]
                                                                                 

Animation 78: Write(MathTex('\\lambda = h/p')):   0%|          | 0/15 [00:00<?, ?it/s]
                                                                                      

Animation 79: LaggedStart(Group):   0%|          | 0/15 [00:00<?, ?it/s]
Animation 79: LaggedStart(Group):  47%|████▋     | 7/15 [00:00<00:00, 64.19it/s]
Animation 79: LaggedStart(Group):  93%|█████████▎| 14/15 [00:00<00:00, 61.25it/s]
                                                                                 

Animation 81: FadeOut(VGroup of 2 submobjects):   0%|          | 0/6 [00:00<?, ?it/s]
Animation 81: FadeOut(VGroup of 2 submobjects): 100%|██████████| 6/6 [00:00<00:00, 58.50it/s]
                                                                                             

Animation 82: _MethodAnimation(VGroup of 2 submobjects):   0%|          | 0/8 [00:00<?, ?it/s]
                                                                                              

Animation 83: Write(VGroup of 3 submobjects):   0%|          | 0/30 [00:00<?, ?it/s]
Animation 83: Write(VGroup of 3 submobjects):  30%|███       | 9/30 [00:00<00:00, 83.04it/s]
Animation 83: Write(VGroup of 3 submobjects):  60%|██████    | 18/30 [00:00<00:00, 67.16it/s]
Animation 83: Write(VGroup of 3 submobjects):  83%|████████▎ | 25/30 [00:00<00:00, 57.24it/s]
                                                                                             
/Users/nik/Documents/Cowork/quantum-mechanics-vol1/youtube/scripts/manim_layout_audit.py:145: DeprecationWarning: This method is not guaranteed to stay around. Please prefer getting the attribute normally.
  if float(mob.get_stroke_opacity()) <= 0.02:

Animation 85: FadeIn(VGroup of 1 submobjects):   0%|          | 0/8 [00:00<?, ?it/s]
Animation 85: FadeIn(VGroup of 1 submobjects): 100%|██████████| 8/8 [00:00<00:00, 74.53it/s]
                                                                                            


===== STEP: LONG: PRE-RENDER layout audit 9:16
$ /Users/nik/ai/bin/python3 /Users/nik/Documents/Cowork/quantum-mechanics-vol1/youtube/scripts/manim_layout_audit.py double_slit_one_electron_bb.py --portrait --curve-strict
cwd: /Users/nik/Documents/Cowork/quantum-mechanics-vol1/youtube/double-slit-one-electron-bb
exit: 0
[bn_layout] mode=PORTRAIT pixels=1080x1920 frame=4.50x8.00
[audit] double_slit_one_electron_bb: 94 snapshots → CLEAN
[audit] report: /Users/nik/Documents/Cowork/quantum-mechanics-vol1/youtube/double-slit-one-electron-bb/layout_audit.md

Animation 0: FadeIn(Text("Bear's Notes")):   0%|          | 0/30 [00:00<?, ?it/s]
Animation 0: FadeIn(Text("Bear's Notes")):  23%|██▎       | 7/30 [00:00<00:00, 66.20it/s]
Animation 0: FadeIn(Text("Bear's Notes")):  53%|█████▎    | 16/30 [00:00<00:00, 76.61it/s]
Animation 0: FadeIn(Text("Bear's Notes")):  83%|████████▎ | 25/30 [00:00<00:00, 82.13it/s]
                                                                                          

Animation 1: Write(VGroup of 4 submobjects):   0%|          | 0/84 [00:00<?, ?it/s]
Animation 1: Write(VGroup of 4 submobjects):  10%|▉         | 8/84 [00:00<00:00, 78.43it/s]
Animation 1: Write(VGroup of 4 submobjects):  19%|█▉        | 16/84 [00:00<00:00, 71.79it/s]
Animation 1: Write(VGroup of 4 submobjects):  29%|██▊       | 24/84 [00:00<00:00, 67.80it/s]
Animation 1: Write(VGroup of 4 submobjects):  37%|███▋      | 31/84 [00:00<00:00, 65.11it/s]
Animation 1: Write(VGroup of 4 submobjects):  45%|████▌     | 38/84 [00:00<00:00, 62.34it/s]
Animation 1: Write(VGroup of 4 submobjects):  54%|█████▎    | 45/84 [00:00<00:00, 59.77it/s]
Animation 1: Write(VGroup of 4 submobjects):  62%|██████▏   | 52/84 [00:00<00:00, 56.77it/s]
Animation 1: Write(VGroup of 4 submobjects):  69%|██████▉   | 58/84 [00:00<00:00, 53.57it/s]
Animation 1: Write(VGroup of 4 submobjects):  76%|███████▌  | 64/84 [00:01<00:00, 50.52it/s]
Animation 1: Write(VGroup of 4 submobjects):  83%|████████▎ | 70/84 [00:01<00:00, 48.26it/s]
Animation 1: Write(VGroup of 4 submobjects):  89%|████████▉ | 75/84 [00:01<00:00, 46.93it/s]
Animation 1: Write(VGroup of 4 submobjects):  95%|█████████▌| 80/84 [00:01<00:00, 45.95it/s]
                                                                                            

Animation 2: Create(Line), etc.:   0%|          | 0/30 [00:00<?, ?it/s]
Animation 2: Create(Line), etc.:  57%|█████▋    | 17/30 [00:00<00:00, 167.88it/s]
                                                                                 
/Users/nik/Documents/Cowork/quantum-mechanics-vol1/youtube/scripts/manim_layout_audit.py:145: DeprecationWarning: This method is not guaranteed to stay around. Please prefer getting the attribute normally.
  if float(mob.get_stroke_opacity()) <= 0.02:

Animation 4: FadeOut(Group):   0%|          | 0/24 [00:00<?, ?it/s]
Animation 4: FadeOut(Group):  17%|█▋        | 4/24 [00:00<00:00, 33.02it/s]
Animation 4: FadeOut(Group):  33%|███▎      | 8/24 [00:00<00:00, 33.83it/s]
Animation 4: FadeOut(Group):  50%|█████     | 12/24 [00:00<00:00, 33.99it/s]
Animation 4: FadeOut(Group):  67%|██████▋   | 16/24 [00:00<00:00, 34.27it/s]
Animation 4: FadeOut(Group):  83%|████████▎ | 20/24 [00:00<00:00, 34.13it/s]
Animation 4: FadeOut(Group): 100%|██████████| 24/24 [00:00<00:00, 34.69it/s]
                                                                            

Animation 5: FadeOut(Mobject):   0%|          | 0/24 [00:00<?, ?it/s]
Animation 5: FadeOut(Mobject):  79%|███████▉  | 19/24 [00:00<00:00, 184.46it/s]
                                                                               

Animation 7: Create(RoundedRectangle), etc.:   0%|          | 0/120 [00:00<?, ?it/s]
Animation 7: Create(RoundedRectangle), etc.:  14%|█▍        | 17/120 [00:00<00:00, 169.90it/s]
Animation 7: Create(RoundedRectangle), etc.:  29%|██▉       | 35/120 [00:00<00:00, 173.12it/s]
Animation 7: Create(RoundedRectangle), etc.:  44%|████▍     | 53/120 [00:00<00:00, 171.80it/s]
Animation 7: Create(RoundedRectangle), etc.:  59%|█████▉    | 71/120 [00:00<00:00, 172.00it/s]
Animation 7: Create(RoundedRectangle), etc.:  74%|███████▍  | 89/120 [00:00<00:00, 170.29it/s]
Animation 7: Create(RoundedRectangle), etc.:  89%|████████▉ | 107/120 [00:00<00:00, 138.77it/s]
                                                                                               

Animation 8: _MethodAnimation(Dot):   0%|          | 0/57 [00:00<?, ?it/s]
Animation 8: _MethodAnimation(Dot):  33%|███▎      | 19/57 [00:00<00:00, 187.99it/s]
Animation 8: _MethodAnimation(Dot):  67%|██████▋   | 38/57 [00:00<00:00, 184.06it/s]
Animation 8: _MethodAnimation(Dot): 100%|██████████| 57/57 [00:00<00:00, 185.26it/s]
                                                                                    

Animation 9: _MethodAnimation(Dot):   0%|          | 0/57 [00:00<?, ?it/s]
Animation 9: _MethodAnimation(Dot):  32%|███▏      | 18/57 [00:00<00:00, 175.82it/s]
Animation 9: _MethodAnimation(Dot):  63%|██████▎   | 36/57 [00:00<00:00, 168.32it/s]
Animation 9: _MethodAnimation(Dot):  93%|█████████▎| 53/57 [00:00<00:00, 167.74it/s]
                                                                                    

Animation 11: _MethodAnimation(Dot):   0%|          | 0/57 [00:00<?, ?it/s]
Animation 11: _MethodAnimation(Dot):  30%|██▉       | 17/57 [00:00<00:00, 169.80it/s]
Animation 11: _MethodAnimation(Dot):  60%|█████▉    | 34/57 [00:00<00:00, 166.70it/s]
Animation 11: _MethodAnimation(Dot):  89%|████████▉ | 51/57 [00:00<00:00, 165.83it/s]
                                                                                     

Animation 12: _MethodAnimation(Dot):   0%|          | 0/57 [00:00<?, ?it/s]
Animation 12: _MethodAnimation(Dot):  32%|███▏      | 18/57 [00:00<00:00, 177.39it/s]
Animation 12: _MethodAnimation(Dot):  63%|██████▎   | 36/57 [00:00<00:00, 173.63it/s]
Animation 12: _MethodAnimation(Dot):  95%|█████████▍| 54/57 [00:00<00:00, 174.87it/s]
                                                                                     

Animation 14: LaggedStart(Group):   0%|          | 0/120 [00:00<?, ?it/s]
Animation 14: LaggedStart(Group):  12%|█▎        | 15/120 [00:00<00:00, 146.70it/s]
Animation 14: LaggedStart(Group):  26%|██▌       | 31/120 [00:00<00:00, 151.83it/s]
Animation 14: LaggedStart(Group):  39%|███▉      | 47/120 [00:00<00:00, 151.55it/s]
Animation 14: LaggedStart(Group):  52%|█████▎    | 63/120 [00:00<00:00, 149.48it/s]
Animation 14: LaggedStart(Group):  65%|██████▌   | 78/120 [00:00<00:00, 148.84it/s]
Animation 14: LaggedStart(Group):  78%|███████▊  | 93/120 [00:00<00:00, 148.42it/s]
Animation 14: LaggedStart(Group):  90%|█████████ | 108/120 [00:00<00:00, 148.14it/s]
                                                                                    

Animation 15: FadeIn(Text('electrons: 10')):   0%|          | 0/24 [00:00<?, ?it/s]
Animation 15: FadeIn(Text('electrons: 10')):  42%|████▏     | 10/24 [00:00<00:00, 96.21it/s]
Animation 15: FadeIn(Text('electrons: 10')):  83%|████████▎ | 20/24 [00:00<00:00, 96.12it/s]
                                                                                            

Animation 17: Create(DashedVMobject):   0%|          | 0/144 [00:00<?, ?it/s]
Animation 17: Create(DashedVMobject):   9%|▉         | 13/144 [00:00<00:01, 119.75it/s]
Animation 17: Create(DashedVMobject):  17%|█▋        | 25/144 [00:00<00:01, 116.72it/s]
Animation 17: Create(DashedVMobject):  26%|██▌       | 37/144 [00:00<00:00, 111.95it/s]
Animation 17: Create(DashedVMobject):  34%|███▍      | 49/144 [00:00<00:00, 112.17it/s]
Animation 17: Create(DashedVMobject):  42%|████▏     | 61/144 [00:00<00:00, 113.99it/s]
Animation 17: Create(DashedVMobject):  51%|█████     | 73/144 [00:00<00:00, 115.34it/s]
Animation 17: Create(DashedVMobject):  59%|█████▉    | 85/144 [00:00<00:00, 114.24it/s]
Animation 17: Create(DashedVMobject):  67%|██████▋   | 97/144 [00:00<00:00, 113.03it/s]
Animation 17: Create(DashedVMobject):  76%|███████▌  | 109/144 [00:00<00:00, 110.85it/s]
Animation 17: Create(DashedVMobject):  84%|████████▍ | 121/144 [00:01<00:00, 108.94it/s]
Animation 17: Create(DashedVMobject):  92%|█████████▏| 132/144 [00:01<00:00, 106.80it/s]
Animation 17: Create(DashedVMobject):  99%|█████████▉| 143/144 [00:01<00:00, 105.74it/s]
                                                                                        

Animation 19: FadeIn(Text('?')), etc.:   0%|          | 0/66 [00:00<?, ?it/s]
Animation 19: FadeIn(Text('?')), etc.:  14%|█▎        | 9/66 [00:00<00:00, 85.64it/s]
Animation 19: FadeIn(Text('?')), etc.:  27%|██▋       | 18/66 [00:00<00:00, 81.29it/s]
Animation 19: FadeIn(Text('?')), etc.:  41%|████      | 27/66 [00:00<00:00, 80.14it/s]
Animation 19: FadeIn(Text('?')), etc.:  55%|█████▍    | 36/66 [00:00<00:00, 80.14it/s]
Animation 19: FadeIn(Text('?')), etc.:  68%|██████▊   | 45/66 [00:00<00:00, 81.01it/s]
Animation 19: FadeIn(Text('?')), etc.:  82%|████████▏ | 54/66 [00:00<00:00, 80.77it/s]
Animation 19: FadeIn(Text('?')), etc.:  95%|█████████▌| 63/66 [00:00<00:00, 81.07it/s]
                                                                                      

Animation 20: Indicate(Text('?')):   0%|          | 0/36 [00:00<?, ?it/s]
Animation 20: Indicate(Text('?')):  44%|████▍     | 16/36 [00:00<00:00, 155.48it/s]
Animation 20: Indicate(Text('?')):  89%|████████▉ | 32/36 [00:00<00:00, 153.57it/s]
                                                                                   

Animation 22: FadeOut(Text('?')):   0%|          | 0/18 [00:00<?, ?it/s]
Animation 22: FadeOut(Text('?')):  94%|█████████▍| 17/18 [00:00<00:00, 163.18it/s]
                                                                                  

Animation 23: Create(VGroup of 4 submobjects):   0%|          | 0/72 [00:00<?, ?it/s]
Animation 23: Create(VGroup of 4 submobjects):  24%|██▎       | 17/72 [00:00<00:00, 165.95it/s]
Animation 23: Create(VGroup of 4 submobjects):  47%|████▋     | 34/72 [00:00<00:00, 162.96it/s]
Animation 23: Create(VGroup of 4 submobjects):  71%|███████   | 51/72 [00:00<00:00, 159.37it/s]
Animation 23: Create(VGroup of 4 submobjects):  93%|█████████▎| 67/72 [00:00<00:00, 155.85it/s]
                                                                                               

Animation 24: Create(VGroup of 4 submobjects):   0%|          | 0/72 [00:00<?, ?it/s]
Animation 24: Create(VGroup of 4 submobjects):  25%|██▌       | 18/72 [00:00<00:00, 171.55it/s]
Animation 24: Create(VGroup of 4 submobjects):  50%|█████     | 36/72 [00:00<00:00, 167.38it/s]
Animation 24: Create(VGroup of 4 submobjects):  74%|███████▎  | 53/72 [00:00<00:00, 163.27it/s]
Animation 24: Create(VGroup of 4 submobjects):  97%|█████████▋| 70/72 [00:00<00:00, 155.24it/s]
                                                                                               

Animation 26: Create(ParametricFunction):   0%|          | 0/138 [00:00<?, ?it/s]
Animation 26: Create(ParametricFunction):  14%|█▍        | 19/138 [00:00<00:00, 180.10it/s]
Animation 26: Create(ParametricFunction):  28%|██▊       | 38/138 [00:00<00:00, 176.30it/s]
Animation 26: Create(ParametricFunction):  41%|████      | 56/138 [00:00<00:00, 171.42it/s]
Animation 26: Create(ParametricFunction):  54%|█████▎    | 74/138 [00:00<00:00, 160.34it/s]
Animation 26: Create(ParametricFunction):  66%|██████▌   | 91/138 [00:00<00:00, 143.77it/s]
Animation 26: Create(ParametricFunction):  77%|███████▋  | 106/138 [00:00<00:00, 134.09it/s]
Animation 26: Create(ParametricFunction):  87%|████████▋ | 120/138 [00:00<00:00, 124.53it/s]
Animation 26: Create(ParametricFunction):  96%|█████████▋| 133/138 [00:00<00:00, 119.94it/s]
                                                                                            

Animation 27: Write(Text('waves: stripes')):   0%|          | 0/30 [00:00<?, ?it/s]
Animation 27: Write(Text('waves: stripes')):  37%|███▋      | 11/30 [00:00<00:00, 101.38it/s]
Animation 27: Write(Text('waves: stripes')):  73%|███████▎  | 22/30 [00:00<00:00, 93.14it/s] 
                                                                                            

Animation 29: FadeOut(VGroup of 4 submobjects), etc.:   0%|          | 0/24 [00:00<?, ?it/s]
Animation 29: FadeOut(VGroup of 4 submobjects), etc.:  25%|██▌       | 6/24 [00:00<00:00, 54.71it/s]
Animation 29: FadeOut(VGroup of 4 submobjects), etc.:  50%|█████     | 12/24 [00:00<00:00, 55.13it/s]
Animation 29: FadeOut(VGroup of 4 submobjects), etc.:  75%|███████▌  | 18/24 [00:00<00:00, 54.58it/s]
Animation 29: FadeOut(VGroup of 4 submobjects), etc.: 100%|██████████| 24/24 [00:00<00:00, 53.54it/s]
                                                                                                     

Animation 30: _MethodAnimation(Dot):   0%|          | 0/45 [00:00<?, ?it/s]
Animation 30: _MethodAnimation(Dot):  29%|██▉       | 13/45 [00:00<00:00, 125.90it/s]
Animation 30: _MethodAnimation(Dot):  58%|█████▊    | 26/45 [00:00<00:00, 92.41it/s] 
Animation 30: _MethodAnimation(Dot):  84%|████████▍ | 38/45 [00:00<00:00, 102.32it/s]
                                                                                     

Animation 31: _MethodAnimation(Dot):   0%|          | 0/45 [00:00<?, ?it/s]
Animation 31: _MethodAnimation(Dot):  31%|███       | 14/45 [00:00<00:00, 139.23it/s]
Animation 31: _MethodAnimation(Dot):  62%|██████▏   | 28/45 [00:00<00:00, 139.27it/s]
Animation 31: _MethodAnimation(Dot):  93%|█████████▎| 42/45 [00:00<00:00, 138.09it/s]
                                                                                     

Animation 32: _MethodAnimation(Dot):   0%|          | 0/45 [00:00<?, ?it/s]
Animation 32: _MethodAnimation(Dot):  31%|███       | 14/45 [00:00<00:00, 135.97it/s]
Animation 32: _MethodAnimation(Dot):  62%|██████▏   | 28/45 [00:00<00:00, 130.26it/s]
Animation 32: _MethodAnimation(Dot):  93%|█████████▎| 42/45 [00:00<00:00, 127.43it/s]
                                                                                     

Animation 33: _MethodAnimation(Dot):   0%|          | 0/45 [00:00<?, ?it/s]
Animation 33: _MethodAnimation(Dot):  31%|███       | 14/45 [00:00<00:00, 138.02it/s]
Animation 33: _MethodAnimation(Dot):  62%|██████▏   | 28/45 [00:00<00:00, 132.26it/s]
Animation 33: _MethodAnimation(Dot):  96%|█████████▌| 43/45 [00:00<00:00, 136.71it/s]
                                                                                     

Animation 34: ReplacementTransform(DashedVMobject), etc.:   0%|          | 0/120 [00:00<?, ?it/s]
Animation 34: ReplacementTransform(DashedVMobject), etc.:   1%|          | 1/120 [00:00<00:15,  7.80it/s]
Animation 34: ReplacementTransform(DashedVMobject), etc.:   2%|▏         | 2/120 [00:00<00:14,  7.99it/s]
Animation 34: ReplacementTransform(DashedVMobject), etc.:   2%|▎         | 3/120 [00:00<00:14,  8.08it/s]
Animation 34: ReplacementTransform(DashedVMobject), etc.:   3%|▎         | 4/120 [00:00<00:15,  7.52it/s]
Animation 34: ReplacementTransform(DashedVMobject), etc.:   4%|▍         | 5/120 [00:00<00:15,  7.50it/s]
Animation 34: ReplacementTransform(DashedVMobject), etc.:   5%|▌         | 6/120 [00:00<00:14,  7.72it/s]
Animation 34: ReplacementTransform(DashedVMobject), etc.:   6%|▌         | 7/120 [00:00<00:15,  7.53it/s]
Animation 34: ReplacementTransform(DashedVMobject), etc.:   7%|▋         | 8/120 [00:01<00:15,  7.40it/s]
Animation 34: ReplacementTransform(DashedVMobject), etc.:   8%|▊         | 9/120 [00:01<00:14,  7.64it/s]
Animation 34: ReplacementTransform(DashedVMobject), etc.:   8%|▊         | 10/120 [00:01<00:13,  7.91it/s]
Animation 34: ReplacementTransform(DashedVMobject), etc.:   9%|▉         | 11/120 [00:01<00:14,  7.60it/s]
Animation 34: ReplacementTransform(DashedVMobject), etc.:  10%|█         | 12/120 [00:01<00:14,  7.36it/s]
Animation 34: ReplacementTransform(DashedVMobject), etc.:  11%|█         | 13/120 [00:01<00:14,  7.29it/s]
Animation 34: ReplacementTransform(DashedVMobject), etc.:  12%|█▏        | 14/120 [00:01<00:14,  7.39it/s]
Animation 34: ReplacementTransform(DashedVMobject), etc.:  12%|█▎        | 15/120 [00:02<00:14,  7.22it/s]
Animation 34: ReplacementTransform(DashedVMobject), etc.:  13%|█▎        | 16/120 [00:02<00:14,  7.14it/s]
Animation 34: ReplacementTransform(DashedVMobject), etc.:  14%|█▍        | 17/120 [00:02<00:14,  7.00it/s]
Animation 34: ReplacementTransform(DashedVMobject), etc.:  15%|█▌        | 18/120 [00:02<00:14,  6.87it/s]
Animation 34: ReplacementTransform(DashedVMobject), etc.:  16%|█▌        | 19/120 [00:02<00:14,  6.99it/s]
Animation 34: ReplacementTransform(DashedVMobject), etc.:  17%|█▋        | 20/120 [00:02<00:14,  6.96it/s]
Animation 34: ReplacementTransform(DashedVMobject), etc.:  18%|█▊        | 21/120 [00:02<00:14,  6.95it/s]
Animation 34: ReplacementTransform(DashedVMobject), etc.:  18%|█▊        | 22/120 [00:02<00:13,  7.28it/s]
Animation 34: ReplacementTransform(DashedVMobject), etc.:  19%|█▉        | 23/120 [00:03<00:12,  7.72it/s]
Animation 34: ReplacementTransform(DashedVMobject), etc.:  20%|██        | 24/120 [00:03<00:12,  7.98it/s]
Animation 34: ReplacementTransform(DashedVMobject), etc.:  21%|██        | 25/120 [00:03<00:12,  7.64it/s]
Animation 34: ReplacementTransform(DashedVMobject), etc.:  22%|██▏       | 26/120 [00:03<00:12,  7.43it/s]
Animation 34: ReplacementTransform(DashedVMobject), etc.:  22%|██▎       | 27/120 [00:03<00:12,  7.27it/s]
Animation 34: ReplacementTransform(DashedVMobject), etc.:  23%|██▎       | 28/120 [00:03<00:12,  7.18it/s]
Animation 34: ReplacementTransform(DashedVMobject), etc.:  24%|██▍       | 29/120 [00:03<00:12,  7.07it/s]
Animation 34: ReplacementTransform(DashedVMobject), etc.:  25%|██▌       | 30/120 [00:04<00:12,  7.01it/s]
Animation 34: ReplacementTransform(DashedVMobject), etc.:  26%|██▌       | 31/120 [00:04<00:12,  6.99it/s]
Animation 34: ReplacementTransform(DashedVMobject), etc.:  27%|██▋       | 32/120 [00:04<00:12,  6.89it/s]
Animation 34: ReplacementTransform(DashedVMobject), etc.:  28%|██▊       | 33/120 [00:04<00:12,  6.85it/s]
Animation 34: ReplacementTransform(DashedVMobject), etc.:  28%|██▊       | 34/120 [00:04<00:12,  6.84it/s]
Animation 34: ReplacementTransform(DashedVMobject), etc.:  29%|██▉       | 35/120 [00:04<00:12,  6.82it/s]
Animation 34: ReplacementTransform(DashedVMobject), etc.:  30%|███       | 36/120 [00:04<00:12,  6.84it/s]
Animation 34: ReplacementTransform(DashedVMobject), etc.:  31%|███       | 37/120 [00:05<00:12,  6.82it/s]
Animation 34: ReplacementTransform(DashedVMobject), etc.:  32%|███▏      | 38/120 [00:05<00:12,  6.81it/s]
Animation 34: ReplacementTransform(DashedVMobject), etc.:  32%|███▎      | 39/120 [00:05<00:11,  6.89it/s]
Animation 34: ReplacementTransform(DashedVMobject), etc.:  33%|███▎      | 40/120 [00:05<00:11,  6.83it/s]
Animation 34: ReplacementTransform(DashedVMobject), etc.:  34%|███▍      | 41/120 [00:05<00:11,  6.69it/s]
Animation 34: ReplacementTransform(DashedVMobject), etc.:  35%|███▌      | 42/120 [00:05<00:11,  6.67it/s]
Animation 34: ReplacementTransform(DashedVMobject), etc.:  36%|███▌      | 43/120 [00:06<00:11,  6.65it/s]
Animation 34: ReplacementTransform(DashedVMobject), etc.:  37%|███▋      | 44/120 [00:06<00:11,  6.80it/s]
Animation 34: ReplacementTransform(DashedVMobject), etc.:  38%|███▊      | 45/120 [00:06<00:11,  6.72it/s]
Animation 34: ReplacementTransform(DashedVMobject), etc.:  38%|███▊      | 46/120 [00:06<00:11,  6.72it/s]
Animation 34: ReplacementTransform(DashedVMobject), etc.:  39%|███▉      | 47/120 [00:06<00:10,  6.70it/s]
Animation 34: ReplacementTransform(DashedVMobject), etc.:  40%|████      | 48/120 [00:06<00:10,  6.65it/s]
Animation 34: ReplacementTransform(DashedVMobject), etc.:  41%|████      | 49/120 [00:06<00:10,  6.61it/s]
Animation 34: ReplacementTransform(DashedVMobject), etc.:  42%|████▏     | 50/120 [00:07<00:10,  6.55it/s]
Animation 34: ReplacementTransform(DashedVMobject), etc.:  42%|████▎     | 51/120 [00:07<00:10,  6.55it/s]
Animation 34: ReplacementTransform(DashedVMobject), etc.:  43%|████▎     | 52/120 [00:07<00:10,  6.55it/s]
Animation 34: ReplacementTransform(DashedVMobject), etc.:  44%|████▍     | 53/120 [00:07<00:10,  6.51it/s]
Animation 34: ReplacementTransform(DashedVMobject), etc.:  45%|████▌     | 54/120 [00:07<00:10,  6.46it/s]
Animation 34: ReplacementTransform(DashedVMobject), etc.:  46%|████▌     | 55/120 [00:07<00:10,  6.38it/s]
Animation 34: ReplacementTransform(DashedVMobject), etc.:  47%|████▋     | 56/120 [00:08<00:10,  6.39it/s]
Animation 34: ReplacementTransform(DashedVMobject), etc.:  48%|████▊     | 57/120 [00:08<00:09,  6.38it/s]
Animation 34: ReplacementTransform(DashedVMobject), etc.:  48%|████▊     | 58/120 [00:08<00:09,  6.42it/s]
Animation 34: ReplacementTransform(DashedVMobject), etc.:  49%|████▉     | 59/120 [00:08<00:09,  6.38it/s]
Animation 34: ReplacementTransform(DashedVMobject), etc.:  50%|█████     | 60/120 [00:08<00:09,  6.36it/s]
Animation 34: ReplacementTransform(DashedVMobject), etc.:  51%|█████     | 61/120 [00:08<00:09,  6.42it/s]
Animation 34: ReplacementTransform(DashedVMobject), etc.:  52%|█████▏    | 62/120 [00:08<00:09,  5.85it/s]
Animation 34: ReplacementTransform(DashedVMobject), etc.:  52%|█████▎    | 63/120 [00:09<00:09,  6.16it/s]
Animation 34: ReplacementTransform(DashedVMobject), etc.:  53%|█████▎    | 64/120 [00:09<00:08,  6.53it/s]
Animation 34: ReplacementTransform(DashedVMobject), etc.:  54%|█████▍    | 65/120 [00:09<00:07,  6.91it/s]
Animation 34: ReplacementTransform(DashedVMobject), etc.:  55%|█████▌    | 66/120 [00:09<00:07,  7.13it/s]
Animation 34: ReplacementTransform(DashedVMobject), etc.:  56%|█████▌    | 67/120 [00:09<00:07,  7.20it/s]
Animation 34: ReplacementTransform(DashedVMobject), etc.:  57%|█████▋    | 68/120 [00:09<00:07,  7.38it/s]
Animation 34: ReplacementTransform(DashedVMobject), etc.:  57%|█████▊    | 69/120 [00:09<00:06,  7.45it/s]
Animation 34: ReplacementTransform(DashedVMobject), etc.:  58%|█████▊    | 70/120 [00:10<00:06,  7.54it/s]
Animation 34: ReplacementTransform(DashedVMobject), etc.:  59%|█████▉    | 71/120 [00:10<00:06,  7.62it/s]
Animation 34: ReplacementTransform(DashedVMobject), etc.:  60%|██████    | 72/120 [00:10<00:06,  7.50it/s]
Animation 34: ReplacementTransform(DashedVMobject), etc.:  61%|██████    | 73/120 [00:10<00:06,  7.47it/s]
Animation 34: ReplacementTransform(DashedVMobject), etc.:  62%|██████▏   | 74/120 [00:10<00:06,  7.50it/s]
Animation 34: ReplacementTransform(DashedVMobject), etc.:  62%|██████▎   | 75/120 [00:10<00:05,  7.55it/s]
Animation 34: ReplacementTransform(DashedVMobject), etc.:  63%|██████▎   | 76/120 [00:10<00:05,  7.46it/s]
Animation 34: ReplacementTransform(DashedVMobject), etc.:  64%|██████▍   | 77/120 [00:10<00:05,  7.33it/s]
Animation 34: ReplacementTransform(DashedVMobject), etc.:  65%|██████▌   | 78/120 [00:11<00:05,  7.32it/s]
Animation 34: ReplacementTransform(DashedVMobject), etc.:  66%|██████▌   | 79/120 [00:11<00:05,  6.96it/s]
Animation 34: ReplacementTransform(DashedVMobject), etc.:  67%|██████▋   | 80/120 [00:11<00:06,  6.64it/s]
Animation 34: ReplacementTransform(DashedVMobject), etc.:  68%|██████▊   | 81/120 [00:11<00:06,  6.24it/s]
Animation 34: ReplacementTransform(DashedVMobject), etc.:  68%|██████▊   | 82/120 [00:11<00:06,  5.88it/s]
Animation 34: ReplacementTransform(DashedVMobject), etc.:  69%|██████▉   | 83/120 [00:11<00:06,  6.15it/s]
Animation 34: ReplacementTransform(DashedVMobject), etc.:  70%|███████   | 84/120 [00:12<00:05,  6.41it/s]
Animation 34: ReplacementTransform(DashedVMobject), etc.:  71%|███████   | 85/120 [00:12<00:05,  6.35it/s]
Animation 34: ReplacementTransform(DashedVMobject), etc.:  72%|███████▏  | 86/120 [00:12<00:05,  6.26it/s]
Animation 34: ReplacementTransform(DashedVMobject), etc.:  72%|███████▎  | 87/120 [00:12<00:05,  6.44it/s]
Animation 34: ReplacementTransform(DashedVMobject), etc.:  73%|███████▎  | 88/120 [00:12<00:04,  6.53it/s]
Animation 34: ReplacementTransform(DashedVMobject), etc.:  74%|███████▍  | 89/120 [00:12<00:04,  6.60it/s]
Animation 34: ReplacementTransform(DashedVMobject), etc.:  75%|███████▌  | 90/120 [00:13<00:04,  6.56it/s]
Animation 34: ReplacementTransform(DashedVMobject), etc.:  76%|███████▌  | 91/120 [00:13<00:04,  6.78it/s]
Animation 34: ReplacementTransform(DashedVMobject), etc.:  77%|███████▋  | 92/120 [00:13<00:04,  6.60it/s]
Animation 34: ReplacementTransform(DashedVMobject), etc.:  78%|███████▊  | 93/120 [00:13<00:04,  6.40it/s]
Animation 34: ReplacementTransform(DashedVMobject), etc.:  78%|███████▊  | 94/120 [00:13<00:04,  6.02it/s]
Animation 34: ReplacementTransform(DashedVMobject), etc.:  79%|███████▉  | 95/120 [00:13<00:04,  5.92it/s]
Animation 34: ReplacementTransform(DashedVMobject), etc.:  80%|████████  | 96/120 [00:14<00:03,  6.18it/s]
Animation 34: ReplacementTransform(DashedVMobject), etc.:  81%|████████  | 97/120 [00:14<00:03,  6.35it/s]
Animation 34: ReplacementTransform(DashedVMobject), etc.:  82%|████████▏ | 98/120 [00:14<00:03,  6.58it/s]
Animation 34: ReplacementTransform(DashedVMobject), etc.:  82%|████████▎ | 99/120 [00:14<00:03,  6.84it/s]
Animation 34: ReplacementTransform(DashedVMobject), etc.:  83%|████████▎ | 100/120 [00:14<00:02,  7.11it/s]
Animation 34: ReplacementTransform(DashedVMobject), etc.:  84%|████████▍ | 101/120 [00:14<00:02,  7.32it/s]
Animation 34: ReplacementTransform(DashedVMobject), etc.:  85%|████████▌ | 102/120 [00:14<00:02,  7.24it/s]
Animation 34: ReplacementTransform(DashedVMobject), etc.:  86%|████████▌ | 103/120 [00:14<00:02,  7.41it/s]
Animation 34: ReplacementTransform(DashedVMobject), etc.:  87%|████████▋ | 104/120 [00:15<00:02,  7.54it/s]
Animation 34: ReplacementTransform(DashedVMobject), etc.:  88%|████████▊ | 105/120 [00:15<00:01,  7.61it/s]
Animation 34: ReplacementTransform(DashedVMobject), etc.:  88%|████████▊ | 106/120 [00:15<00:01,  7.66it/s]
Animation 34: ReplacementTransform(DashedVMobject), etc.:  89%|████████▉ | 107/120 [00:15<00:01,  7.69it/s]
Animation 34: ReplacementTransform(DashedVMobject), etc.:  90%|█████████ | 108/120 [00:15<00:01,  7.71it/s]
Animation 34: ReplacementTransform(DashedVMobject), etc.:  92%|█████████▏| 110/120 [00:15<00:01,  8.70it/s]
Animation 34: ReplacementTransform(DashedVMobject), etc.:  92%|█████████▎| 111/120 [00:15<00:01,  8.57it/s]
Animation 34: ReplacementTransform(DashedVMobject), etc.:  93%|█████████▎| 112/120 [00:16<00:00,  8.16it/s]
Animation 34: ReplacementTransform(DashedVMobject), etc.:  94%|█████████▍| 113/120 [00:16<00:00,  8.20it/s]
Animation 34: ReplacementTransform(DashedVMobject), etc.:  95%|█████████▌| 114/120 [00:16<00:00,  8.24it/s]
Animation 34: ReplacementTransform(DashedVMobject), etc.:  96%|█████████▌| 115/120 [00:16<00:00,  8.26it/s]
Animation 34: ReplacementTransform(DashedVMobject), etc.:  97%|█████████▋| 116/120 [00:16<00:00,  8.21it/s]
Animation 34: ReplacementTransform(DashedVMobject), etc.:  98%|█████████▊| 117/120 [00:16<00:00,  8.21it/s]
Animation 34: ReplacementTransform(DashedVMobject), etc.:  98%|█████████▊| 118/120 [00:16<00:00,  8.58it/s]
Animation 34: ReplacementTransform(DashedVMobject), etc.:  99%|█████████▉| 119/120 [00:16<00:00,  8.88it/s]
Animation 34: ReplacementTransform(DashedVMobject), etc.: 100%|██████████| 120/120 [00:16<00:00,  8.61it/s]
                                                                                                           

Animation 35: Write(Text('particles: two heaps')):   0%|          | 0/30 [00:00<?, ?it/s]
Animation 35: Write(Text('particles: two heaps')):  33%|███▎      | 10/30 [00:00<00:00, 89.92it/s]
Animation 35: Write(Text('particles: two heaps')):  63%|██████▎   | 19/30 [00:00<00:00, 83.11it/s]
Animation 35: Write(Text('particles: two heaps')):  93%|█████████▎| 28/30 [00:00<00:00, 74.81it/s]
                                                                                                  

Animation 37: FadeOut(ParametricFunction), etc.:   0%|          | 0/24 [00:00<?, ?it/s]
Animation 37: FadeOut(ParametricFunction), etc.:  17%|█▋        | 4/24 [00:00<00:00, 36.30it/s]
Animation 37: FadeOut(ParametricFunction), etc.:  33%|███▎      | 8/24 [00:00<00:00, 36.39it/s]
Animation 37: FadeOut(ParametricFunction), etc.:  50%|█████     | 12/24 [00:00<00:00, 36.51it/s]
Animation 37: FadeOut(ParametricFunction), etc.:  67%|██████▋   | 16/24 [00:00<00:00, 35.87it/s]
Animation 37: FadeOut(ParametricFunction), etc.:  83%|████████▎ | 20/24 [00:00<00:00, 35.52it/s]
Animation 37: FadeOut(ParametricFunction), etc.: 100%|██████████| 24/24 [00:00<00:00, 36.09it/s]
                                                                                                

Animation 38: LaggedStart(Group), etc.:   0%|          | 0/120 [00:00<?, ?it/s]
Animation 38: LaggedStart(Group), etc.:   5%|▌         | 6/120 [00:00<00:02, 55.33it/s]
Animation 38: LaggedStart(Group), etc.:  10%|█         | 12/120 [00:00<00:01, 55.36it/s]
Animation 38: LaggedStart(Group), etc.:  15%|█▌        | 18/120 [00:00<00:01, 55.62it/s]
Animation 38: LaggedStart(Group), etc.:  20%|██        | 24/120 [00:00<00:01, 54.37it/s]
Animation 38: LaggedStart(Group), etc.:  25%|██▌       | 30/120 [00:00<00:01, 54.14it/s]
Animation 38: LaggedStart(Group), etc.:  30%|███       | 36/120 [00:00<00:01, 53.72it/s]
Animation 38: LaggedStart(Group), etc.:  35%|███▌      | 42/120 [00:00<00:01, 52.86it/s]
Animation 38: LaggedStart(Group), etc.:  40%|████      | 48/120 [00:00<00:01, 52.16it/s]
Animation 38: LaggedStart(Group), etc.:  45%|████▌     | 54/120 [00:01<00:01, 51.31it/s]
Animation 38: LaggedStart(Group), etc.:  50%|█████     | 60/120 [00:01<00:01, 50.73it/s]
Animation 38: LaggedStart(Group), etc.:  55%|█████▌    | 66/120 [00:01<00:01, 49.40it/s]
Animation 38: LaggedStart(Group), etc.:  59%|█████▉    | 71/120 [00:01<00:01, 47.92it/s]
Animation 38: LaggedStart(Group), etc.:  63%|██████▎   | 76/120 [00:01<00:00, 46.57it/s]
Animation 38: LaggedStart(Group), etc.:  68%|██████▊   | 81/120 [00:01<00:01, 35.81it/s]
Animation 38: LaggedStart(Group), etc.:  71%|███████   | 85/120 [00:01<00:00, 35.09it/s]
Animation 38: LaggedStart(Group), etc.:  75%|███████▌  | 90/120 [00:01<00:00, 38.16it/s]
Animation 38: LaggedStart(Group), etc.:  79%|███████▉  | 95/120 [00:02<00:00, 41.09it/s]
Animation 38: LaggedStart(Group), etc.:  84%|████████▍ | 101/120 [00:02<00:00, 45.38it/s]
Animation 38: LaggedStart(Group), etc.:  89%|████████▉ | 107/120 [00:02<00:00, 47.71it/s]
Animation 38: LaggedStart(Group), etc.:  94%|█████████▍| 113/120 [00:02<00:00, 48.66it/s]
Animation 38: LaggedStart(Group), etc.:  99%|█████████▉| 119/120 [00:02<00:00, 49.56it/s]
                                                                                         

Animation 40: LaggedStart(Group), etc.:   0%|          | 0/94 [00:00<?, ?it/s]
Animation 40: LaggedStart(Group), etc.:   4%|▍         | 4/94 [00:00<00:02, 31.69it/s]
Animation 40: LaggedStart(Group), etc.:   9%|▊         | 8/94 [00:00<00:02, 31.14it/s]
Animation 40: LaggedStart(Group), etc.:  13%|█▎        | 12/94 [00:00<00:02, 29.25it/s]
Animation 40: LaggedStart(Group), etc.:  16%|█▌        | 15/94 [00:00<00:02, 28.66it/s]
Animation 40: LaggedStart(Group), etc.:  19%|█▉        | 18/94 [00:00<00:02, 27.86it/s]
Animation 40: LaggedStart(Group), etc.:  22%|██▏       | 21/94 [00:00<00:02, 27.43it/s]
Animation 40: LaggedStart(Group), etc.:  26%|██▌       | 24/94 [00:00<00:02, 28.15it/s]
Animation 40: LaggedStart(Group), etc.:  29%|██▊       | 27/94 [00:00<00:02, 28.36it/s]
Animation 40: LaggedStart(Group), etc.:  33%|███▎      | 31/94 [00:01<00:02, 29.03it/s]
Animation 40: LaggedStart(Group), etc.:  36%|███▌      | 34/94 [00:01<00:02, 29.17it/s]
Animation 40: LaggedStart(Group), etc.:  39%|███▉      | 37/94 [00:01<00:01, 29.35it/s]
Animation 40: LaggedStart(Group), etc.:  43%|████▎     | 40/94 [00:01<00:01, 29.33it/s]
Animation 40: LaggedStart(Group), etc.:  46%|████▌     | 43/94 [00:01<00:01, 28.98it/s]
Animation 40: LaggedStart(Group), etc.:  49%|████▉     | 46/94 [00:01<00:01, 28.81it/s]
Animation 40: LaggedStart(Group), etc.:  52%|█████▏    | 49/94 [00:01<00:01, 28.85it/s]
Animation 40: LaggedStart(Group), etc.:  55%|█████▌    | 52/94 [00:01<00:01, 28.68it/s]
Animation 40: LaggedStart(Group), etc.:  59%|█████▊    | 55/94 [00:01<00:01, 28.42it/s]
Animation 40: LaggedStart(Group), etc.:  62%|██████▏   | 58/94 [00:02<00:01, 28.44it/s]
Animation 40: LaggedStart(Group), etc.:  65%|██████▍   | 61/94 [00:02<00:01, 28.25it/s]
Animation 40: LaggedStart(Group), etc.:  68%|██████▊   | 64/94 [00:02<00:01, 28.49it/s]
Animation 40: LaggedStart(Group), etc.:  71%|███████▏  | 67/94 [00:02<00:00, 28.81it/s]
Animation 40: LaggedStart(Group), etc.:  74%|███████▍  | 70/94 [00:02<00:00, 29.00it/s]
Animation 40: LaggedStart(Group), etc.:  79%|███████▊  | 74/94 [00:02<00:00, 29.40it/s]
Animation 40: LaggedStart(Group), etc.:  83%|████████▎ | 78/94 [00:02<00:00, 29.65it/s]
Animation 40: LaggedStart(Group), etc.:  86%|████████▌ | 81/94 [00:02<00:00, 29.71it/s]
Animation 40: LaggedStart(Group), etc.:  90%|█████████ | 85/94 [00:02<00:00, 29.95it/s]
Animation 40: LaggedStart(Group), etc.:  95%|█████████▍| 89/94 [00:03<00:00, 30.16it/s]
Animation 40: LaggedStart(Group), etc.:  99%|█████████▉| 93/94 [00:03<00:00, 30.49it/s]
                                                                                       

Animation 42: LaggedStart(Group), etc.:   0%|          | 0/120 [00:00<?, ?it/s]
Animation 42: LaggedStart(Group), etc.:   2%|▎         | 3/120 [00:00<00:05, 22.56it/s]
Animation 42: LaggedStart(Group), etc.:   5%|▌         | 6/120 [00:00<00:05, 21.51it/s]
Animation 42: LaggedStart(Group), etc.:   8%|▊         | 9/120 [00:00<00:05, 20.98it/s]
Animation 42: LaggedStart(Group), etc.:  10%|█         | 12/120 [00:00<00:05, 21.07it/s]
Animation 42: LaggedStart(Group), etc.:  12%|█▎        | 15/120 [00:00<00:05, 20.99it/s]
Animation 42: LaggedStart(Group), etc.:  15%|█▌        | 18/120 [00:00<00:04, 20.59it/s]
Animation 42: LaggedStart(Group), etc.:  18%|█▊        | 21/120 [00:01<00:05, 19.61it/s]
Animation 42: LaggedStart(Group), etc.:  19%|█▉        | 23/120 [00:01<00:05, 18.25it/s]
Animation 42: LaggedStart(Group), etc.:  21%|██        | 25/120 [00:01<00:05, 15.90it/s]
Animation 42: LaggedStart(Group), etc.:  22%|██▎       | 27/120 [00:01<00:05, 15.65it/s]
Animation 42: LaggedStart(Group), etc.:  24%|██▍       | 29/120 [00:01<00:05, 15.97it/s]
Animation 42: LaggedStart(Group), etc.:  26%|██▌       | 31/120 [00:01<00:05, 15.94it/s]
Animation 42: LaggedStart(Group), etc.:  28%|██▊       | 33/120 [00:01<00:05, 16.35it/s]
Animation 42: LaggedStart(Group), etc.:  29%|██▉       | 35/120 [00:01<00:05, 15.36it/s]
Animation 42: LaggedStart(Group), etc.:  31%|███       | 37/120 [00:02<00:05, 15.12it/s]
Animation 42: LaggedStart(Group), etc.:  32%|███▎      | 39/120 [00:02<00:05, 15.53it/s]
Animation 42: LaggedStart(Group), etc.:  34%|███▍      | 41/120 [00:02<00:05, 15.72it/s]
Animation 42: LaggedStart(Group), etc.:  36%|███▌      | 43/120 [00:02<00:04, 16.00it/s]
Animation 42: LaggedStart(Group), etc.:  38%|███▊      | 45/120 [00:02<00:04, 15.82it/s]
Animation 42: LaggedStart(Group), etc.:  39%|███▉      | 47/120 [00:02<00:04, 16.12it/s]
Animation 42: LaggedStart(Group), etc.:  41%|████      | 49/120 [00:02<00:04, 16.22it/s]
Animation 42: LaggedStart(Group), etc.:  42%|████▎     | 51/120 [00:02<00:04, 16.08it/s]
Animation 42: LaggedStart(Group), etc.:  44%|████▍     | 53/120 [00:03<00:04, 15.78it/s]
Animation 42: LaggedStart(Group), etc.:  46%|████▌     | 55/120 [00:03<00:04, 15.99it/s]
Animation 42: LaggedStart(Group), etc.:  48%|████▊     | 57/120 [00:03<00:03, 16.10it/s]
Animation 42: LaggedStart(Group), etc.:  49%|████▉     | 59/120 [00:03<00:03, 16.14it/s]
Animation 42: LaggedStart(Group), etc.:  51%|█████     | 61/120 [00:03<00:03, 16.29it/s]
Animation 42: LaggedStart(Group), etc.:  52%|█████▎    | 63/120 [00:03<00:03, 16.25it/s]
Animation 42: LaggedStart(Group), etc.:  54%|█████▍    | 65/120 [00:03<00:03, 16.58it/s]
Animation 42: LaggedStart(Group), etc.:  56%|█████▌    | 67/120 [00:03<00:03, 16.68it/s]
Animation 42: LaggedStart(Group), etc.:  57%|█████▊    | 69/120 [00:04<00:03, 16.85it/s]
Animation 42: LaggedStart(Group), etc.:  59%|█████▉    | 71/120 [00:04<00:02, 16.94it/s]
Animation 42: LaggedStart(Group), etc.:  61%|██████    | 73/120 [00:04<00:02, 16.99it/s]
Animation 42: LaggedStart(Group), etc.:  62%|██████▎   | 75/120 [00:04<00:02, 16.74it/s]
Animation 42: LaggedStart(Group), etc.:  64%|██████▍   | 77/120 [00:04<00:02, 16.70it/s]
Animation 42: LaggedStart(Group), etc.:  66%|██████▌   | 79/120 [00:04<00:02, 16.65it/s]
Animation 42: LaggedStart(Group), etc.:  68%|██████▊   | 81/120 [00:04<00:02, 16.71it/s]
Animation 42: LaggedStart(Group), etc.:  69%|██████▉   | 83/120 [00:05<00:02, 12.36it/s]
Animation 42: LaggedStart(Group), etc.:  71%|███████   | 85/120 [00:05<00:02, 12.58it/s]
Animation 42: LaggedStart(Group), etc.:  72%|███████▎  | 87/120 [00:05<00:02, 13.40it/s]
Animation 42: LaggedStart(Group), etc.:  74%|███████▍  | 89/120 [00:05<00:02, 14.31it/s]
Animation 42: LaggedStart(Group), etc.:  76%|███████▌  | 91/120 [00:05<00:01, 15.05it/s]
Animation 42: LaggedStart(Group), etc.:  78%|███████▊  | 93/120 [00:05<00:01, 15.64it/s]
Animation 42: LaggedStart(Group), etc.:  79%|███████▉  | 95/120 [00:05<00:01, 16.31it/s]
Animation 42: LaggedStart(Group), etc.:  81%|████████  | 97/120 [00:05<00:01, 16.75it/s]
Animation 42: LaggedStart(Group), etc.:  82%|████████▎ | 99/120 [00:06<00:01, 13.83it/s]
Animation 42: LaggedStart(Group), etc.:  84%|████████▍ | 101/120 [00:06<00:01, 14.44it/s]
Animation 42: LaggedStart(Group), etc.:  86%|████████▌ | 103/120 [00:06<00:01, 15.39it/s]
Animation 42: LaggedStart(Group), etc.:  88%|████████▊ | 105/120 [00:06<00:00, 16.09it/s]
Animation 42: LaggedStart(Group), etc.:  89%|████████▉ | 107/120 [00:06<00:00, 16.62it/s]
Animation 42: LaggedStart(Group), etc.:  91%|█████████ | 109/120 [00:06<00:00, 17.24it/s]
Animation 42: LaggedStart(Group), etc.:  92%|█████████▎| 111/120 [00:06<00:00, 17.54it/s]
Animation 42: LaggedStart(Group), etc.:  94%|█████████▍| 113/120 [00:06<00:00, 17.79it/s]
Animation 42: LaggedStart(Group), etc.:  96%|█████████▌| 115/120 [00:06<00:00, 17.82it/s]
Animation 42: LaggedStart(Group), etc.:  98%|█████████▊| 117/120 [00:07<00:00, 17.89it/s]
Animation 42: LaggedStart(Group), etc.:  99%|█████████▉| 119/120 [00:07<00:00, 17.82it/s]
                                                                                         

Animation 44: Create(ParametricFunction):   0%|          | 0/138 [00:00<?, ?it/s]
Animation 44: Create(ParametricFunction):   9%|▉         | 13/138 [00:00<00:01, 123.81it/s]
Animation 44: Create(ParametricFunction):  19%|█▉        | 26/138 [00:00<00:00, 121.85it/s]
Animation 44: Create(ParametricFunction):  28%|██▊       | 39/138 [00:00<00:00, 119.74it/s]
Animation 44: Create(ParametricFunction):  37%|███▋      | 51/138 [00:00<00:00, 115.46it/s]
Animation 44: Create(ParametricFunction):  46%|████▌     | 63/138 [00:00<00:00, 110.91it/s]
Animation 44: Create(ParametricFunction):  54%|█████▍    | 75/138 [00:00<00:00, 105.06it/s]
Animation 44: Create(ParametricFunction):  62%|██████▏   | 86/138 [00:00<00:00, 100.21it/s]
Animation 44: Create(ParametricFunction):  70%|███████   | 97/138 [00:00<00:00, 94.94it/s] 
Animation 44: Create(ParametricFunction):  78%|███████▊  | 107/138 [00:01<00:00, 93.23it/s]
Animation 44: Create(ParametricFunction):  85%|████████▍ | 117/138 [00:01<00:00, 87.05it/s]
Animation 44: Create(ParametricFunction):  91%|█████████▏| 126/138 [00:01<00:00, 82.87it/s]
Animation 44: Create(ParametricFunction):  98%|█████████▊| 135/138 [00:01<00:00, 81.52it/s]
                                                                                           

Animation 46: FadeIn(Rectangle):   0%|          | 0/72 [00:00<?, ?it/s]
Animation 46: FadeIn(Rectangle):  15%|█▌        | 11/72 [00:00<00:00, 106.68it/s]
Animation 46: FadeIn(Rectangle):  33%|███▎      | 24/72 [00:00<00:00, 116.54it/s]
Animation 46: FadeIn(Rectangle):  51%|█████▏    | 37/72 [00:00<00:00, 118.48it/s]
Animation 46: FadeIn(Rectangle):  68%|██████▊   | 49/72 [00:00<00:00, 118.36it/s]
Animation 46: FadeIn(Rectangle):  86%|████████▌ | 62/72 [00:00<00:00, 120.27it/s]
                                                                                 

Animation 48: FadeOut(Rectangle):   0%|          | 0/24 [00:00<?, ?it/s]
Animation 48: FadeOut(Rectangle):  50%|█████     | 12/24 [00:00<00:00, 119.93it/s]
Animation 48: FadeOut(Rectangle): 100%|██████████| 24/24 [00:00<00:00, 113.30it/s]
                                                                                  

Animation 49: Write(Text('one at a time')):   0%|          | 0/84 [00:00<?, ?it/s]
Animation 49: Write(Text('one at a time')):  11%|█         | 9/84 [00:00<00:00, 85.10it/s]
Animation 49: Write(Text('one at a time')):  21%|██▏       | 18/84 [00:00<00:00, 79.59it/s]
Animation 49: Write(Text('one at a time')):  31%|███       | 26/84 [00:00<00:00, 78.27it/s]
Animation 49: Write(Text('one at a time')):  40%|████      | 34/84 [00:00<00:00, 72.90it/s]
Animation 49: Write(Text('one at a time')):  50%|█████     | 42/84 [00:00<00:00, 69.10it/s]
Animation 49: Write(Text('one at a time')):  58%|█████▊    | 49/84 [00:00<00:00, 68.80it/s]
Animation 49: Write(Text('one at a time')):  67%|██████▋   | 56/84 [00:00<00:00, 67.09it/s]
Animation 49: Write(Text('one at a time')):  75%|███████▌  | 63/84 [00:00<00:00, 66.44it/s]
Animation 49: Write(Text('one at a time')):  83%|████████▎ | 70/84 [00:01<00:00, 64.28it/s]
Animation 49: Write(Text('one at a time')):  92%|█████████▏| 77/84 [00:01<00:00, 64.56it/s]
Animation 49: Write(Text('one at a time')): 100%|██████████| 84/84 [00:01<00:00, 65.27it/s]
                                                                                           

Animation 50: Indicate(RoundedRectangle):   0%|          | 0/36 [00:00<?, ?it/s]
Animation 50: Indicate(RoundedRectangle):   6%|▌         | 2/36 [00:00<00:02, 15.51it/s]
Animation 50: Indicate(RoundedRectangle):  11%|█         | 4/36 [00:00<00:02, 15.45it/s]
Animation 50: Indicate(RoundedRectangle):  17%|█▋        | 6/36 [00:00<00:01, 15.32it/s]
Animation 50: Indicate(RoundedRectangle):  22%|██▏       | 8/36 [00:00<00:01, 15.38it/s]
Animation 50: Indicate(RoundedRectangle):  28%|██▊       | 10/36 [00:00<00:01, 15.59it/s]
Animation 50: Indicate(RoundedRectangle):  33%|███▎      | 12/36 [00:00<00:01, 15.65it/s]
Animation 50: Indicate(RoundedRectangle):  39%|███▉      | 14/36 [00:00<00:01, 15.52it/s]
Animation 50: Indicate(RoundedRectangle):  44%|████▍     | 16/36 [00:01<00:01, 15.56it/s]
Animation 50: Indicate(RoundedRectangle):  50%|█████     | 18/36 [00:01<00:01, 15.70it/s]
Animation 50: Indicate(RoundedRectangle):  56%|█████▌    | 20/36 [00:01<00:01, 15.72it/s]
Animation 50: Indicate(RoundedRectangle):  61%|██████    | 22/36 [00:01<00:00, 15.69it/s]
Animation 50: Indicate(RoundedRectangle):  67%|██████▋   | 24/36 [00:01<00:00, 15.68it/s]
Animation 50: Indicate(RoundedRectangle):  72%|███████▏  | 26/36 [00:01<00:00, 15.43it/s]
Animation 50: Indicate(RoundedRectangle):  78%|███████▊  | 28/36 [00:01<00:00, 15.35it/s]
Animation 50: Indicate(RoundedRectangle):  83%|████████▎ | 30/36 [00:01<00:00, 15.44it/s]
Animation 50: Indicate(RoundedRectangle):  89%|████████▉ | 32/36 [00:02<00:00, 15.57it/s]
Animation 50: Indicate(RoundedRectangle):  94%|█████████▍| 34/36 [00:02<00:00, 15.55it/s]
Animation 50: Indicate(RoundedRectangle): 100%|██████████| 36/36 [00:02<00:00, 15.41it/s]
                                                                                         

Animation 52: FadeIn(VGroup of 4 submobjects), etc.:   0%|          | 0/120 [00:00<?, ?it/s]
Animation 52: FadeIn(VGroup of 4 submobjects), etc.:   8%|▊         | 10/120 [00:00<00:01, 96.08it/s]
Animation 52: FadeIn(VGroup of 4 submobjects), etc.:  17%|█▋        | 20/120 [00:00<00:01, 79.87it/s]
Animation 52: FadeIn(VGroup of 4 submobjects), etc.:  24%|██▍       | 29/120 [00:00<00:01, 76.43it/s]
Animation 52: FadeIn(VGroup of 4 submobjects), etc.:  32%|███▏      | 38/120 [00:00<00:01, 80.70it/s]
Animation 52: FadeIn(VGroup of 4 submobjects), etc.:  39%|███▉      | 47/120 [00:00<00:00, 82.99it/s]
Animation 52: FadeIn(VGroup of 4 submobjects), etc.:  47%|████▋     | 56/120 [00:00<00:00, 84.64it/s]
Animation 52: FadeIn(VGroup of 4 submobjects), etc.:  55%|█████▌    | 66/120 [00:00<00:00, 86.44it/s]
Animation 52: FadeIn(VGroup of 4 submobjects), etc.:  62%|██████▎   | 75/120 [00:00<00:00, 87.48it/s]
Animation 52: FadeIn(VGroup of 4 submobjects), etc.:  71%|███████   | 85/120 [00:00<00:00, 88.11it/s]
Animation 52: FadeIn(VGroup of 4 submobjects), etc.:  78%|███████▊  | 94/120 [00:01<00:00, 88.50it/s]
Animation 52: FadeIn(VGroup of 4 submobjects), etc.:  87%|████████▋ | 104/120 [00:01<00:00, 89.57it/s]
Animation 52: FadeIn(VGroup of 4 submobjects), etc.:  94%|█████████▍| 113/120 [00:01<00:00, 87.23it/s]
                                                                                                      

Animation 54: _MethodAnimation(VGroup of 4 submobjects), etc.:   0%|          | 0/30 [00:00<?, ?it/s]
Animation 54: _MethodAnimation(VGroup of 4 submobjects), etc.:  30%|███       | 9/30 [00:00<00:00, 86.56it/s]
Animation 54: _MethodAnimation(VGroup of 4 submobjects), etc.:  60%|██████    | 18/30 [00:00<00:00, 88.09it/s]
Animation 54: _MethodAnimation(VGroup of 4 submobjects), etc.:  93%|█████████▎| 28/30 [00:00<00:00, 89.06it/s]
                                                                                                              

Animation 55: Write(VGroup of 1 submobjects):   0%|          | 0/72 [00:00<?, ?it/s]
Animation 55: Write(VGroup of 1 submobjects):  11%|█         | 8/72 [00:00<00:00, 76.73it/s]
Animation 55: Write(VGroup of 1 submobjects):  22%|██▏       | 16/72 [00:00<00:00, 74.74it/s]
Animation 55: Write(VGroup of 1 submobjects):  33%|███▎      | 24/72 [00:00<00:00, 66.56it/s]
Animation 55: Write(VGroup of 1 submobjects):  43%|████▎     | 31/72 [00:00<00:00, 63.82it/s]
Animation 55: Write(VGroup of 1 submobjects):  53%|█████▎    | 38/72 [00:00<00:00, 62.08it/s]
Animation 55: Write(VGroup of 1 submobjects):  62%|██████▎   | 45/72 [00:00<00:00, 61.80it/s]
Animation 55: Write(VGroup of 1 submobjects):  72%|███████▏  | 52/72 [00:00<00:00, 59.43it/s]
Animation 55: Write(VGroup of 1 submobjects):  81%|████████  | 58/72 [00:00<00:00, 57.33it/s]
Animation 55: Write(VGroup of 1 submobjects):  89%|████████▉ | 64/72 [00:01<00:00, 55.41it/s]
Animation 55: Write(VGroup of 1 submobjects):  97%|█████████▋| 70/72 [00:01<00:00, 56.22it/s]
                                                                                             

Animation 56: Write(VGroup of 2 submobjects):   0%|          | 0/72 [00:00<?, ?it/s]
Animation 56: Write(VGroup of 2 submobjects):  10%|▉         | 7/72 [00:00<00:01, 63.93it/s]
Animation 56: Write(VGroup of 2 submobjects):  19%|█▉        | 14/72 [00:00<00:00, 60.92it/s]
Animation 56: Write(VGroup of 2 submobjects):  29%|██▉       | 21/72 [00:00<00:00, 59.90it/s]
Animation 56: Write(VGroup of 2 submobjects):  39%|███▉      | 28/72 [00:00<00:00, 59.93it/s]
Animation 56: Write(VGroup of 2 submobjects):  47%|████▋     | 34/72 [00:00<00:00, 56.70it/s]
Animation 56: Write(VGroup of 2 submobjects):  56%|█████▌    | 40/72 [00:00<00:00, 52.39it/s]
Animation 56: Write(VGroup of 2 submobjects):  64%|██████▍   | 46/72 [00:00<00:00, 50.76it/s]
Animation 56: Write(VGroup of 2 submobjects):  72%|███████▏  | 52/72 [00:00<00:00, 49.47it/s]
Animation 56: Write(VGroup of 2 submobjects):  79%|███████▉  | 57/72 [00:01<00:00, 49.12it/s]
Animation 56: Write(VGroup of 2 submobjects):  86%|████████▌ | 62/72 [00:01<00:00, 47.70it/s]
Animation 56: Write(VGroup of 2 submobjects):  93%|█████████▎| 67/72 [00:01<00:00, 46.04it/s]
Animation 56: Write(VGroup of 2 submobjects): 100%|██████████| 72/72 [00:01<00:00, 46.07it/s]
                                                                                             

Animation 58: Write(MathTex('|\\psi|^2')):   0%|          | 0/120 [00:00<?, ?it/s]
Animation 58: Write(MathTex('|\\psi|^2')):  10%|█         | 12/120 [00:00<00:00, 110.05it/s]
Animation 58: Write(MathTex('|\\psi|^2')):  20%|██        | 24/120 [00:00<00:00, 106.69it/s]
Animation 58: Write(MathTex('|\\psi|^2')):  29%|██▉       | 35/120 [00:00<00:00, 99.69it/s] 
Animation 58: Write(MathTex('|\\psi|^2')):  38%|███▊      | 45/120 [00:00<00:00, 99.20it/s]
Animation 58: Write(MathTex('|\\psi|^2')):  46%|████▌     | 55/120 [00:00<00:00, 96.70it/s]
Animation 58: Write(MathTex('|\\psi|^2')):  54%|█████▍    | 65/120 [00:00<00:00, 94.52it/s]
Animation 58: Write(MathTex('|\\psi|^2')):  63%|██████▎   | 76/120 [00:00<00:00, 96.02it/s]
Animation 58: Write(MathTex('|\\psi|^2')):  72%|███████▎  | 87/120 [00:00<00:00, 98.97it/s]
Animation 58: Write(MathTex('|\\psi|^2')):  81%|████████  | 97/120 [00:00<00:00, 99.18it/s]
Animation 58: Write(MathTex('|\\psi|^2')):  90%|█████████ | 108/120 [00:01<00:00, 101.21it/s]
Animation 58: Write(MathTex('|\\psi|^2')):  99%|█████████▉| 119/120 [00:01<00:00, 103.67it/s]
                                                                                             

Animation 60: Write(MathTex('\\lambda = h/p')):   0%|          | 0/120 [00:00<?, ?it/s]
Animation 60: Write(MathTex('\\lambda = h/p')):   8%|▊         | 10/120 [00:00<00:01, 99.59it/s]
Animation 60: Write(MathTex('\\lambda = h/p')):  17%|█▋        | 20/120 [00:00<00:01, 97.31it/s]
Animation 60: Write(MathTex('\\lambda = h/p')):  25%|██▌       | 30/120 [00:00<00:00, 93.48it/s]
Animation 60: Write(MathTex('\\lambda = h/p')):  34%|███▍      | 41/120 [00:00<00:00, 96.07it/s]
Animation 60: Write(MathTex('\\lambda = h/p')):  43%|████▎     | 52/120 [00:00<00:00, 98.21it/s]
Animation 60: Write(MathTex('\\lambda = h/p')):  52%|█████▏    | 62/120 [00:00<00:00, 97.74it/s]
Animation 60: Write(MathTex('\\lambda = h/p')):  60%|██████    | 72/120 [00:00<00:00, 96.33it/s]
Animation 60: Write(MathTex('\\lambda = h/p')):  68%|██████▊   | 82/120 [00:00<00:00, 96.31it/s]
Animation 60: Write(MathTex('\\lambda = h/p')):  77%|███████▋  | 92/120 [00:00<00:00, 97.21it/s]
Animation 60: Write(MathTex('\\lambda = h/p')):  85%|████████▌ | 102/120 [00:01<00:00, 96.57it/s]
Animation 60: Write(MathTex('\\lambda = h/p')):  94%|█████████▍| 113/120 [00:01<00:00, 97.94it/s]
                                                                                                 

Animation 62: _MethodAnimation(Dot), etc.:   0%|          | 0/72 [00:00<?, ?it/s]
Animation 62: _MethodAnimation(Dot), etc.:   4%|▍         | 3/72 [00:00<00:02, 28.85it/s]
Animation 62: _MethodAnimation(Dot), etc.:   8%|▊         | 6/72 [00:00<00:02, 28.63it/s]
Animation 62: _MethodAnimation(Dot), etc.:  14%|█▍        | 10/72 [00:00<00:02, 29.62it/s]
Animation 62: _MethodAnimation(Dot), etc.:  18%|█▊        | 13/72 [00:00<00:01, 29.73it/s]
Animation 62: _MethodAnimation(Dot), etc.:  22%|██▏       | 16/72 [00:00<00:01, 29.82it/s]
Animation 62: _MethodAnimation(Dot), etc.:  26%|██▋       | 19/72 [00:00<00:01, 29.85it/s]
Animation 62: _MethodAnimation(Dot), etc.:  32%|███▏      | 23/72 [00:00<00:01, 30.03it/s]
Animation 62: _MethodAnimation(Dot), etc.:  38%|███▊      | 27/72 [00:00<00:01, 30.04it/s]
Animation 62: _MethodAnimation(Dot), etc.:  43%|████▎     | 31/72 [00:01<00:01, 30.02it/s]
Animation 62: _MethodAnimation(Dot), etc.:  49%|████▊     | 35/72 [00:01<00:01, 30.03it/s]
Animation 62: _MethodAnimation(Dot), etc.:  54%|█████▍    | 39/72 [00:01<00:01, 30.00it/s]
Animation 62: _MethodAnimation(Dot), etc.:  60%|█████▉    | 43/72 [00:01<00:00, 30.10it/s]
Animation 62: _MethodAnimation(Dot), etc.:  65%|██████▌   | 47/72 [00:01<00:00, 30.14it/s]
Animation 62: _MethodAnimation(Dot), etc.:  71%|███████   | 51/72 [00:01<00:00, 30.05it/s]
Animation 62: _MethodAnimation(Dot), etc.:  76%|███████▋  | 55/72 [00:01<00:00, 30.07it/s]
Animation 62: _MethodAnimation(Dot), etc.:  82%|████████▏ | 59/72 [00:01<00:00, 30.09it/s]
Animation 62: _MethodAnimation(Dot), etc.:  88%|████████▊ | 63/72 [00:02<00:00, 30.06it/s]
Animation 62: _MethodAnimation(Dot), etc.:  93%|█████████▎| 67/72 [00:02<00:00, 29.91it/s]
Animation 62: _MethodAnimation(Dot), etc.:  99%|█████████▊| 71/72 [00:02<00:00, 29.88it/s]
                                                                                          

Animation 63: _MethodAnimation(Dot), etc.:   0%|          | 0/72 [00:00<?, ?it/s]
Animation 63: _MethodAnimation(Dot), etc.:   4%|▍         | 3/72 [00:00<00:02, 29.63it/s]
Animation 63: _MethodAnimation(Dot), etc.:  10%|▉         | 7/72 [00:00<00:02, 30.33it/s]
Animation 63: _MethodAnimation(Dot), etc.:  15%|█▌        | 11/72 [00:00<00:02, 30.12it/s]
Animation 63: _MethodAnimation(Dot), etc.:  21%|██        | 15/72 [00:00<00:01, 29.80it/s]
Animation 63: _MethodAnimation(Dot), etc.:  25%|██▌       | 18/72 [00:00<00:01, 29.84it/s]
Animation 63: _MethodAnimation(Dot), etc.:  31%|███       | 22/72 [00:00<00:01, 30.00it/s]
Animation 63: _MethodAnimation(Dot), etc.:  35%|███▍      | 25/72 [00:00<00:01, 29.93it/s]
Animation 63: _MethodAnimation(Dot), etc.:  39%|███▉      | 28/72 [00:00<00:01, 29.91it/s]
Animation 63: _MethodAnimation(Dot), etc.:  43%|████▎     | 31/72 [00:01<00:01, 29.87it/s]
Animation 63: _MethodAnimation(Dot), etc.:  49%|████▊     | 35/72 [00:01<00:01, 30.02it/s]
Animation 63: _MethodAnimation(Dot), etc.:  54%|█████▍    | 39/72 [00:01<00:01, 30.06it/s]
Animation 63: _MethodAnimation(Dot), etc.:  60%|█████▉    | 43/72 [00:01<00:00, 29.99it/s]
Animation 63: _MethodAnimation(Dot), etc.:  65%|██████▌   | 47/72 [00:01<00:00, 30.02it/s]
Animation 63: _MethodAnimation(Dot), etc.:  71%|███████   | 51/72 [00:01<00:00, 30.07it/s]
Animation 63: _MethodAnimation(Dot), etc.:  76%|███████▋  | 55/72 [00:01<00:00, 29.94it/s]
Animation 63: _MethodAnimation(Dot), etc.:  81%|████████  | 58/72 [00:01<00:00, 29.33it/s]
Animation 63: _MethodAnimation(Dot), etc.:  85%|████████▍ | 61/72 [00:02<00:00, 29.11it/s]
Animation 63: _MethodAnimation(Dot), etc.:  89%|████████▉ | 64/72 [00:02<00:00, 29.05it/s]
Animation 63: _MethodAnimation(Dot), etc.:  93%|█████████▎| 67/72 [00:02<00:00, 27.59it/s]
Animation 63: _MethodAnimation(Dot), etc.:  97%|█████████▋| 70/72 [00:02<00:00, 27.49it/s]
                                                                                          

Animation 64: Flash(VGroup of 8 submobjects):   0%|          | 0/30 [00:00<?, ?it/s]
Animation 64: Flash(VGroup of 8 submobjects):  37%|███▋      | 11/30 [00:00<00:00, 104.55it/s]
Animation 64: Flash(VGroup of 8 submobjects):  73%|███████▎  | 22/30 [00:00<00:00, 106.16it/s]
                                                                                              

Animation 66: FadeIn(VGroup of 2 submobjects):   0%|          | 0/48 [00:00<?, ?it/s]
Animation 66: FadeIn(VGroup of 2 submobjects):  21%|██        | 10/48 [00:00<00:00, 95.31it/s]
Animation 66: FadeIn(VGroup of 2 submobjects):  42%|████▏     | 20/48 [00:00<00:00, 86.32it/s]
Animation 66: FadeIn(VGroup of 2 submobjects):  60%|██████    | 29/48 [00:00<00:00, 75.66it/s]
Animation 66: FadeIn(VGroup of 2 submobjects):  77%|███████▋  | 37/48 [00:00<00:00, 55.65it/s]
Animation 66: FadeIn(VGroup of 2 submobjects):  98%|█████████▊| 47/48 [00:00<00:00, 67.12it/s]
                                                                                              

Animation 67: ReplacementTransform(ParametricFunction), etc.:   0%|          | 0/96 [00:00<?, ?it/s]
Animation 67: ReplacementTransform(ParametricFunction), etc.:   1%|          | 1/96 [00:00<00:10,  9.02it/s]
Animation 67: ReplacementTransform(ParametricFunction), etc.:   2%|▏         | 2/96 [00:00<00:10,  9.30it/s]
Animation 67: ReplacementTransform(ParametricFunction), etc.:   3%|▎         | 3/96 [00:00<00:09,  9.31it/s]
Animation 67: ReplacementTransform(ParametricFunction), etc.:   5%|▌         | 5/96 [00:00<00:09,  9.70it/s]
Animation 67: ReplacementTransform(ParametricFunction), etc.:   6%|▋         | 6/96 [00:00<00:09,  9.77it/s]
Animation 67: ReplacementTransform(ParametricFunction), etc.:   7%|▋         | 7/96 [00:00<00:09,  9.61it/s]
Animation 67: ReplacementTransform(ParametricFunction), etc.:   8%|▊         | 8/96 [00:00<00:09,  9.45it/s]
Animation 67: ReplacementTransform(ParametricFunction), etc.:   9%|▉         | 9/96 [00:00<00:09,  9.57it/s]
Animation 67: ReplacementTransform(ParametricFunction), etc.:  10%|█         | 10/96 [00:01<00:08,  9.68it/s]
Animation 67: ReplacementTransform(ParametricFunction), etc.:  11%|█▏        | 11/96 [00:01<00:09,  9.36it/s]
Animation 67: ReplacementTransform(ParametricFunction), etc.:  12%|█▎        | 12/96 [00:01<00:09,  9.07it/s]
Animation 67: ReplacementTransform(ParametricFunction), etc.:  14%|█▎        | 13/96 [00:01<00:09,  9.02it/s]
Animation 67: ReplacementTransform(ParametricFunction), etc.:  15%|█▍        | 14/96 [00:01<00:08,  9.17it/s]
Animation 67: ReplacementTransform(ParametricFunction), etc.:  16%|█▌        | 15/96 [00:01<00:08,  9.36it/s]
Animation 67: ReplacementTransform(ParametricFunction), etc.:  17%|█▋        | 16/96 [00:01<00:08,  9.28it/s]
Animation 67: ReplacementTransform(ParametricFunction), etc.:  19%|█▉        | 18/96 [00:01<00:07,  9.93it/s]
Animation 67: ReplacementTransform(ParametricFunction), etc.:  20%|█▉        | 19/96 [00:02<00:08,  9.17it/s]
Animation 67: ReplacementTransform(ParametricFunction), etc.:  21%|██        | 20/96 [00:02<00:08,  8.78it/s]
Animation 67: ReplacementTransform(ParametricFunction), etc.:  22%|██▏       | 21/96 [00:02<00:08,  8.86it/s]
Animation 67: ReplacementTransform(ParametricFunction), etc.:  23%|██▎       | 22/96 [00:02<00:08,  8.89it/s]
Animation 67: ReplacementTransform(ParametricFunction), etc.:  24%|██▍       | 23/96 [00:02<00:08,  9.11it/s]
Animation 67: ReplacementTransform(ParametricFunction), etc.:  25%|██▌       | 24/96 [00:02<00:07,  9.03it/s]
Animation 67: ReplacementTransform(ParametricFunction), etc.:  26%|██▌       | 25/96 [00:02<00:08,  8.71it/s]
Animation 67: ReplacementTransform(ParametricFunction), etc.:  27%|██▋       | 26/96 [00:02<00:08,  8.50it/s]
Animation 67: ReplacementTransform(ParametricFunction), etc.:  28%|██▊       | 27/96 [00:02<00:08,  8.55it/s]
Animation 67: ReplacementTransform(ParametricFunction), etc.:  30%|███       | 29/96 [00:03<00:07,  9.16it/s]
Animation 67: ReplacementTransform(ParametricFunction), etc.:  32%|███▏      | 31/96 [00:03<00:06,  9.64it/s]
Animation 67: ReplacementTransform(ParametricFunction), etc.:  34%|███▍      | 33/96 [00:03<00:06, 10.02it/s]
Animation 67: ReplacementTransform(ParametricFunction), etc.:  36%|███▋      | 35/96 [00:03<00:05, 10.20it/s]
Animation 67: ReplacementTransform(ParametricFunction), etc.:  39%|███▊      | 37/96 [00:03<00:05, 10.23it/s]
Animation 67: ReplacementTransform(ParametricFunction), etc.:  41%|████      | 39/96 [00:04<00:05,  9.76it/s]
Animation 67: ReplacementTransform(ParametricFunction), etc.:  42%|████▏     | 40/96 [00:04<00:05,  9.75it/s]
Animation 67: ReplacementTransform(ParametricFunction), etc.:  43%|████▎     | 41/96 [00:04<00:05,  9.30it/s]
Animation 67: ReplacementTransform(ParametricFunction), etc.:  44%|████▍     | 42/96 [00:04<00:06,  8.90it/s]
Animation 67: ReplacementTransform(ParametricFunction), etc.:  45%|████▍     | 43/96 [00:04<00:05,  8.93it/s]
Animation 67: ReplacementTransform(ParametricFunction), etc.:  47%|████▋     | 45/96 [00:04<00:05,  9.71it/s]
Animation 67: ReplacementTransform(ParametricFunction), etc.:  49%|████▉     | 47/96 [00:04<00:04, 10.26it/s]
Animation 67: ReplacementTransform(ParametricFunction), etc.:  51%|█████     | 49/96 [00:05<00:04, 10.61it/s]
Animation 67: ReplacementTransform(ParametricFunction), etc.:  53%|█████▎    | 51/96 [00:05<00:04, 10.76it/s]
Animation 67: ReplacementTransform(ParametricFunction), etc.:  55%|█████▌    | 53/96 [00:05<00:03, 10.93it/s]
Animation 67: ReplacementTransform(ParametricFunction), etc.:  57%|█████▋    | 55/96 [00:05<00:03, 11.03it/s]
Animation 67: ReplacementTransform(ParametricFunction), etc.:  59%|█████▉    | 57/96 [00:05<00:03, 11.05it/s]
Animation 67: ReplacementTransform(ParametricFunction), etc.:  61%|██████▏   | 59/96 [00:06<00:03, 11.15it/s]
Animation 67: ReplacementTransform(ParametricFunction), etc.:  64%|██████▎   | 61/96 [00:06<00:03, 11.20it/s]
Animation 67: ReplacementTransform(ParametricFunction), etc.:  66%|██████▌   | 63/96 [00:06<00:02, 11.19it/s]
Animation 67: ReplacementTransform(ParametricFunction), etc.:  68%|██████▊   | 65/96 [00:06<00:02, 10.37it/s]
Animation 67: ReplacementTransform(ParametricFunction), etc.:  70%|██████▉   | 67/96 [00:06<00:02, 10.60it/s]
Animation 67: ReplacementTransform(ParametricFunction), etc.:  72%|███████▏  | 69/96 [00:06<00:02, 10.87it/s]
Animation 67: ReplacementTransform(ParametricFunction), etc.:  74%|███████▍  | 71/96 [00:07<00:02, 11.06it/s]
Animation 67: ReplacementTransform(ParametricFunction), etc.:  76%|███████▌  | 73/96 [00:07<00:02, 11.21it/s]
Animation 67: ReplacementTransform(ParametricFunction), etc.:  78%|███████▊  | 75/96 [00:07<00:01, 11.50it/s]
Animation 67: ReplacementTransform(ParametricFunction), etc.:  80%|████████  | 77/96 [00:07<00:01, 11.55it/s]
Animation 67: ReplacementTransform(ParametricFunction), etc.:  82%|████████▏ | 79/96 [00:07<00:01, 11.68it/s]
Animation 67: ReplacementTransform(ParametricFunction), etc.:  84%|████████▍ | 81/96 [00:07<00:01, 11.77it/s]
Animation 67: ReplacementTransform(ParametricFunction), etc.:  86%|████████▋ | 83/96 [00:08<00:01, 11.64it/s]
Animation 67: ReplacementTransform(ParametricFunction), etc.:  89%|████████▊ | 85/96 [00:08<00:00, 11.61it/s]
Animation 67: ReplacementTransform(ParametricFunction), etc.:  91%|█████████ | 87/96 [00:08<00:00, 11.66it/s]
Animation 67: ReplacementTransform(ParametricFunction), etc.:  93%|█████████▎| 89/96 [00:08<00:00, 11.85it/s]
Animation 67: ReplacementTransform(ParametricFunction), etc.:  95%|█████████▍| 91/96 [00:08<00:00, 11.91it/s]
Animation 67: ReplacementTransform(ParametricFunction), etc.:  97%|█████████▋| 93/96 [00:08<00:00, 11.97it/s]
Animation 67: ReplacementTransform(ParametricFunction), etc.:  99%|█████████▉| 95/96 [00:09<00:00,  9.76it/s]
                                                                                                             

Animation 69: FadeOut(VGroup of 3 submobjects):   0%|          | 0/18 [00:00<?, ?it/s]
Animation 69: FadeOut(VGroup of 3 submobjects):  22%|██▏       | 4/18 [00:00<00:00, 32.90it/s]
Animation 69: FadeOut(VGroup of 3 submobjects):  44%|████▍     | 8/18 [00:00<00:00, 32.43it/s]
Animation 69: FadeOut(VGroup of 3 submobjects):  67%|██████▋   | 12/18 [00:00<00:00, 32.55it/s]
Animation 69: FadeOut(VGroup of 3 submobjects):  89%|████████▉ | 16/18 [00:00<00:00, 32.44it/s]
                                                                                               

Animation 70: Write(VGroup of 2 submobjects):   0%|          | 0/120 [00:00<?, ?it/s]
Animation 70: Write(VGroup of 2 submobjects):   6%|▌         | 7/120 [00:00<00:01, 63.70it/s]
Animation 70: Write(VGroup of 2 submobjects):  12%|█▏        | 14/120 [00:00<00:01, 60.54it/s]
Animation 70: Write(VGroup of 2 submobjects):  18%|█▊        | 21/120 [00:00<00:01, 59.93it/s]
Animation 70: Write(VGroup of 2 submobjects):  22%|██▎       | 27/120 [00:00<00:01, 59.60it/s]
Animation 70: Write(VGroup of 2 submobjects):  28%|██▊       | 34/120 [00:00<00:01, 59.82it/s]
Animation 70: Write(VGroup of 2 submobjects):  33%|███▎      | 40/120 [00:00<00:01, 58.50it/s]
Animation 70: Write(VGroup of 2 submobjects):  38%|███▊      | 46/120 [00:00<00:01, 56.59it/s]
Animation 70: Write(VGroup of 2 submobjects):  43%|████▎     | 52/120 [00:00<00:01, 47.82it/s]
Animation 70: Write(VGroup of 2 submobjects):  48%|████▊     | 57/120 [00:01<00:01, 48.35it/s]
Animation 70: Write(VGroup of 2 submobjects):  52%|█████▏    | 62/120 [00:01<00:01, 48.74it/s]
Animation 70: Write(VGroup of 2 submobjects):  56%|█████▌    | 67/120 [00:01<00:01, 48.88it/s]
Animation 70: Write(VGroup of 2 submobjects):  60%|██████    | 72/120 [00:01<00:00, 49.06it/s]
Animation 70: Write(VGroup of 2 submobjects):  64%|██████▍   | 77/120 [00:01<00:00, 48.37it/s]
Animation 70: Write(VGroup of 2 submobjects):  68%|██████▊   | 82/120 [00:01<00:00, 45.69it/s]
Animation 70: Write(VGroup of 2 submobjects):  72%|███████▎  | 87/120 [00:01<00:00, 42.70it/s]
Animation 70: Write(VGroup of 2 submobjects):  77%|███████▋  | 92/120 [00:01<00:00, 41.34it/s]
Animation 70: Write(VGroup of 2 submobjects):  81%|████████  | 97/120 [00:01<00:00, 41.45it/s]
Animation 70: Write(VGroup of 2 submobjects):  85%|████████▌ | 102/120 [00:02<00:00, 41.49it/s]
Animation 70: Write(VGroup of 2 submobjects):  89%|████████▉ | 107/120 [00:02<00:00, 41.25it/s]
Animation 70: Write(VGroup of 2 submobjects):  93%|█████████▎| 112/120 [00:02<00:00, 42.38it/s]
Animation 70: Write(VGroup of 2 submobjects):  98%|█████████▊| 117/120 [00:02<00:00, 42.17it/s]
                                                                                               

Animation 72: FadeIn(Text('you, walking:')):   0%|          | 0/60 [00:00<?, ?it/s]
Animation 72: FadeIn(Text('you, walking:')):  12%|█▏        | 7/60 [00:00<00:00, 66.52it/s]
Animation 72: FadeIn(Text('you, walking:')):  23%|██▎       | 14/60 [00:00<00:00, 64.80it/s]
Animation 72: FadeIn(Text('you, walking:')):  35%|███▌      | 21/60 [00:00<00:00, 63.26it/s]
Animation 72: FadeIn(Text('you, walking:')):  47%|████▋     | 28/60 [00:00<00:00, 64.50it/s]
Animation 72: FadeIn(Text('you, walking:')):  58%|█████▊    | 35/60 [00:00<00:00, 63.22it/s]
Animation 72: FadeIn(Text('you, walking:')):  70%|███████   | 42/60 [00:00<00:00, 64.71it/s]
Animation 72: FadeIn(Text('you, walking:')):  82%|████████▏ | 49/60 [00:00<00:00, 63.90it/s]
Animation 72: FadeIn(Text('you, walking:')):  93%|█████████▎| 56/60 [00:00<00:00, 64.51it/s]
                                                                                            

Animation 73: Write(MathTex('\\lambda \\approx 10^{-35}\\ \\mathrm{m}')):   0%|          | 0/84 [00:00<?, ?it/s]
Animation 73: Write(MathTex('\\lambda \\approx 10^{-35}\\ \\mathrm{m}')):  13%|█▎        | 11/84 [00:00<00:00, 106.74it/s]
Animation 73: Write(MathTex('\\lambda \\approx 10^{-35}\\ \\mathrm{m}')):  26%|██▌       | 22/84 [00:00<00:00, 108.51it/s]
Animation 73: Write(MathTex('\\lambda \\approx 10^{-35}\\ \\mathrm{m}')):  39%|███▉      | 33/84 [00:00<00:00, 107.45it/s]
Animation 73: Write(MathTex('\\lambda \\approx 10^{-35}\\ \\mathrm{m}')):  52%|█████▏    | 44/84 [00:00<00:00, 105.71it/s]
Animation 73: Write(MathTex('\\lambda \\approx 10^{-35}\\ \\mathrm{m}')):  65%|██████▌   | 55/84 [00:00<00:00, 104.53it/s]
Animation 73: Write(MathTex('\\lambda \\approx 10^{-35}\\ \\mathrm{m}')):  79%|███████▊  | 66/84 [00:00<00:00, 103.88it/s]
Animation 73: Write(MathTex('\\lambda \\approx 10^{-35}\\ \\mathrm{m}')):  92%|█████████▏| 77/84 [00:00<00:00, 104.45it/s]
                                                                                                                          

Animation 75: FadeOut(Group):   0%|          | 0/24 [00:00<?, ?it/s]
Animation 75: FadeOut(Group):   8%|▊         | 2/24 [00:00<00:02, 10.14it/s]
Animation 75: FadeOut(Group):  17%|█▋        | 4/24 [00:00<00:01, 10.30it/s]
Animation 75: FadeOut(Group):  25%|██▌       | 6/24 [00:00<00:01, 10.12it/s]
Animation 75: FadeOut(Group):  33%|███▎      | 8/24 [00:00<00:01, 10.06it/s]
Animation 75: FadeOut(Group):  42%|████▏     | 10/24 [00:00<00:01, 10.06it/s]
Animation 75: FadeOut(Group):  50%|█████     | 12/24 [00:01<00:01, 10.05it/s]
Animation 75: FadeOut(Group):  58%|█████▊    | 14/24 [00:01<00:01,  9.98it/s]
Animation 75: FadeOut(Group):  67%|██████▋   | 16/24 [00:01<00:00, 10.01it/s]
Animation 75: FadeOut(Group):  75%|███████▌  | 18/24 [00:01<00:00, 10.03it/s]
Animation 75: FadeOut(Group):  83%|████████▎ | 20/24 [00:01<00:00,  9.98it/s]
Animation 75: FadeOut(Group):  88%|████████▊ | 21/24 [00:02<00:00,  9.96it/s]
Animation 75: FadeOut(Group):  96%|█████████▌| 23/24 [00:02<00:00, 10.15it/s]
                                                                             

Animation 77: Write(MathTex('|\\psi|^2')):   0%|          | 0/60 [00:00<?, ?it/s]
Animation 77: Write(MathTex('|\\psi|^2')):  22%|██▏       | 13/60 [00:00<00:00, 126.91it/s]
Animation 77: Write(MathTex('|\\psi|^2')):  43%|████▎     | 26/60 [00:00<00:00, 126.88it/s]
Animation 77: Write(MathTex('|\\psi|^2')):  65%|██████▌   | 39/60 [00:00<00:00, 122.92it/s]
Animation 77: Write(MathTex('|\\psi|^2')):  87%|████████▋ | 52/60 [00:00<00:00, 122.31it/s]
                                                                                           

Animation 78: Write(MathTex('\\lambda = h/p')):   0%|          | 0/60 [00:00<?, ?it/s]
Animation 78: Write(MathTex('\\lambda = h/p')):  22%|██▏       | 13/60 [00:00<00:00, 129.07it/s]
Animation 78: Write(MathTex('\\lambda = h/p')):  43%|████▎     | 26/60 [00:00<00:00, 118.08it/s]
Animation 78: Write(MathTex('\\lambda = h/p')):  63%|██████▎   | 38/60 [00:00<00:00, 88.11it/s] 
Animation 78: Write(MathTex('\\lambda = h/p')):  83%|████████▎ | 50/60 [00:00<00:00, 96.39it/s]
                                                                                               

Animation 79: LaggedStart(Group):   0%|          | 0/60 [00:00<?, ?it/s]
Animation 79: LaggedStart(Group):   8%|▊         | 5/60 [00:00<00:01, 42.69it/s]
Animation 79: LaggedStart(Group):  17%|█▋        | 10/60 [00:00<00:01, 41.94it/s]
Animation 79: LaggedStart(Group):  25%|██▌       | 15/60 [00:00<00:01, 41.30it/s]
Animation 79: LaggedStart(Group):  33%|███▎      | 20/60 [00:00<00:00, 40.57it/s]
Animation 79: LaggedStart(Group):  42%|████▏     | 25/60 [00:00<00:00, 39.65it/s]
Animation 79: LaggedStart(Group):  48%|████▊     | 29/60 [00:00<00:00, 39.23it/s]
Animation 79: LaggedStart(Group):  55%|█████▌    | 33/60 [00:00<00:00, 38.86it/s]
Animation 79: LaggedStart(Group):  62%|██████▏   | 37/60 [00:00<00:00, 38.38it/s]
Animation 79: LaggedStart(Group):  68%|██████▊   | 41/60 [00:01<00:00, 38.56it/s]
Animation 79: LaggedStart(Group):  75%|███████▌  | 45/60 [00:01<00:00, 38.35it/s]
Animation 79: LaggedStart(Group):  82%|████████▏ | 49/60 [00:01<00:00, 38.72it/s]
Animation 79: LaggedStart(Group):  90%|█████████ | 54/60 [00:01<00:00, 39.37it/s]
Animation 79: LaggedStart(Group):  98%|█████████▊| 59/60 [00:01<00:00, 39.59it/s]
                                                                                 

Animation 81: FadeOut(VGroup of 2 submobjects):   0%|          | 0/24 [00:00<?, ?it/s]
Animation 81: FadeOut(VGroup of 2 submobjects):  17%|█▋        | 4/24 [00:00<00:00, 37.77it/s]
Animation 81: FadeOut(VGroup of 2 submobjects):  33%|███▎      | 8/24 [00:00<00:00, 38.42it/s]
Animation 81: FadeOut(VGroup of 2 submobjects):  50%|█████     | 12/24 [00:00<00:00, 38.02it/s]
Animation 81: FadeOut(VGroup of 2 submobjects):  67%|██████▋   | 16/24 [00:00<00:00, 37.53it/s]
Animation 81: FadeOut(VGroup of 2 submobjects):  83%|████████▎ | 20/24 [00:00<00:00, 36.70it/s]
Animation 81: FadeOut(VGroup of 2 submobjects): 100%|██████████| 24/24 [00:00<00:00, 37.15it/s]
                                                                                               

Animation 82: _MethodAnimation(VGroup of 2 submobjects):   0%|          | 0/30 [00:00<?, ?it/s]
Animation 82: _MethodAnimation(VGroup of 2 submobjects):  37%|███▋      | 11/30 [00:00<00:00, 104.30it/s]
Animation 82: _MethodAnimation(VGroup of 2 submobjects):  73%|███████▎  | 22/30 [00:00<00:00, 106.11it/s]
                                                                                                         

Animation 83: Write(VGroup of 3 submobjects):   0%|          | 0/120 [00:00<?, ?it/s]
Animation 83: Write(VGroup of 3 submobjects):   5%|▌         | 6/120 [00:00<00:01, 57.65it/s]
Animation 83: Write(VGroup of 3 submobjects):  10%|█         | 12/120 [00:00<00:01, 55.75it/s]
Animation 83: Write(VGroup of 3 submobjects):  15%|█▌        | 18/120 [00:00<00:01, 52.31it/s]
Animation 83: Write(VGroup of 3 submobjects):  20%|██        | 24/120 [00:00<00:01, 49.46it/s]
Animation 83: Write(VGroup of 3 submobjects):  24%|██▍       | 29/120 [00:00<00:01, 46.14it/s]
Animation 83: Write(VGroup of 3 submobjects):  28%|██▊       | 34/120 [00:00<00:01, 44.02it/s]
Animation 83: Write(VGroup of 3 submobjects):  32%|███▎      | 39/120 [00:00<00:01, 42.23it/s]
Animation 83: Write(VGroup of 3 submobjects):  37%|███▋      | 44/120 [00:00<00:01, 40.64it/s]
Animation 83: Write(VGroup of 3 submobjects):  41%|████      | 49/120 [00:01<00:01, 39.34it/s]
Animation 83: Write(VGroup of 3 submobjects):  44%|████▍     | 53/120 [00:01<00:01, 37.82it/s]
Animation 83: Write(VGroup of 3 submobjects):  48%|████▊     | 57/120 [00:01<00:01, 36.42it/s]
Animation 83: Write(VGroup of 3 submobjects):  51%|█████     | 61/120 [00:01<00:01, 35.22it/s]
Animation 83: Write(VGroup of 3 submobjects):  54%|█████▍    | 65/120 [00:01<00:01, 34.39it/s]
Animation 83: Write(VGroup of 3 submobjects):  57%|█████▊    | 69/120 [00:01<00:01, 33.09it/s]
Animation 83: Write(VGroup of 3 submobjects):  61%|██████    | 73/120 [00:01<00:01, 31.28it/s]
Animation 83: Write(VGroup of 3 submobjects):  64%|██████▍   | 77/120 [00:02<00:01, 31.45it/s]
Animation 83: Write(VGroup of 3 submobjects):  68%|██████▊   | 81/120 [00:02<00:01, 31.02it/s]
Animation 83: Write(VGroup of 3 submobjects):  71%|███████   | 85/120 [00:02<00:01, 30.55it/s]
Animation 83: Write(VGroup of 3 submobjects):  74%|███████▍  | 89/120 [00:02<00:01, 30.11it/s]
Animation 83: Write(VGroup of 3 submobjects):  78%|███████▊  | 93/120 [00:02<00:00, 29.67it/s]
Animation 83: Write(VGroup of 3 submobjects):  80%|████████  | 96/120 [00:02<00:00, 28.96it/s]
Animation 83: Write(VGroup of 3 submobjects):  82%|████████▎ | 99/120 [00:02<00:00, 28.24it/s]
Animation 83: Write(VGroup of 3 submobjects):  85%|████████▌ | 102/120 [00:02<00:00, 28.08it/s]
Animation 83: Write(VGroup of 3 submobjects):  88%|████████▊ | 105/120 [00:02<00:00, 27.74it/s]
Animation 83: Write(VGroup of 3 submobjects):  90%|█████████ | 108/120 [00:03<00:00, 27.66it/s]
Animation 83: Write(VGroup of 3 submobjects):  92%|█████████▎| 111/120 [00:03<00:00, 27.60it/s]
Animation 83: Write(VGroup of 3 submobjects):  95%|█████████▌| 114/120 [00:03<00:00, 27.98it/s]
Animation 83: Write(VGroup of 3 submobjects):  98%|█████████▊| 117/120 [00:03<00:00, 27.90it/s]
Animation 83: Write(VGroup of 3 submobjects): 100%|██████████| 120/120 [00:03<00:00, 28.17it/s]
                                                                                               

Animation 85: FadeIn(VGroup of 2 submobjects):   0%|          | 0/30 [00:00<?, ?it/s]
Animation 85: FadeIn(VGroup of 2 submobjects):  17%|█▋        | 5/30 [00:00<00:00, 44.81it/s]
Animation 85: FadeIn(VGroup of 2 submobjects):  33%|███▎      | 10/30 [00:00<00:00, 43.84it/s]
Animation 85: FadeIn(VGroup of 2 submobjects):  50%|█████     | 15/30 [00:00<00:00, 43.13it/s]
Animation 85: FadeIn(VGroup of 2 submobjects):  67%|██████▋   | 20/30 [00:00<00:00, 43.09it/s]
Animation 85: FadeIn(VGroup of 2 submobjects):  83%|████████▎ | 25/30 [00:00<00:00, 42.58it/s]
Animation 85: FadeIn(VGroup of 2 submobjects): 100%|██████████| 30/30 [00:00<00:00, 42.17it/s]
                                                                                              


===== STEP: LONG: render 16:9
$ manim -qh double_slit_one_electron_bb.py BearsDoodlesVideo
cwd: /Users/nik/Documents/Cowork/quantum-mechanics-vol1/youtube/double-slit-one-electron-bb
exit: 0
Manim Community v0.20.1

[bn_layout] mode=LANDSCAPE pixels=1920x1080 frame=14.22x8.00
[07/03/26 17:03:54] INFO     Animation 0 : Using cached     cairo_renderer.py:94
                             data (hash :                                       
                             4238198153_4020777533_22313245                     
                             7)                                                 
[07/03/26 17:03:55] INFO     Animation 1 : Using cached     cairo_renderer.py:94
                             data (hash :                                       
                             4286918275_1748242138_27716113                     
                             0)                                                 
                    INFO     Animation 2 : Using cached     cairo_renderer.py:94
                             data (hash :                                       
                             4286918275_4055907142_40623214                     
                             54)                                                
[07/03/26 17:03:56] INFO     Animation 3 : Using cached     cairo_renderer.py:94
                             data (hash :                                       
                             4286918275_1613916222_25808636                     
                             68)                                                
                    INFO     Animation 4 : Using cached     cairo_renderer.py:94
                             data (hash :                                       
                             4286918275_2799382272_28737298                     
                             18)                                                
[07/03/26 17:03:57] INFO     Animation 5 : Using cached     cairo_renderer.py:94
                             data (hash :                                       
                             4286918275_1031450123_63182989                     
                             6)                                                 
                    INFO     Animation 6 : Using cached     cairo_renderer.py:94
                             data (hash :                                       
                             4286918275_3052040169_63182989                     
                             6)                                                 
                    INFO     Animation 7 : Using cached     cairo_renderer.py:94
                             data (hash :                                       
                             4286918275_3135865008_16662803                     
                             14)                                                
                    INFO     Animation 8 : Using cached     cairo_renderer.py:94
                             data (hash :                                       
                             4286918275_4286196023_11687897                     
                             88)                                                
                    INFO     Animation 9 : Using cached     cairo_renderer.py:94
                             data (hash :                                       
                             4286918275_527603223_116878978                     
                             8)                                                 
                    INFO     Animation 10 : Using cached    cairo_renderer.py:94
                             data (hash :                                       
                             4286918275_1220321655_29498309                     
                             73)                                                
                    INFO     Animation 11 : Using cached    cairo_renderer.py:94
                             data (hash :                                       
                             4286918275_1873349967_66512660                     
                             2)                                                 
                    INFO     Animation 12 : Using cached    cairo_renderer.py:94
                             data (hash :                                       
                             4286918275_2146834381_66512660                     
                             2)                                                 
                    INFO     Animation 13 : Using cached    cairo_renderer.py:94
                             data (hash :                                       
                             4286918275_1220321655_35945732                     
                             01)                                                
                    INFO     Animation 14 : Using cached    cairo_renderer.py:94
                             data (hash :                                       
                             4286918275_2742252894_27609469                     
                             74)                                                
[07/03/26 17:03:58] INFO     Animation 15 : Partial     scene_file_writer.py:601
                             movie file written in                              
                             '/Users/nik/Documents/Cowo                         
                             rk/quantum-mechanics-vol1/                         
                             youtube/double-slit-one-el                         
                             ectron-bb/media/videos/dou                         
                             ble_slit_one_electron_bb/1                         
                             080p60/partial_movie_files                         
                             /BearsDoodlesVideo/4286918                         
                             275_357150782_331140886.mp                         
                             4'                                                 
[07/03/26 17:04:00] INFO     Animation 16 : Partial     scene_file_writer.py:601
                             movie file written in                              
                             '/Users/nik/Documents/Cowo                         
                             rk/quantum-mechanics-vol1/                         
                             youtube/double-slit-one-el                         
                             ectron-bb/media/videos/dou                         
                             ble_slit_one_electron_bb/1                         
                             080p60/partial_movie_files                         
                             /BearsDoodlesVideo/4286918                         
                             275_3885828057_2259408265.                         
                             mp4'                                               
[07/03/26 17:04:04] INFO     Animation 17 : Partial     scene_file_writer.py:601
                             movie file written in                              
                             '/Users/nik/Documents/Cowo                         
                             rk/quantum-mechanics-vol1/                         
                             youtube/double-slit-one-el                         
                             ectron-bb/media/videos/dou                         
                             ble_slit_one_electron_bb/1                         
                             080p60/partial_movie_files                         
                             /BearsDoodlesVideo/4286918                         
                             275_1480545542_3060359882.                         
                             mp4'                                               
[07/03/26 17:04:05] INFO     Animation 18 : Partial     scene_file_writer.py:601
                             movie file written in                              
                             '/Users/nik/Documents/Cowo                         
                             rk/quantum-mechanics-vol1/                         
                             youtube/double-slit-one-el                         
                             ectron-bb/media/videos/dou                         
                             ble_slit_one_electron_bb/1                         
                             080p60/partial_movie_files                         
                             /BearsDoodlesVideo/4286918                         
                             275_4010670798_3389699327.                         
                             mp4'                                               
[07/03/26 17:04:08] INFO     Animation 19 : Partial     scene_file_writer.py:601
                             movie file written in                              
                             '/Users/nik/Documents/Cowo                         
                             rk/quantum-mechanics-vol1/                         
                             youtube/double-slit-one-el                         
                             ectron-bb/media/videos/dou                         
                             ble_slit_one_electron_bb/1                         
                             080p60/partial_movie_files                         
                             /BearsDoodlesVideo/4286918                         
                             275_3145294587_277108080.m                         
                             p4'                                                
[07/03/26 17:04:09] INFO     Animation 20 : Partial     scene_file_writer.py:601
                             movie file written in                              
                             '/Users/nik/Documents/Cowo                         
                             rk/quantum-mechanics-vol1/                         
                             youtube/double-slit-one-el                         
                             ectron-bb/media/videos/dou                         
                             ble_slit_one_electron_bb/1                         
                             080p60/partial_movie_files                         
                             /BearsDoodlesVideo/4286918                         
                             275_2518124228_545420233.m                         
                             p4'                                                
[07/03/26 17:04:10] INFO     Animation 21 : Partial     scene_file_writer.py:601
                             movie file written in                              
                             '/Users/nik/Documents/Cowo                         
                             rk/quantum-mechanics-vol1/                         
                             youtube/double-slit-one-el                         
                             ectron-bb/media/videos/dou                         
                             ble_slit_one_electron_bb/1                         
                             080p60/partial_movie_files                         
                             /BearsDoodlesVideo/4286918                         
                             275_3326326322_825900184.m                         
                             p4'                                                
                    INFO     Animation 22 : Partial     scene_file_writer.py:601
                             movie file written in                              
                             '/Users/nik/Documents/Cowo                         
                             rk/quantum-mechanics-vol1/                         
                             youtube/double-slit-one-el                         
                             ectron-bb/media/videos/dou                         
                             ble_slit_one_electron_bb/1                         
                             080p60/partial_movie_files                         
                             /BearsDoodlesVideo/4286918                         
                             275_3339828790_2441400778.                         
                             mp4'                                               
[07/03/26 17:04:12] INFO     Animation 23 : Partial     scene_file_writer.py:601
                             movie file written in                              
                             '/Users/nik/Documents/Cowo                         
                             rk/quantum-mechanics-vol1/                         
                             youtube/double-slit-one-el                         
                             ectron-bb/media/videos/dou                         
                             ble_slit_one_electron_bb/1                         
                             080p60/partial_movie_files                         
                             /BearsDoodlesVideo/4286918                         
                             275_2809347405_3204251298.                         
                             mp4'                                               
[07/03/26 17:04:13] INFO     Animation 24 : Partial     scene_file_writer.py:601
                             movie file written in                              
                             '/Users/nik/Documents/Cowo                         
                             rk/quantum-mechanics-vol1/                         
                             youtube/double-slit-one-el                         
                             ectron-bb/media/videos/dou                         
                             ble_slit_one_electron_bb/1                         
                             080p60/partial_movie_files                         
                             /BearsDoodlesVideo/4286918                         
                             275_2076303761_1276825638.                         
                             mp4'                                               
[07/03/26 17:04:16] INFO     Animation 25 : Partial     scene_file_writer.py:601
                             movie file written in                              
                             '/Users/nik/Documents/Cowo                         
                             rk/quantum-mechanics-vol1/                         
                             youtube/double-slit-one-el                         
                             ectron-bb/media/videos/dou                         
                             ble_slit_one_electron_bb/1                         
                             080p60/partial_movie_files                         
                             /BearsDoodlesVideo/4286918                         
                             275_895432142_1276683358.m                         
                             p4'                                                
[07/03/26 17:04:18] INFO     Animation 26 : Partial     scene_file_writer.py:601
                             movie file written in                              
                             '/Users/nik/Documents/Cowo                         
                             rk/quantum-mechanics-vol1/                         
                             youtube/double-slit-one-el                         
                             ectron-bb/media/videos/dou                         
                             ble_slit_one_electron_bb/1                         
                             080p60/partial_movie_files                         
                             /BearsDoodlesVideo/4286918                         
                             275_2778603610_1304535014.                         
                             mp4'                                               
[07/03/26 17:04:19] INFO     Animation 27 : Partial     scene_file_writer.py:601
                             movie file written in                              
                             '/Users/nik/Documents/Cowo                         
                             rk/quantum-mechanics-vol1/                         
                             youtube/double-slit-one-el                         
                             ectron-bb/media/videos/dou                         
                             ble_slit_one_electron_bb/1                         
                             080p60/partial_movie_files                         
                             /BearsDoodlesVideo/4286918                         
                             275_3625699412_1854545527.                         
                             mp4'                                               
[07/03/26 17:04:21] INFO     Animation 28 : Partial     scene_file_writer.py:601
                             movie file written in                              
                             '/Users/nik/Documents/Cowo                         
                             rk/quantum-mechanics-vol1/                         
                             youtube/double-slit-one-el                         
                             ectron-bb/media/videos/dou                         
                             ble_slit_one_electron_bb/1                         
                             080p60/partial_movie_files                         
                             /BearsDoodlesVideo/4286918                         
                             275_851579627_577865012.mp                         
                             4'                                                 
[07/03/26 17:04:23] INFO     Animation 29 : Partial     scene_file_writer.py:601
                             movie file written in                              
                             '/Users/nik/Documents/Cowo                         
                             rk/quantum-mechanics-vol1/                         
                             youtube/double-slit-one-el                         
                             ectron-bb/media/videos/dou                         
                             ble_slit_one_electron_bb/1                         
                             080p60/partial_movie_files                         
                             /BearsDoodlesVideo/4286918                         
                             275_3725078408_3207008626.                         
                             mp4'                                               
[07/03/26 17:04:24] INFO     Animation 30 : Partial     scene_file_writer.py:601
                             movie file written in                              
                             '/Users/nik/Documents/Cowo                         
                             rk/quantum-mechanics-vol1/                         
                             youtube/double-slit-one-el                         
                             ectron-bb/media/videos/dou                         
                             ble_slit_one_electron_bb/1                         
                             080p60/partial_movie_files                         
                             /BearsDoodlesVideo/4286918                         
                             275_2859548929_89336328.mp                         
                             4'                                                 
[07/03/26 17:04:25] INFO     Animation 31 : Partial     scene_file_writer.py:601
                             movie file written in                              
                             '/Users/nik/Documents/Cowo                         
                             rk/quantum-mechanics-vol1/                         
                             youtube/double-slit-one-el                         
                             ectron-bb/media/videos/dou                         
                             ble_slit_one_electron_bb/1                         
                             080p60/partial_movie_files                         
                             /BearsDoodlesVideo/4286918                         
                             275_71118016_89336328.mp4'                         
[07/03/26 17:04:26] INFO     Animation 32 : Partial     scene_file_writer.py:601
                             movie file written in                              
                             '/Users/nik/Documents/Cowo                         
                             rk/quantum-mechanics-vol1/                         
                             youtube/double-slit-one-el                         
                             ectron-bb/media/videos/dou                         
                             ble_slit_one_electron_bb/1                         
                             080p60/partial_movie_files                         
                             /BearsDoodlesVideo/4286918                         
                             275_3650315732_2329141399.                         
                             mp4'                                               
[07/03/26 17:04:27] INFO     Animation 33 : Partial     scene_file_writer.py:601
                             movie file written in                              
                             '/Users/nik/Documents/Cowo                         
                             rk/quantum-mechanics-vol1/                         
                             youtube/double-slit-one-el                         
                             ectron-bb/media/videos/dou                         
                             ble_slit_one_electron_bb/1                         
                             080p60/partial_movie_files                         
                             /BearsDoodlesVideo/4286918                         
                             275_1106308112_2329141399.                         
                             mp4'                                               
[07/03/26 17:04:42] INFO     Animation 34 : Partial     scene_file_writer.py:601
                             movie file written in                              
                             '/Users/nik/Documents/Cowo                         
                             rk/quantum-mechanics-vol1/                         
                             youtube/double-slit-one-el                         
                             ectron-bb/media/videos/dou                         
                             ble_slit_one_electron_bb/1                         
                             080p60/partial_movie_files                         
                             /BearsDoodlesVideo/4286918                         
                             275_3616345797_780409417.m                         
                             p4'                                                
[07/03/26 17:04:43] INFO     Animation 35 : Partial     scene_file_writer.py:601
                             movie file written in                              
                             '/Users/nik/Documents/Cowo                         
                             rk/quantum-mechanics-vol1/                         
                             youtube/double-slit-one-el                         
                             ectron-bb/media/videos/dou                         
                             ble_slit_one_electron_bb/1                         
                             080p60/partial_movie_files                         
                             /BearsDoodlesVideo/4286918                         
                             275_4043516565_2284469579.                         
                             mp4'                                               
[07/03/26 17:04:45] INFO     Animation 36 : Partial     scene_file_writer.py:601
                             movie file written in                              
                             '/Users/nik/Documents/Cowo                         
                             rk/quantum-mechanics-vol1/                         
                             youtube/double-slit-one-el                         
                             ectron-bb/media/videos/dou                         
                             ble_slit_one_electron_bb/1                         
                             080p60/partial_movie_files                         
                             /BearsDoodlesVideo/4286918                         
                             275_1654127435_3970489642.                         
                             mp4'                                               
[07/03/26 17:04:47] INFO     Animation 37 : Partial     scene_file_writer.py:601
                             movie file written in                              
                             '/Users/nik/Documents/Cowo                         
                             rk/quantum-mechanics-vol1/                         
                             youtube/double-slit-one-el                         
                             ectron-bb/media/videos/dou                         
                             ble_slit_one_electron_bb/1                         
                             080p60/partial_movie_files                         
                             /BearsDoodlesVideo/4286918                         
                             275_2548939913_1046341504.                         
                             mp4'                                               
[07/03/26 17:04:50] INFO     Animation 38 : Partial     scene_file_writer.py:601
                             movie file written in                              
                             '/Users/nik/Documents/Cowo                         
                             rk/quantum-mechanics-vol1/                         
                             youtube/double-slit-one-el                         
                             ectron-bb/media/videos/dou                         
                             ble_slit_one_electron_bb/1                         
                             080p60/partial_movie_files                         
                             /BearsDoodlesVideo/4286918                         
                             275_212128325_2678979383.m                         
                             p4'                                                
[07/03/26 17:04:52] INFO     Animation 39 : Partial     scene_file_writer.py:601
                             movie file written in                              
                             '/Users/nik/Documents/Cowo                         
                             rk/quantum-mechanics-vol1/                         
                             youtube/double-slit-one-el                         
                             ectron-bb/media/videos/dou                         
                             ble_slit_one_electron_bb/1                         
                             080p60/partial_movie_files                         
                             /BearsDoodlesVideo/4286918                         
                             275_1696324910_4263140694.                         
                             mp4'                                               
[07/03/26 17:04:56] INFO     Animation 40 : Partial     scene_file_writer.py:601
                             movie file written in                              
                             '/Users/nik/Documents/Cowo                         
                             rk/quantum-mechanics-vol1/                         
                             youtube/double-slit-one-el                         
                             ectron-bb/media/videos/dou                         
                             ble_slit_one_electron_bb/1                         
                             080p60/partial_movie_files                         
                             /BearsDoodlesVideo/4286918                         
                             275_1212811241_3122413024.                         
                             mp4'                                               
[07/03/26 17:04:57] INFO     Animation 41 : Partial     scene_file_writer.py:601
                             movie file written in                              
                             '/Users/nik/Documents/Cowo                         
                             rk/quantum-mechanics-vol1/                         
                             youtube/double-slit-one-el                         
                             ectron-bb/media/videos/dou                         
                             ble_slit_one_electron_bb/1                         
                             080p60/partial_movie_files                         
                             /BearsDoodlesVideo/4286918                         
                             275_3810105280_2249289315.                         
                             mp4'                                               
[07/03/26 17:05:04] INFO     Animation 42 : Partial     scene_file_writer.py:601
                             movie file written in                              
                             '/Users/nik/Documents/Cowo                         
                             rk/quantum-mechanics-vol1/                         
                             youtube/double-slit-one-el                         
                             ectron-bb/media/videos/dou                         
                             ble_slit_one_electron_bb/1                         
                             080p60/partial_movie_files                         
                             /BearsDoodlesVideo/4286918                         
                             275_2777490980_4275691374.                         
                             mp4'                                               
[07/03/26 17:05:07] INFO     Animation 43 : Partial     scene_file_writer.py:601
                             movie file written in                              
                             '/Users/nik/Documents/Cowo                         
                             rk/quantum-mechanics-vol1/                         
                             youtube/double-slit-one-el                         
                             ectron-bb/media/videos/dou                         
                             ble_slit_one_electron_bb/1                         
                             080p60/partial_movie_files                         
                             /BearsDoodlesVideo/4286918                         
                             275_3690900936_3403620968.                         
                             mp4'                                               
[07/03/26 17:05:10] INFO     Animation 44 : Partial     scene_file_writer.py:601
                             movie file written in                              
                             '/Users/nik/Documents/Cowo                         
                             rk/quantum-mechanics-vol1/                         
                             youtube/double-slit-one-el                         
                             ectron-bb/media/videos/dou                         
                             ble_slit_one_electron_bb/1                         
                             080p60/partial_movie_files                         
                             /BearsDoodlesVideo/4286918                         
                             275_3148256068_300651624.m                         
                             p4'                                                
[07/03/26 17:05:12] INFO     Animation 45 : Partial     scene_file_writer.py:601
                             movie file written in                              
                             '/Users/nik/Documents/Cowo                         
                             rk/quantum-mechanics-vol1/                         
                             youtube/double-slit-one-el                         
                             ectron-bb/media/videos/dou                         
                             ble_slit_one_electron_bb/1                         
                             080p60/partial_movie_files                         
                             /BearsDoodlesVideo/4286918                         
                             275_1321355876_3366057677.                         
                             mp4'                                               
[07/03/26 17:05:14] INFO     Animation 46 : Partial     scene_file_writer.py:601
                             movie file written in                              
                             '/Users/nik/Documents/Cowo                         
                             rk/quantum-mechanics-vol1/                         
                             youtube/double-slit-one-el                         
                             ectron-bb/media/videos/dou                         
                             ble_slit_one_electron_bb/1                         
                             080p60/partial_movie_files                         
                             /BearsDoodlesVideo/4286918                         
                             275_826662167_3801391275.m                         
                             p4'                                                
[07/03/26 17:05:16] INFO     Animation 47 : Partial     scene_file_writer.py:601
                             movie file written in                              
                             '/Users/nik/Documents/Cowo                         
                             rk/quantum-mechanics-vol1/                         
                             youtube/double-slit-one-el                         
                             ectron-bb/media/videos/dou                         
                             ble_slit_one_electron_bb/1                         
                             080p60/partial_movie_files                         
                             /BearsDoodlesVideo/4286918                         
                             275_2500294930_580842930.m                         
                             p4'                                                
[07/03/26 17:05:17] INFO     Animation 48 : Partial     scene_file_writer.py:601
                             movie file written in                              
                             '/Users/nik/Documents/Cowo                         
                             rk/quantum-mechanics-vol1/                         
                             youtube/double-slit-one-el                         
                             ectron-bb/media/videos/dou                         
                             ble_slit_one_electron_bb/1                         
                             080p60/partial_movie_files                         
                             /BearsDoodlesVideo/4286918                         
                             275_950763864_4196586761.m                         
                             p4'                                                
[07/03/26 17:05:20] INFO     Animation 49 : Partial     scene_file_writer.py:601
                             movie file written in                              
                             '/Users/nik/Documents/Cowo                         
                             rk/quantum-mechanics-vol1/                         
                             youtube/double-slit-one-el                         
                             ectron-bb/media/videos/dou                         
                             ble_slit_one_electron_bb/1                         
                             080p60/partial_movie_files                         
                             /BearsDoodlesVideo/4286918                         
                             275_4196635739_3074466961.                         
                             mp4'                                               
[07/03/26 17:05:23] INFO     Animation 50 : Partial     scene_file_writer.py:601
                             movie file written in                              
                             '/Users/nik/Documents/Cowo                         
                             rk/quantum-mechanics-vol1/                         
                             youtube/double-slit-one-el                         
                             ectron-bb/media/videos/dou                         
                             ble_slit_one_electron_bb/1                         
                             080p60/partial_movie_files                         
                             /BearsDoodlesVideo/4286918                         
                             275_1505758168_2591009797.                         
                             mp4'                                               
[07/03/26 17:05:25] INFO     Animation 51 : Partial     scene_file_writer.py:601
                             movie file written in                              
                             '/Users/nik/Documents/Cowo                         
                             rk/quantum-mechanics-vol1/                         
                             youtube/double-slit-one-el                         
                             ectron-bb/media/videos/dou                         
                             ble_slit_one_electron_bb/1                         
                             080p60/partial_movie_files                         
                             /BearsDoodlesVideo/4286918                         
                             275_1832108178_3024291261.                         
                             mp4'                                               
[07/03/26 17:05:28] INFO     Animation 52 : Partial     scene_file_writer.py:601
                             movie file written in                              
                             '/Users/nik/Documents/Cowo                         
                             rk/quantum-mechanics-vol1/                         
                             youtube/double-slit-one-el                         
                             ectron-bb/media/videos/dou                         
                             ble_slit_one_electron_bb/1                         
                             080p60/partial_movie_files                         
                             /BearsDoodlesVideo/4286918                         
                             275_2691248759_865157809.m                         
                             p4'                                                
[07/03/26 17:05:30] INFO     Animation 53 : Partial     scene_file_writer.py:601
                             movie file written in                              
                             '/Users/nik/Documents/Cowo                         
                             rk/quantum-mechanics-vol1/                         
                             youtube/double-slit-one-el                         
                             ectron-bb/media/videos/dou                         
                             ble_slit_one_electron_bb/1                         
                             080p60/partial_movie_files                         
                             /BearsDoodlesVideo/4286918                         
                             275_2954022551_22843220.mp                         
                             4'                                                 
[07/03/26 17:05:32] INFO     Animation 54 : Partial     scene_file_writer.py:601
                             movie file written in                              
                             '/Users/nik/Documents/Cowo                         
                             rk/quantum-mechanics-vol1/                         
                             youtube/double-slit-one-el                         
                             ectron-bb/media/videos/dou                         
                             ble_slit_one_electron_bb/1                         
                             080p60/partial_movie_files                         
                             /BearsDoodlesVideo/4286918                         
                             275_1894295945_3016047668.                         
                             mp4'                                               
[07/03/26 17:05:36] INFO     Animation 55 : Partial     scene_file_writer.py:601
                             movie file written in                              
                             '/Users/nik/Documents/Cowo                         
                             rk/quantum-mechanics-vol1/                         
                             youtube/double-slit-one-el                         
                             ectron-bb/media/videos/dou                         
                             ble_slit_one_electron_bb/1                         
                             080p60/partial_movie_files                         
                             /BearsDoodlesVideo/4286918                         
                             275_1120592055_3077625340.                         
                             mp4'                                               
[07/03/26 17:05:39] INFO     Animation 56 : Partial     scene_file_writer.py:601
                             movie file written in                              
                             '/Users/nik/Documents/Cowo                         
                             rk/quantum-mechanics-vol1/                         
                             youtube/double-slit-one-el                         
                             ectron-bb/media/videos/dou                         
                             ble_slit_one_electron_bb/1                         
                             080p60/partial_movie_files                         
                             /BearsDoodlesVideo/4286918                         
                             275_301894931_4078389755.m                         
                             p4'                                                
[07/03/26 17:05:42] INFO     Animation 57 : Partial     scene_file_writer.py:601
                             movie file written in                              
                             '/Users/nik/Documents/Cowo                         
                             rk/quantum-mechanics-vol1/                         
                             youtube/double-slit-one-el                         
                             ectron-bb/media/videos/dou                         
                             ble_slit_one_electron_bb/1                         
                             080p60/partial_movie_files                         
                             /BearsDoodlesVideo/4286918                         
                             275_138606226_587709808.mp                         
                             4'                                                 
[07/03/26 17:05:45] INFO     Animation 58 : Partial     scene_file_writer.py:601
                             movie file written in                              
                             '/Users/nik/Documents/Cowo                         
                             rk/quantum-mechanics-vol1/                         
                             youtube/double-slit-one-el                         
                             ectron-bb/media/videos/dou                         
                             ble_slit_one_electron_bb/1                         
                             080p60/partial_movie_files                         
                             /BearsDoodlesVideo/4286918                         
                             275_4155528798_3695461982.                         
                             mp4'                                               
[07/03/26 17:05:49] INFO     Animation 59 : Partial     scene_file_writer.py:601
                             movie file written in                              
                             '/Users/nik/Documents/Cowo                         
                             rk/quantum-mechanics-vol1/                         
                             youtube/double-slit-one-el                         
                             ectron-bb/media/videos/dou                         
                             ble_slit_one_electron_bb/1                         
                             080p60/partial_movie_files                         
                             /BearsDoodlesVideo/4286918                         
                             275_3795569383_2363663293.                         
                             mp4'                                               
[07/03/26 17:05:52] INFO     Animation 60 : Partial     scene_file_writer.py:601
                             movie file written in                              
                             '/Users/nik/Documents/Cowo                         
                             rk/quantum-mechanics-vol1/                         
                             youtube/double-slit-one-el                         
                             ectron-bb/media/videos/dou                         
                             ble_slit_one_electron_bb/1                         
                             080p60/partial_movie_files                         
                             /BearsDoodlesVideo/4286918                         
                             275_890202489_830161903.mp                         
                             4'                                                 
[07/03/26 17:05:58] INFO     Animation 61 : Partial     scene_file_writer.py:601
                             movie file written in                              
                             '/Users/nik/Documents/Cowo                         
                             rk/quantum-mechanics-vol1/                         
                             youtube/double-slit-one-el                         
                             ectron-bb/media/videos/dou                         
                             ble_slit_one_electron_bb/1                         
                             080p60/partial_movie_files                         
                             /BearsDoodlesVideo/4286918                         
                             275_3099597360_876089448.m                         
                             p4'                                                
[07/03/26 17:06:03] INFO     Animation 62 : Partial     scene_file_writer.py:601
                             movie file written in                              
                             '/Users/nik/Documents/Cowo                         
                             rk/quantum-mechanics-vol1/                         
                             youtube/double-slit-one-el                         
                             ectron-bb/media/videos/dou                         
                             ble_slit_one_electron_bb/1                         
                             080p60/partial_movie_files                         
                             /BearsDoodlesVideo/4286918                         
                             275_2438916903_435724342.m                         
                             p4'                                                
[07/03/26 17:06:08] INFO     Animation 63 : Partial     scene_file_writer.py:601
                             movie file written in                              
                             '/Users/nik/Documents/Cowo                         
                             rk/quantum-mechanics-vol1/                         
                             youtube/double-slit-one-el                         
                             ectron-bb/media/videos/dou                         
                             ble_slit_one_electron_bb/1                         
                             080p60/partial_movie_files                         
                             /BearsDoodlesVideo/4286918                         
                             275_3590898939_3973935655.                         
                             mp4'                                               
[07/03/26 17:06:10] INFO     Animation 64 : Partial     scene_file_writer.py:601
                             movie file written in                              
                             '/Users/nik/Documents/Cowo                         
                             rk/quantum-mechanics-vol1/                         
                             youtube/double-slit-one-el                         
                             ectron-bb/media/videos/dou                         
                             ble_slit_one_electron_bb/1                         
                             080p60/partial_movie_files                         
                             /BearsDoodlesVideo/4286918                         
                             275_362531268_397508196.mp                         
                             4'                                                 
[07/03/26 17:06:14] INFO     Animation 65 : Partial     scene_file_writer.py:601
                             movie file written in                              
                             '/Users/nik/Documents/Cowo                         
                             rk/quantum-mechanics-vol1/                         
                             youtube/double-slit-one-el                         
                             ectron-bb/media/videos/dou                         
                             ble_slit_one_electron_bb/1                         
                             080p60/partial_movie_files                         
                             /BearsDoodlesVideo/4286918                         
                             275_3363869801_3020660348.                         
                             mp4'                                               
[07/03/26 17:06:17] INFO     Animation 66 : Partial     scene_file_writer.py:601
                             movie file written in                              
                             '/Users/nik/Documents/Cowo                         
                             rk/quantum-mechanics-vol1/                         
                             youtube/double-slit-one-el                         
                             ectron-bb/media/videos/dou                         
                             ble_slit_one_electron_bb/1                         
                             080p60/partial_movie_files                         
                             /BearsDoodlesVideo/4286918                         
                             275_1919721184_2639860.mp4                         
                             '                                                  
[07/03/26 17:06:28] INFO     Animation 67 : Partial     scene_file_writer.py:601
                             movie file written in                              
                             '/Users/nik/Documents/Cowo                         
                             rk/quantum-mechanics-vol1/                         
                             youtube/double-slit-one-el                         
                             ectron-bb/media/videos/dou                         
                             ble_slit_one_electron_bb/1                         
                             080p60/partial_movie_files                         
                             /BearsDoodlesVideo/4286918                         
                             275_446241118_2556953956.m                         
                             p4'                                                
[07/03/26 17:06:32] INFO     Animation 68 : Partial     scene_file_writer.py:601
                             movie file written in                              
                             '/Users/nik/Documents/Cowo                         
                             rk/quantum-mechanics-vol1/                         
                             youtube/double-slit-one-el                         
                             ectron-bb/media/videos/dou                         
                             ble_slit_one_electron_bb/1                         
                             080p60/partial_movie_files                         
                             /BearsDoodlesVideo/4286918                         
                             275_197363476_2252574327.m                         
                             p4'                                                
[07/03/26 17:06:36] INFO     Animation 69 : Partial     scene_file_writer.py:601
                             movie file written in                              
                             '/Users/nik/Documents/Cowo                         
                             rk/quantum-mechanics-vol1/                         
                             youtube/double-slit-one-el                         
                             ectron-bb/media/videos/dou                         
                             ble_slit_one_electron_bb/1                         
                             080p60/partial_movie_files                         
                             /BearsDoodlesVideo/4286918                         
                             275_1903440376_2112805711.                         
                             mp4'                                               
[07/03/26 17:06:43] INFO     Animation 70 : Partial     scene_file_writer.py:601
                             movie file written in                              
                             '/Users/nik/Documents/Cowo                         
                             rk/quantum-mechanics-vol1/                         
                             youtube/double-slit-one-el                         
                             ectron-bb/media/videos/dou                         
                             ble_slit_one_electron_bb/1                         
                             080p60/partial_movie_files                         
                             /BearsDoodlesVideo/4286918                         
                             275_4023964928_675052387.m                         
                             p4'                                                
[07/03/26 17:06:49] INFO     Animation 71 : Partial     scene_file_writer.py:601
                             movie file written in                              
                             '/Users/nik/Documents/Cowo                         
                             rk/quantum-mechanics-vol1/                         
                             youtube/double-slit-one-el                         
                             ectron-bb/media/videos/dou                         
                             ble_slit_one_electron_bb/1                         
                             080p60/partial_movie_files                         
                             /BearsDoodlesVideo/4286918                         
                             275_225475725_1183406157.m                         
                             p4'                                                
[07/03/26 17:06:52] INFO     Animation 72 : Partial     scene_file_writer.py:601
                             movie file written in                              
                             '/Users/nik/Documents/Cowo                         
                             rk/quantum-mechanics-vol1/                         
                             youtube/double-slit-one-el                         
                             ectron-bb/media/videos/dou                         
                             ble_slit_one_electron_bb/1                         
                             080p60/partial_movie_files                         
                             /BearsDoodlesVideo/4286918                         
                             275_1320380042_3267620431.                         
                             mp4'                                               
[07/03/26 17:06:57] INFO     Animation 73 : Partial     scene_file_writer.py:601
                             movie file written in                              
                             '/Users/nik/Documents/Cowo                         
                             rk/quantum-mechanics-vol1/                         
                             youtube/double-slit-one-el                         
                             ectron-bb/media/videos/dou                         
                             ble_slit_one_electron_bb/1                         
                             080p60/partial_movie_files                         
                             /BearsDoodlesVideo/4286918                         
                             275_2364585103_3203719155.                         
                             mp4'                                               
[07/03/26 17:07:03] INFO     Animation 74 : Partial     scene_file_writer.py:601
                             movie file written in                              
                             '/Users/nik/Documents/Cowo                         
                             rk/quantum-mechanics-vol1/                         
                             youtube/double-slit-one-el                         
                             ectron-bb/media/videos/dou                         
                             ble_slit_one_electron_bb/1                         
                             080p60/partial_movie_files                         
                             /BearsDoodlesVideo/4286918                         
                             275_1332974749_659577055.m                         
                             p4'                                                
[07/03/26 17:07:08] INFO     Animation 75 : Partial     scene_file_writer.py:601
                             movie file written in                              
                             '/Users/nik/Documents/Cowo                         
                             rk/quantum-mechanics-vol1/                         
                             youtube/double-slit-one-el                         
                             ectron-bb/media/videos/dou                         
                             ble_slit_one_electron_bb/1                         
                             080p60/partial_movie_files                         
                             /BearsDoodlesVideo/4286918                         
                             275_3417981444_2358810818.                         
                             mp4'                                               
                    INFO     Animation 76 : Using cached    cairo_renderer.py:94
                             data (hash :                                       
                             4286918275_3052040169_63182989                     
                             6)                                                 
                    INFO     Animation 77 : Using cached    cairo_renderer.py:94
                             data (hash :                                       
                             4286918275_137137996_166628031                     
                             4)                                                 
                    INFO     Animation 78 : Using cached    cairo_renderer.py:94
                             data (hash :                                       
                             4286918275_3560832035_34597549                     
                             76)                                                
[07/03/26 17:07:09] INFO     Animation 79 : Using cached    cairo_renderer.py:94
                             data (hash :                                       
                             4286918275_436217617_217504471                     
                             1)                                                 
                    INFO     Animation 80 : Using cached    cairo_renderer.py:94
                             data (hash :                                       
                             4286918275_2759773937_10865005                     
                             08)                                                
[07/03/26 17:07:11] INFO     Animation 81 : Using cached    cairo_renderer.py:94
                             data (hash :                                       
                             4286918275_2907601751_15750762                     
                             45)                                                
[07/03/26 17:07:13] INFO     Animation 82 : Partial     scene_file_writer.py:601
                             movie file written in                              
                             '/Users/nik/Documents/Cowo                         
                             rk/quantum-mechanics-vol1/                         
                             youtube/double-slit-one-el                         
                             ectron-bb/media/videos/dou                         
                             ble_slit_one_electron_bb/1                         
                             080p60/partial_movie_files                         
                             /BearsDoodlesVideo/4286918                         
                             275_3661505565_1291003591.                         
                             mp4'                                               
[07/03/26 17:07:21] INFO     Animation 83 : Partial     scene_file_writer.py:601
                             movie file written in                              
                             '/Users/nik/Documents/Cowo                         
                             rk/quantum-mechanics-vol1/                         
                             youtube/double-slit-one-el                         
                             ectron-bb/media/videos/dou                         
                             ble_slit_one_electron_bb/1                         
                             080p60/partial_movie_files                         
                             /BearsDoodlesVideo/4286918                         
                             275_647010584_2877593600.m                         
                             p4'                                                
[07/03/26 17:07:24] INFO     Animation 84 : Partial     scene_file_writer.py:601
                             movie file written in                              
                             '/Users/nik/Documents/Cowo                         
                             rk/quantum-mechanics-vol1/                         
                             youtube/double-slit-one-el                         
                             ectron-bb/media/videos/dou                         
                             ble_slit_one_electron_bb/1                         
                             080p60/partial_movie_files                         
                             /BearsDoodlesVideo/4286918                         
                             275_3701812815_714709138.m                         
                             p4'                                                
[07/03/26 17:07:28] INFO     Animation 85 : Partial     scene_file_writer.py:601
                             movie file written in                              
                             '/Users/nik/Documents/Cowo                         
                             rk/quantum-mechanics-vol1/                         
                             youtube/double-slit-one-el                         
                             ectron-bb/media/videos/dou                         
                             ble_slit_one_electron_bb/1                         
                             080p60/partial_movie_files                         
                             /BearsDoodlesVideo/4286918                         
                             275_1775877402_3011889895.                         
                             mp4'                                               
[07/03/26 17:07:34] INFO     Animation 86 : Partial     scene_file_writer.py:601
                             movie file written in                              
                             '/Users/nik/Documents/Cowo                         
                             rk/quantum-mechanics-vol1/                         
                             youtube/double-slit-one-el                         
                             ectron-bb/media/videos/dou                         
                             ble_slit_one_electron_bb/1                         
                             080p60/partial_movie_files                         
                             /BearsDoodlesVideo/4286918                         
                             275_2600560256_1634472686.                         
                             mp4'                                               
                    INFO     Combining to Movie file.   scene_file_writer.py:753
                    INFO                                scene_file_writer.py:904
                             File ready at                                      
                             '/Users/nik/Documents/Cowo                         
                             rk/quantum-mechanics-vol1/                         
                             youtube/double-slit-one-el                         
                             ectron-bb/media/videos/dou                         
                             ble_slit_one_electron_bb/1                         
                             080p60/BearsDoodlesVideo.m                         
                             p4'                                                
                                                                                
                    INFO     The partial movie          scene_file_writer.py:874
                             directory is full (> 100                           
                             files). Therefore, manim                           
                             has removed the 53 oldest                          
                             file(s). You can change                            
                             this behaviour by changing                         
                             max_files_cached in                                
                             config.                                            
                    INFO     Rendered BearsDoodlesVideo             scene.py:278
                             Played 87 animations                               
/Users/nik/Documents/Cowork/quantum-mechanics-vol1/youtube/double-slit-one-electron-bb/double_slit_one_electron_bb.py:113: DeprecationWarning: This method is not guaranteed to stay around. Please prefer setting the attribute normally or with Mobject.set().
  rule.set_width(min(title.width, rw(rrow) * 0.8)).move_to(center(rrow))

Animation 0: FadeIn(Text("Bear's Notes")):   0%|          | 0/1 [00:00<?, ?it/s]
                                                                                

Animation 1: Write(VGroup of 1 submobjects):   0%|          | 0/1 [00:00<?, ?it/s]
                                                                                  

Animation 2: Create(Line), etc.:   0%|          | 0/1 [00:00<?, ?it/s]
                                                                      

Animation 4: FadeOut(Group):   0%|          | 0/1 [00:00<?, ?it/s]
                                                                  

Animation 5: FadeOut(Mobject):   0%|          | 0/1 [00:00<?, ?it/s]
                                                                    

Animation 7: Create(RoundedRectangle), etc.:   0%|          | 0/1 [00:00<?, ?it/s]
                                                                                  

Animation 8: _MethodAnimation(Dot):   0%|          | 0/1 [00:00<?, ?it/s]
                                                                         

Animation 9: _MethodAnimation(Dot):   0%|          | 0/1 [00:00<?, ?it/s]
                                                                         

Animation 11: _MethodAnimation(Dot):   0%|          | 0/1 [00:00<?, ?it/s]
                                                                          

Animation 12: _MethodAnimation(Dot):   0%|          | 0/1 [00:00<?, ?it/s]
                                                                          

Animation 14: LaggedStart(Group):   0%|          | 0/1 [00:00<?, ?it/s]
                                                                       

Animation 15: FadeIn(Text('electrons: 10')):   0%|          | 0/24 [00:00<?, ?it/s]
Animation 15: FadeIn(Text('electrons: 10')):  21%|██        | 5/24 [00:00<00:00, 44.81it/s]
Animation 15: FadeIn(Text('electrons: 10')):  42%|████▏     | 10/24 [00:00<00:00, 46.32it/s]
Animation 15: FadeIn(Text('electrons: 10')):  62%|██████▎   | 15/24 [00:00<00:00, 45.71it/s]
Animation 15: FadeIn(Text('electrons: 10')):  83%|████████▎ | 20/24 [00:00<00:00, 47.11it/s]
                                                                                            

Animation 17: Create(DashedVMobject):   0%|          | 0/144 [00:00<?, ?it/s]
Animation 17: Create(DashedVMobject):   4%|▍         | 6/144 [00:00<00:02, 50.13it/s]
Animation 17: Create(DashedVMobject):   8%|▊         | 12/144 [00:00<00:02, 51.40it/s]
Animation 17: Create(DashedVMobject):  12%|█▎        | 18/144 [00:00<00:02, 53.68it/s]
Animation 17: Create(DashedVMobject):  17%|█▋        | 25/144 [00:00<00:02, 57.01it/s]
Animation 17: Create(DashedVMobject):  22%|██▏       | 31/144 [00:00<00:01, 57.90it/s]
Animation 17: Create(DashedVMobject):  26%|██▌       | 37/144 [00:00<00:01, 56.24it/s]
Animation 17: Create(DashedVMobject):  30%|██▉       | 43/144 [00:00<00:01, 57.11it/s]
Animation 17: Create(DashedVMobject):  34%|███▍      | 49/144 [00:00<00:01, 55.52it/s]
Animation 17: Create(DashedVMobject):  38%|███▊      | 55/144 [00:01<00:01, 49.34it/s]
Animation 17: Create(DashedVMobject):  42%|████▏     | 61/144 [00:01<00:01, 48.21it/s]
Animation 17: Create(DashedVMobject):  46%|████▌     | 66/144 [00:01<00:01, 47.43it/s]
Animation 17: Create(DashedVMobject):  50%|█████     | 72/144 [00:01<00:01, 48.98it/s]
Animation 17: Create(DashedVMobject):  54%|█████▍    | 78/144 [00:01<00:01, 49.96it/s]
Animation 17: Create(DashedVMobject):  58%|█████▊    | 84/144 [00:01<00:01, 50.25it/s]
Animation 17: Create(DashedVMobject):  62%|██████▎   | 90/144 [00:01<00:01, 50.09it/s]
Animation 17: Create(DashedVMobject):  67%|██████▋   | 96/144 [00:01<00:00, 50.93it/s]
Animation 17: Create(DashedVMobject):  71%|███████   | 102/144 [00:01<00:00, 49.79it/s]
Animation 17: Create(DashedVMobject):  74%|███████▍  | 107/144 [00:02<00:00, 48.72it/s]
Animation 17: Create(DashedVMobject):  78%|███████▊  | 113/144 [00:02<00:00, 49.44it/s]
Animation 17: Create(DashedVMobject):  82%|████████▏ | 118/144 [00:02<00:00, 47.61it/s]
Animation 17: Create(DashedVMobject):  85%|████████▌ | 123/144 [00:02<00:00, 47.42it/s]
Animation 17: Create(DashedVMobject):  89%|████████▉ | 128/144 [00:02<00:00, 47.10it/s]
Animation 17: Create(DashedVMobject):  92%|█████████▏| 133/144 [00:02<00:00, 44.84it/s]
Animation 17: Create(DashedVMobject):  96%|█████████▌| 138/144 [00:02<00:00, 45.41it/s]
Animation 17: Create(DashedVMobject): 100%|██████████| 144/144 [00:02<00:00, 46.87it/s]
                                                                                       

Animation 19: FadeIn(Text('?')), etc.:   0%|          | 0/66 [00:00<?, ?it/s]
Animation 19: FadeIn(Text('?')), etc.:   6%|▌         | 4/66 [00:00<00:01, 37.76it/s]
Animation 19: FadeIn(Text('?')), etc.:  12%|█▏        | 8/66 [00:00<00:01, 37.27it/s]
Animation 19: FadeIn(Text('?')), etc.:  18%|█▊        | 12/66 [00:00<00:01, 37.17it/s]
Animation 19: FadeIn(Text('?')), etc.:  24%|██▍       | 16/66 [00:00<00:01, 37.13it/s]
Animation 19: FadeIn(Text('?')), etc.:  30%|███       | 20/66 [00:00<00:01, 34.86it/s]
Animation 19: FadeIn(Text('?')), etc.:  36%|███▋      | 24/66 [00:00<00:01, 35.07it/s]
Animation 19: FadeIn(Text('?')), etc.:  42%|████▏     | 28/66 [00:00<00:01, 34.57it/s]
Animation 19: FadeIn(Text('?')), etc.:  48%|████▊     | 32/66 [00:00<00:00, 35.53it/s]
Animation 19: FadeIn(Text('?')), etc.:  55%|█████▍    | 36/66 [00:00<00:00, 36.51it/s]
Animation 19: FadeIn(Text('?')), etc.:  61%|██████    | 40/66 [00:01<00:00, 36.28it/s]
Animation 19: FadeIn(Text('?')), etc.:  70%|██████▉   | 46/66 [00:01<00:00, 39.43it/s]
Animation 19: FadeIn(Text('?')), etc.:  77%|███████▋  | 51/66 [00:01<00:00, 40.43it/s]
Animation 19: FadeIn(Text('?')), etc.:  86%|████████▋ | 57/66 [00:01<00:00, 45.65it/s]
Animation 19: FadeIn(Text('?')), etc.:  97%|█████████▋| 64/66 [00:01<00:00, 50.34it/s]
                                                                                      

Animation 20: Indicate(Text('?')):   0%|          | 0/36 [00:00<?, ?it/s]
Animation 20: Indicate(Text('?')):  19%|█▉        | 7/36 [00:00<00:00, 64.77it/s]
Animation 20: Indicate(Text('?')):  39%|███▉      | 14/36 [00:00<00:00, 63.99it/s]
Animation 20: Indicate(Text('?')):  69%|██████▉   | 25/36 [00:00<00:00, 80.87it/s]
Animation 20: Indicate(Text('?')):  97%|█████████▋| 35/36 [00:00<00:00, 87.04it/s]
                                                                                  

Animation 22: FadeOut(Text('?')):   0%|          | 0/18 [00:00<?, ?it/s]
Animation 22: FadeOut(Text('?')):  44%|████▍     | 8/18 [00:00<00:00, 74.79it/s]
Animation 22: FadeOut(Text('?')):  94%|█████████▍| 17/18 [00:00<00:00, 78.60it/s]
                                                                                 

Animation 23: Create(VGroup of 4 submobjects):   0%|          | 0/72 [00:00<?, ?it/s]
Animation 23: Create(VGroup of 4 submobjects):  10%|▉         | 7/72 [00:00<00:00, 65.52it/s]
Animation 23: Create(VGroup of 4 submobjects):  19%|█▉        | 14/72 [00:00<00:00, 62.13it/s]
Animation 23: Create(VGroup of 4 submobjects):  29%|██▉       | 21/72 [00:00<00:00, 62.97it/s]
Animation 23: Create(VGroup of 4 submobjects):  39%|███▉      | 28/72 [00:00<00:00, 64.55it/s]
Animation 23: Create(VGroup of 4 submobjects):  51%|█████▏    | 37/72 [00:00<00:00, 73.24it/s]
Animation 23: Create(VGroup of 4 submobjects):  69%|██████▉   | 50/72 [00:00<00:00, 88.68it/s]
Animation 23: Create(VGroup of 4 submobjects):  83%|████████▎ | 60/72 [00:00<00:00, 89.84it/s]
Animation 23: Create(VGroup of 4 submobjects):  96%|█████████▌| 69/72 [00:00<00:00, 85.96it/s]
                                                                                              

Animation 24: Create(VGroup of 4 submobjects):   0%|          | 0/72 [00:00<?, ?it/s]
Animation 24: Create(VGroup of 4 submobjects):  14%|█▍        | 10/72 [00:00<00:00, 96.83it/s]
Animation 24: Create(VGroup of 4 submobjects):  28%|██▊       | 20/72 [00:00<00:00, 97.33it/s]
Animation 24: Create(VGroup of 4 submobjects):  42%|████▏     | 30/72 [00:00<00:00, 94.14it/s]
Animation 24: Create(VGroup of 4 submobjects):  57%|█████▋    | 41/72 [00:00<00:00, 97.20it/s]
Animation 24: Create(VGroup of 4 submobjects):  75%|███████▌  | 54/72 [00:00<00:00, 104.99it/s]
Animation 24: Create(VGroup of 4 submobjects):  90%|█████████ | 65/72 [00:00<00:00, 97.51it/s] 
                                                                                              

Animation 26: Create(ParametricFunction):   0%|          | 0/138 [00:00<?, ?it/s]
Animation 26: Create(ParametricFunction):   7%|▋         | 10/138 [00:00<00:01, 91.21it/s]
Animation 26: Create(ParametricFunction):  14%|█▍        | 20/138 [00:00<00:01, 74.16it/s]
Animation 26: Create(ParametricFunction):  22%|██▏       | 30/138 [00:00<00:01, 78.47it/s]
Animation 26: Create(ParametricFunction):  28%|██▊       | 39/138 [00:00<00:01, 81.94it/s]
Animation 26: Create(ParametricFunction):  38%|███▊      | 52/138 [00:00<00:00, 96.58it/s]
Animation 26: Create(ParametricFunction):  45%|████▍     | 62/138 [00:00<00:00, 84.56it/s]
Animation 26: Create(ParametricFunction):  51%|█████▏    | 71/138 [00:00<00:00, 79.63it/s]
Animation 26: Create(ParametricFunction):  58%|█████▊    | 80/138 [00:00<00:00, 76.94it/s]
Animation 26: Create(ParametricFunction):  64%|██████▍   | 88/138 [00:01<00:00, 70.64it/s]
Animation 26: Create(ParametricFunction):  70%|██████▉   | 96/138 [00:01<00:00, 70.99it/s]
Animation 26: Create(ParametricFunction):  75%|███████▌  | 104/138 [00:01<00:00, 70.28it/s]
Animation 26: Create(ParametricFunction):  81%|████████  | 112/138 [00:01<00:00, 69.11it/s]
Animation 26: Create(ParametricFunction):  86%|████████▌ | 119/138 [00:01<00:00, 68.87it/s]
Animation 26: Create(ParametricFunction):  91%|█████████▏| 126/138 [00:01<00:00, 67.98it/s]
Animation 26: Create(ParametricFunction):  96%|█████████▋| 133/138 [00:01<00:00, 66.16it/s]
                                                                                           

Animation 27: Write(Text('waves: stripes')):   0%|          | 0/30 [00:00<?, ?it/s]
Animation 27: Write(Text('waves: stripes')):  23%|██▎       | 7/30 [00:00<00:00, 66.08it/s]
Animation 27: Write(Text('waves: stripes')):  47%|████▋     | 14/30 [00:00<00:00, 60.68it/s]
Animation 27: Write(Text('waves: stripes')):  70%|███████   | 21/30 [00:00<00:00, 60.48it/s]
Animation 27: Write(Text('waves: stripes')):  93%|█████████▎| 28/30 [00:00<00:00, 57.51it/s]
                                                                                            

Animation 29: FadeOut(VGroup of 4 submobjects), etc.:   0%|          | 0/24 [00:00<?, ?it/s]
Animation 29: FadeOut(VGroup of 4 submobjects), etc.:  21%|██        | 5/24 [00:00<00:00, 38.68it/s]
Animation 29: FadeOut(VGroup of 4 submobjects), etc.:  38%|███▊      | 9/24 [00:00<00:00, 35.66it/s]
Animation 29: FadeOut(VGroup of 4 submobjects), etc.:  54%|█████▍    | 13/24 [00:00<00:00, 37.36it/s]
Animation 29: FadeOut(VGroup of 4 submobjects), etc.:  75%|███████▌  | 18/24 [00:00<00:00, 39.55it/s]
Animation 29: FadeOut(VGroup of 4 submobjects), etc.:  96%|█████████▌| 23/24 [00:00<00:00, 39.43it/s]
                                                                                                     

Animation 30: _MethodAnimation(Dot):   0%|          | 0/45 [00:00<?, ?it/s]
Animation 30: _MethodAnimation(Dot):  11%|█         | 5/45 [00:00<00:00, 48.06it/s]
Animation 30: _MethodAnimation(Dot):  24%|██▍       | 11/45 [00:00<00:00, 53.14it/s]
Animation 30: _MethodAnimation(Dot):  42%|████▏     | 19/45 [00:00<00:00, 62.78it/s]
Animation 30: _MethodAnimation(Dot):  62%|██████▏   | 28/45 [00:00<00:00, 71.68it/s]
Animation 30: _MethodAnimation(Dot):  84%|████████▍ | 38/45 [00:00<00:00, 79.51it/s]
                                                                                    

Animation 31: _MethodAnimation(Dot):   0%|          | 0/45 [00:00<?, ?it/s]
Animation 31: _MethodAnimation(Dot):  20%|██        | 9/45 [00:00<00:00, 87.34it/s]
Animation 31: _MethodAnimation(Dot):  40%|████      | 18/45 [00:00<00:00, 74.97it/s]
Animation 31: _MethodAnimation(Dot):  62%|██████▏   | 28/45 [00:00<00:00, 84.42it/s]
Animation 31: _MethodAnimation(Dot):  84%|████████▍ | 38/45 [00:00<00:00, 88.13it/s]
                                                                                    

Animation 32: _MethodAnimation(Dot):   0%|          | 0/45 [00:00<?, ?it/s]
Animation 32: _MethodAnimation(Dot):  20%|██        | 9/45 [00:00<00:00, 88.47it/s]
Animation 32: _MethodAnimation(Dot):  40%|████      | 18/45 [00:00<00:00, 77.00it/s]
Animation 32: _MethodAnimation(Dot):  60%|██████    | 27/45 [00:00<00:00, 79.93it/s]
Animation 32: _MethodAnimation(Dot):  84%|████████▍ | 38/45 [00:00<00:00, 90.04it/s]
                                                                                    

Animation 33: _MethodAnimation(Dot):   0%|          | 0/45 [00:00<?, ?it/s]
Animation 33: _MethodAnimation(Dot):  22%|██▏       | 10/45 [00:00<00:00, 90.39it/s]
Animation 33: _MethodAnimation(Dot):  44%|████▍     | 20/45 [00:00<00:00, 81.59it/s]
Animation 33: _MethodAnimation(Dot):  64%|██████▍   | 29/45 [00:00<00:00, 76.98it/s]
Animation 33: _MethodAnimation(Dot):  82%|████████▏ | 37/45 [00:00<00:00, 77.05it/s]
                                                                                    

Animation 34: ReplacementTransform(DashedVMobject), etc.:   0%|          | 0/120 [00:00<?, ?it/s]
Animation 34: ReplacementTransform(DashedVMobject), etc.:   1%|          | 1/120 [00:00<00:13,  8.86it/s]
Animation 34: ReplacementTransform(DashedVMobject), etc.:   2%|▏         | 2/120 [00:00<00:13,  8.71it/s]
Animation 34: ReplacementTransform(DashedVMobject), etc.:   2%|▎         | 3/120 [00:00<00:13,  8.92it/s]
Animation 34: ReplacementTransform(DashedVMobject), etc.:   3%|▎         | 4/120 [00:00<00:12,  8.93it/s]
Animation 34: ReplacementTransform(DashedVMobject), etc.:   4%|▍         | 5/120 [00:00<00:12,  8.99it/s]
Animation 34: ReplacementTransform(DashedVMobject), etc.:   5%|▌         | 6/120 [00:00<00:13,  8.77it/s]
Animation 34: ReplacementTransform(DashedVMobject), etc.:   6%|▌         | 7/120 [00:00<00:12,  8.72it/s]
Animation 34: ReplacementTransform(DashedVMobject), etc.:   7%|▋         | 8/120 [00:00<00:12,  8.65it/s]
Animation 34: ReplacementTransform(DashedVMobject), etc.:   8%|▊         | 9/120 [00:01<00:13,  8.52it/s]
Animation 34: ReplacementTransform(DashedVMobject), etc.:   8%|▊         | 10/120 [00:01<00:12,  8.50it/s]
Animation 34: ReplacementTransform(DashedVMobject), etc.:   9%|▉         | 11/120 [00:01<00:12,  8.59it/s]
Animation 34: ReplacementTransform(DashedVMobject), etc.:  10%|█         | 12/120 [00:01<00:12,  8.70it/s]
Animation 34: ReplacementTransform(DashedVMobject), etc.:  11%|█         | 13/120 [00:01<00:12,  8.70it/s]
Animation 34: ReplacementTransform(DashedVMobject), etc.:  12%|█▏        | 14/120 [00:01<00:12,  8.55it/s]
Animation 34: ReplacementTransform(DashedVMobject), etc.:  12%|█▎        | 15/120 [00:01<00:12,  8.39it/s]
Animation 34: ReplacementTransform(DashedVMobject), etc.:  13%|█▎        | 16/120 [00:01<00:12,  8.46it/s]
Animation 34: ReplacementTransform(DashedVMobject), etc.:  14%|█▍        | 17/120 [00:01<00:12,  8.48it/s]
Animation 34: ReplacementTransform(DashedVMobject), etc.:  15%|█▌        | 18/120 [00:02<00:11,  8.64it/s]
Animation 34: ReplacementTransform(DashedVMobject), etc.:  16%|█▌        | 19/120 [00:02<00:11,  8.85it/s]
Animation 34: ReplacementTransform(DashedVMobject), etc.:  17%|█▋        | 20/120 [00:02<00:11,  8.99it/s]
Animation 34: ReplacementTransform(DashedVMobject), etc.:  18%|█▊        | 21/120 [00:02<00:11,  8.79it/s]
Animation 34: ReplacementTransform(DashedVMobject), etc.:  18%|█▊        | 22/120 [00:02<00:11,  8.65it/s]
Animation 34: ReplacementTransform(DashedVMobject), etc.:  19%|█▉        | 23/120 [00:02<00:11,  8.55it/s]
Animation 34: ReplacementTransform(DashedVMobject), etc.:  20%|██        | 24/120 [00:02<00:11,  8.66it/s]
Animation 34: ReplacementTransform(DashedVMobject), etc.:  21%|██        | 25/120 [00:02<00:10,  8.78it/s]
Animation 34: ReplacementTransform(DashedVMobject), etc.:  22%|██▏       | 26/120 [00:02<00:10,  8.89it/s]
Animation 34: ReplacementTransform(DashedVMobject), etc.:  22%|██▎       | 27/120 [00:03<00:10,  8.69it/s]
Animation 34: ReplacementTransform(DashedVMobject), etc.:  23%|██▎       | 28/120 [00:03<00:10,  8.75it/s]
Animation 34: ReplacementTransform(DashedVMobject), etc.:  24%|██▍       | 29/120 [00:03<00:10,  8.80it/s]
Animation 34: ReplacementTransform(DashedVMobject), etc.:  25%|██▌       | 30/120 [00:03<00:10,  8.94it/s]
Animation 34: ReplacementTransform(DashedVMobject), etc.:  26%|██▌       | 31/120 [00:03<00:09,  8.96it/s]
Animation 34: ReplacementTransform(DashedVMobject), etc.:  27%|██▋       | 32/120 [00:03<00:09,  9.25it/s]
Animation 34: ReplacementTransform(DashedVMobject), etc.:  28%|██▊       | 33/120 [00:03<00:09,  9.06it/s]
Animation 34: ReplacementTransform(DashedVMobject), etc.:  28%|██▊       | 34/120 [00:03<00:09,  9.03it/s]
Animation 34: ReplacementTransform(DashedVMobject), etc.:  29%|██▉       | 35/120 [00:03<00:09,  8.89it/s]
Animation 34: ReplacementTransform(DashedVMobject), etc.:  30%|███       | 36/120 [00:04<00:09,  9.08it/s]
Animation 34: ReplacementTransform(DashedVMobject), etc.:  31%|███       | 37/120 [00:04<00:08,  9.32it/s]
Animation 34: ReplacementTransform(DashedVMobject), etc.:  32%|███▏      | 38/120 [00:04<00:08,  9.37it/s]
Animation 34: ReplacementTransform(DashedVMobject), etc.:  32%|███▎      | 39/120 [00:04<00:08,  9.55it/s]
Animation 34: ReplacementTransform(DashedVMobject), etc.:  34%|███▍      | 41/120 [00:04<00:08,  9.71it/s]
Animation 34: ReplacementTransform(DashedVMobject), etc.:  35%|███▌      | 42/120 [00:04<00:08,  9.62it/s]
Animation 34: ReplacementTransform(DashedVMobject), etc.:  36%|███▌      | 43/120 [00:04<00:08,  9.21it/s]
Animation 34: ReplacementTransform(DashedVMobject), etc.:  37%|███▋      | 44/120 [00:04<00:08,  9.11it/s]
Animation 34: ReplacementTransform(DashedVMobject), etc.:  38%|███▊      | 45/120 [00:05<00:08,  9.12it/s]
Animation 34: ReplacementTransform(DashedVMobject), etc.:  39%|███▉      | 47/120 [00:05<00:07,  9.30it/s]
Animation 34: ReplacementTransform(DashedVMobject), etc.:  40%|████      | 48/120 [00:05<00:07,  9.31it/s]
Animation 34: ReplacementTransform(DashedVMobject), etc.:  41%|████      | 49/120 [00:05<00:07,  9.09it/s]
Animation 34: ReplacementTransform(DashedVMobject), etc.:  42%|████▏     | 50/120 [00:05<00:07,  8.95it/s]
Animation 34: ReplacementTransform(DashedVMobject), etc.:  42%|████▎     | 51/120 [00:05<00:07,  9.07it/s]
Animation 34: ReplacementTransform(DashedVMobject), etc.:  43%|████▎     | 52/120 [00:05<00:07,  9.00it/s]
Animation 34: ReplacementTransform(DashedVMobject), etc.:  44%|████▍     | 53/120 [00:05<00:07,  8.82it/s]
Animation 34: ReplacementTransform(DashedVMobject), etc.:  45%|████▌     | 54/120 [00:06<00:07,  8.87it/s]
Animation 34: ReplacementTransform(DashedVMobject), etc.:  46%|████▌     | 55/120 [00:06<00:07,  8.85it/s]
Animation 34: ReplacementTransform(DashedVMobject), etc.:  47%|████▋     | 56/120 [00:06<00:07,  8.91it/s]
Animation 34: ReplacementTransform(DashedVMobject), etc.:  48%|████▊     | 57/120 [00:06<00:06,  9.10it/s]
Animation 34: ReplacementTransform(DashedVMobject), etc.:  48%|████▊     | 58/120 [00:06<00:06,  8.91it/s]
Animation 34: ReplacementTransform(DashedVMobject), etc.:  49%|████▉     | 59/120 [00:06<00:06,  8.93it/s]
Animation 34: ReplacementTransform(DashedVMobject), etc.:  50%|█████     | 60/120 [00:06<00:06,  9.05it/s]
Animation 34: ReplacementTransform(DashedVMobject), etc.:  51%|█████     | 61/120 [00:06<00:06,  9.02it/s]
Animation 34: ReplacementTransform(DashedVMobject), etc.:  52%|█████▏    | 62/120 [00:06<00:06,  9.09it/s]
Animation 34: ReplacementTransform(DashedVMobject), etc.:  52%|█████▎    | 63/120 [00:07<00:06,  9.04it/s]
Animation 34: ReplacementTransform(DashedVMobject), etc.:  53%|█████▎    | 64/120 [00:07<00:06,  9.20it/s]
Animation 34: ReplacementTransform(DashedVMobject), etc.:  54%|█████▍    | 65/120 [00:07<00:06,  9.09it/s]
Animation 34: ReplacementTransform(DashedVMobject), etc.:  55%|█████▌    | 66/120 [00:07<00:06,  8.93it/s]
Animation 34: ReplacementTransform(DashedVMobject), etc.:  56%|█████▌    | 67/120 [00:07<00:05,  8.95it/s]
Animation 34: ReplacementTransform(DashedVMobject), etc.:  57%|█████▋    | 68/120 [00:07<00:05,  8.91it/s]
Animation 34: ReplacementTransform(DashedVMobject), etc.:  57%|█████▊    | 69/120 [00:07<00:05,  8.90it/s]
Animation 34: ReplacementTransform(DashedVMobject), etc.:  58%|█████▊    | 70/120 [00:07<00:05,  8.75it/s]
Animation 34: ReplacementTransform(DashedVMobject), etc.:  59%|█████▉    | 71/120 [00:07<00:05,  8.58it/s]
Animation 34: ReplacementTransform(DashedVMobject), etc.:  60%|██████    | 72/120 [00:08<00:05,  8.56it/s]
Animation 34: ReplacementTransform(DashedVMobject), etc.:  61%|██████    | 73/120 [00:08<00:05,  8.54it/s]
Animation 34: ReplacementTransform(DashedVMobject), etc.:  62%|██████▏   | 74/120 [00:08<00:05,  8.46it/s]
Animation 34: ReplacementTransform(DashedVMobject), etc.:  62%|██████▎   | 75/120 [00:08<00:06,  6.88it/s]
Animation 34: ReplacementTransform(DashedVMobject), etc.:  63%|██████▎   | 76/120 [00:08<00:06,  7.21it/s]
Animation 34: ReplacementTransform(DashedVMobject), etc.:  64%|██████▍   | 77/120 [00:08<00:05,  7.60it/s]
Animation 34: ReplacementTransform(DashedVMobject), etc.:  65%|██████▌   | 78/120 [00:08<00:05,  7.84it/s]
Animation 34: ReplacementTransform(DashedVMobject), etc.:  66%|██████▌   | 79/120 [00:09<00:05,  7.97it/s]
Animation 34: ReplacementTransform(DashedVMobject), etc.:  67%|██████▋   | 80/120 [00:09<00:04,  8.13it/s]
Animation 34: ReplacementTransform(DashedVMobject), etc.:  68%|██████▊   | 81/120 [00:09<00:04,  8.20it/s]
Animation 34: ReplacementTransform(DashedVMobject), etc.:  68%|██████▊   | 82/120 [00:09<00:04,  8.35it/s]
Animation 34: ReplacementTransform(DashedVMobject), etc.:  69%|██████▉   | 83/120 [00:09<00:04,  8.26it/s]
Animation 34: ReplacementTransform(DashedVMobject), etc.:  70%|███████   | 84/120 [00:09<00:04,  8.39it/s]
Animation 34: ReplacementTransform(DashedVMobject), etc.:  71%|███████   | 85/120 [00:09<00:04,  8.34it/s]
Animation 34: ReplacementTransform(DashedVMobject), etc.:  72%|███████▏  | 86/120 [00:09<00:04,  8.37it/s]
Animation 34: ReplacementTransform(DashedVMobject), etc.:  72%|███████▎  | 87/120 [00:09<00:03,  8.55it/s]
Animation 34: ReplacementTransform(DashedVMobject), etc.:  73%|███████▎  | 88/120 [00:10<00:03,  8.37it/s]
Animation 34: ReplacementTransform(DashedVMobject), etc.:  74%|███████▍  | 89/120 [00:10<00:03,  8.17it/s]
Animation 34: ReplacementTransform(DashedVMobject), etc.:  75%|███████▌  | 90/120 [00:10<00:03,  8.05it/s]
Animation 34: ReplacementTransform(DashedVMobject), etc.:  76%|███████▌  | 91/120 [00:10<00:03,  7.84it/s]
Animation 34: ReplacementTransform(DashedVMobject), etc.:  77%|███████▋  | 92/120 [00:10<00:03,  7.80it/s]
Animation 34: ReplacementTransform(DashedVMobject), etc.:  78%|███████▊  | 93/120 [00:10<00:03,  7.78it/s]
Animation 34: ReplacementTransform(DashedVMobject), etc.:  78%|███████▊  | 94/120 [00:10<00:03,  7.84it/s]
Animation 34: ReplacementTransform(DashedVMobject), etc.:  79%|███████▉  | 95/120 [00:10<00:03,  7.77it/s]
Animation 34: ReplacementTransform(DashedVMobject), etc.:  80%|████████  | 96/120 [00:11<00:03,  7.68it/s]
Animation 34: ReplacementTransform(DashedVMobject), etc.:  81%|████████  | 97/120 [00:11<00:03,  7.63it/s]
Animation 34: ReplacementTransform(DashedVMobject), etc.:  82%|████████▏ | 98/120 [00:11<00:02,  7.71it/s]
Animation 34: ReplacementTransform(DashedVMobject), etc.:  82%|████████▎ | 99/120 [00:11<00:02,  7.82it/s]
Animation 34: ReplacementTransform(DashedVMobject), etc.:  83%|████████▎ | 100/120 [00:11<00:02,  8.01it/s]
Animation 34: ReplacementTransform(DashedVMobject), etc.:  84%|████████▍ | 101/120 [00:11<00:02,  8.00it/s]
Animation 34: ReplacementTransform(DashedVMobject), etc.:  85%|████████▌ | 102/120 [00:11<00:02,  7.87it/s]
Animation 34: ReplacementTransform(DashedVMobject), etc.:  86%|████████▌ | 103/120 [00:12<00:02,  7.91it/s]
Animation 34: ReplacementTransform(DashedVMobject), etc.:  87%|████████▋ | 104/120 [00:12<00:01,  8.17it/s]
Animation 34: ReplacementTransform(DashedVMobject), etc.:  88%|████████▊ | 105/120 [00:12<00:01,  8.31it/s]
Animation 34: ReplacementTransform(DashedVMobject), etc.:  88%|████████▊ | 106/120 [00:12<00:01,  8.45it/s]
Animation 34: ReplacementTransform(DashedVMobject), etc.:  89%|████████▉ | 107/120 [00:12<00:01,  8.53it/s]
Animation 34: ReplacementTransform(DashedVMobject), etc.:  90%|█████████ | 108/120 [00:12<00:01,  8.56it/s]
Animation 34: ReplacementTransform(DashedVMobject), etc.:  92%|█████████▏| 110/120 [00:12<00:01,  9.31it/s]
Animation 34: ReplacementTransform(DashedVMobject), etc.:  93%|█████████▎| 112/120 [00:12<00:00,  9.92it/s]
Animation 34: ReplacementTransform(DashedVMobject), etc.:  95%|█████████▌| 114/120 [00:13<00:00, 10.02it/s]
Animation 34: ReplacementTransform(DashedVMobject), etc.:  96%|█████████▌| 115/120 [00:13<00:00,  9.99it/s]
Animation 34: ReplacementTransform(DashedVMobject), etc.:  97%|█████████▋| 116/120 [00:13<00:00,  9.95it/s]
Animation 34: ReplacementTransform(DashedVMobject), etc.:  98%|█████████▊| 117/120 [00:13<00:00,  9.92it/s]
Animation 34: ReplacementTransform(DashedVMobject), etc.:  99%|█████████▉| 119/120 [00:13<00:00, 10.20it/s]
                                                                                                           

Animation 35: Write(Text('particles: two heaps')):   0%|          | 0/30 [00:00<?, ?it/s]
Animation 35: Write(Text('particles: two heaps')):  27%|██▋       | 8/30 [00:00<00:00, 73.07it/s]
Animation 35: Write(Text('particles: two heaps')):  53%|█████▎    | 16/30 [00:00<00:00, 65.10it/s]
Animation 35: Write(Text('particles: two heaps')):  77%|███████▋  | 23/30 [00:00<00:00, 58.76it/s]
Animation 35: Write(Text('particles: two heaps')):  97%|█████████▋| 29/30 [00:00<00:00, 55.93it/s]
                                                                                                  

Animation 37: FadeOut(ParametricFunction), etc.:   0%|          | 0/24 [00:00<?, ?it/s]
Animation 37: FadeOut(ParametricFunction), etc.:  17%|█▋        | 4/24 [00:00<00:00, 33.07it/s]
Animation 37: FadeOut(ParametricFunction), etc.:  33%|███▎      | 8/24 [00:00<00:00, 26.10it/s]
Animation 37: FadeOut(ParametricFunction), etc.:  50%|█████     | 12/24 [00:00<00:00, 29.06it/s]
Animation 37: FadeOut(ParametricFunction), etc.:  71%|███████   | 17/24 [00:00<00:00, 33.19it/s]
Animation 37: FadeOut(ParametricFunction), etc.:  88%|████████▊ | 21/24 [00:00<00:00, 34.05it/s]
                                                                                                

Animation 38: LaggedStart(Group), etc.:   0%|          | 0/120 [00:00<?, ?it/s]
Animation 38: LaggedStart(Group), etc.:   4%|▍         | 5/120 [00:00<00:02, 48.24it/s]
Animation 38: LaggedStart(Group), etc.:   8%|▊         | 10/120 [00:00<00:02, 44.67it/s]
Animation 38: LaggedStart(Group), etc.:  12%|█▎        | 15/120 [00:00<00:02, 43.87it/s]
Animation 38: LaggedStart(Group), etc.:  17%|█▋        | 20/120 [00:00<00:02, 44.32it/s]
Animation 38: LaggedStart(Group), etc.:  21%|██        | 25/120 [00:00<00:02, 43.31it/s]
Animation 38: LaggedStart(Group), etc.:  25%|██▌       | 30/120 [00:00<00:02, 41.67it/s]
Animation 38: LaggedStart(Group), etc.:  29%|██▉       | 35/120 [00:00<00:02, 40.51it/s]
Animation 38: LaggedStart(Group), etc.:  33%|███▎      | 40/120 [00:00<00:01, 42.19it/s]
Animation 38: LaggedStart(Group), etc.:  38%|███▊      | 45/120 [00:01<00:01, 42.00it/s]
Animation 38: LaggedStart(Group), etc.:  42%|████▏     | 50/120 [00:01<00:01, 42.29it/s]
Animation 38: LaggedStart(Group), etc.:  46%|████▌     | 55/120 [00:01<00:01, 42.42it/s]
Animation 38: LaggedStart(Group), etc.:  50%|█████     | 60/120 [00:01<00:01, 41.29it/s]
Animation 38: LaggedStart(Group), etc.:  54%|█████▍    | 65/120 [00:01<00:01, 41.87it/s]
Animation 38: LaggedStart(Group), etc.:  58%|█████▊    | 70/120 [00:01<00:01, 41.72it/s]
Animation 38: LaggedStart(Group), etc.:  62%|██████▎   | 75/120 [00:01<00:01, 39.16it/s]
Animation 38: LaggedStart(Group), etc.:  66%|██████▌   | 79/120 [00:01<00:01, 38.90it/s]
Animation 38: LaggedStart(Group), etc.:  69%|██████▉   | 83/120 [00:02<00:00, 39.10it/s]
Animation 38: LaggedStart(Group), etc.:  73%|███████▎  | 88/120 [00:02<00:00, 41.03it/s]
Animation 38: LaggedStart(Group), etc.:  78%|███████▊  | 93/120 [00:02<00:00, 41.52it/s]
Animation 38: LaggedStart(Group), etc.:  82%|████████▏ | 98/120 [00:02<00:00, 38.75it/s]
Animation 38: LaggedStart(Group), etc.:  86%|████████▌ | 103/120 [00:02<00:00, 39.58it/s]
Animation 38: LaggedStart(Group), etc.:  90%|█████████ | 108/120 [00:02<00:00, 40.76it/s]
Animation 38: LaggedStart(Group), etc.:  94%|█████████▍| 113/120 [00:02<00:00, 35.25it/s]
Animation 38: LaggedStart(Group), etc.:  98%|█████████▊| 118/120 [00:02<00:00, 37.88it/s]
                                                                                         

Animation 40: LaggedStart(Group), etc.:   0%|          | 0/94 [00:00<?, ?it/s]
Animation 40: LaggedStart(Group), etc.:   4%|▍         | 4/94 [00:00<00:02, 31.71it/s]
Animation 40: LaggedStart(Group), etc.:   9%|▊         | 8/94 [00:00<00:02, 30.96it/s]
Animation 40: LaggedStart(Group), etc.:  13%|█▎        | 12/94 [00:00<00:02, 31.59it/s]
Animation 40: LaggedStart(Group), etc.:  17%|█▋        | 16/94 [00:00<00:02, 31.12it/s]
Animation 40: LaggedStart(Group), etc.:  21%|██▏       | 20/94 [00:00<00:02, 27.37it/s]
Animation 40: LaggedStart(Group), etc.:  24%|██▍       | 23/94 [00:00<00:02, 26.64it/s]
Animation 40: LaggedStart(Group), etc.:  28%|██▊       | 26/94 [00:00<00:02, 27.07it/s]
Animation 40: LaggedStart(Group), etc.:  31%|███       | 29/94 [00:01<00:02, 27.43it/s]
Animation 40: LaggedStart(Group), etc.:  35%|███▌      | 33/94 [00:01<00:02, 29.54it/s]
Animation 40: LaggedStart(Group), etc.:  39%|███▉      | 37/94 [00:01<00:01, 30.65it/s]
Animation 40: LaggedStart(Group), etc.:  44%|████▎     | 41/94 [00:01<00:01, 31.59it/s]
Animation 40: LaggedStart(Group), etc.:  48%|████▊     | 45/94 [00:01<00:01, 30.31it/s]
Animation 40: LaggedStart(Group), etc.:  52%|█████▏    | 49/94 [00:01<00:01, 30.20it/s]
Animation 40: LaggedStart(Group), etc.:  56%|█████▋    | 53/94 [00:01<00:01, 31.39it/s]
Animation 40: LaggedStart(Group), etc.:  61%|██████    | 57/94 [00:01<00:01, 28.97it/s]
Animation 40: LaggedStart(Group), etc.:  64%|██████▍   | 60/94 [00:02<00:01, 27.29it/s]
Animation 40: LaggedStart(Group), etc.:  68%|██████▊   | 64/94 [00:02<00:01, 28.53it/s]
Animation 40: LaggedStart(Group), etc.:  71%|███████▏  | 67/94 [00:02<00:00, 27.49it/s]
Animation 40: LaggedStart(Group), etc.:  74%|███████▍  | 70/94 [00:02<00:00, 26.82it/s]
Animation 40: LaggedStart(Group), etc.:  79%|███████▊  | 74/94 [00:02<00:00, 28.89it/s]
Animation 40: LaggedStart(Group), etc.:  83%|████████▎ | 78/94 [00:02<00:00, 29.26it/s]
Animation 40: LaggedStart(Group), etc.:  86%|████████▌ | 81/94 [00:02<00:00, 29.00it/s]
Animation 40: LaggedStart(Group), etc.:  90%|█████████ | 85/94 [00:02<00:00, 29.69it/s]
Animation 40: LaggedStart(Group), etc.:  95%|█████████▍| 89/94 [00:03<00:00, 30.29it/s]
Animation 40: LaggedStart(Group), etc.:  99%|█████████▉| 93/94 [00:03<00:00, 30.81it/s]
                                                                                       

Animation 42: LaggedStart(Group), etc.:   0%|          | 0/120 [00:00<?, ?it/s]
Animation 42: LaggedStart(Group), etc.:   2%|▎         | 3/120 [00:00<00:04, 24.19it/s]
Animation 42: LaggedStart(Group), etc.:   5%|▌         | 6/120 [00:00<00:05, 22.49it/s]
Animation 42: LaggedStart(Group), etc.:   8%|▊         | 9/120 [00:00<00:04, 22.56it/s]
Animation 42: LaggedStart(Group), etc.:  10%|█         | 12/120 [00:00<00:04, 22.95it/s]
Animation 42: LaggedStart(Group), etc.:  12%|█▎        | 15/120 [00:00<00:05, 20.88it/s]
Animation 42: LaggedStart(Group), etc.:  15%|█▌        | 18/120 [00:00<00:04, 20.93it/s]
Animation 42: LaggedStart(Group), etc.:  18%|█▊        | 21/120 [00:01<00:05, 18.59it/s]
Animation 42: LaggedStart(Group), etc.:  20%|██        | 24/120 [00:01<00:05, 19.17it/s]
Animation 42: LaggedStart(Group), etc.:  22%|██▎       | 27/120 [00:01<00:04, 19.88it/s]
Animation 42: LaggedStart(Group), etc.:  25%|██▌       | 30/120 [00:01<00:04, 20.72it/s]
Animation 42: LaggedStart(Group), etc.:  28%|██▊       | 33/120 [00:01<00:04, 21.28it/s]
Animation 42: LaggedStart(Group), etc.:  30%|███       | 36/120 [00:01<00:03, 21.47it/s]
Animation 42: LaggedStart(Group), etc.:  32%|███▎      | 39/120 [00:01<00:03, 22.06it/s]
Animation 42: LaggedStart(Group), etc.:  35%|███▌      | 42/120 [00:01<00:03, 22.51it/s]
Animation 42: LaggedStart(Group), etc.:  38%|███▊      | 45/120 [00:02<00:03, 21.26it/s]
Animation 42: LaggedStart(Group), etc.:  40%|████      | 48/120 [00:02<00:03, 21.64it/s]
Animation 42: LaggedStart(Group), etc.:  42%|████▎     | 51/120 [00:02<00:03, 21.86it/s]
Animation 42: LaggedStart(Group), etc.:  45%|████▌     | 54/120 [00:02<00:03, 21.50it/s]
Animation 42: LaggedStart(Group), etc.:  48%|████▊     | 57/120 [00:02<00:02, 21.50it/s]
Animation 42: LaggedStart(Group), etc.:  50%|█████     | 60/120 [00:02<00:02, 21.20it/s]
Animation 42: LaggedStart(Group), etc.:  52%|█████▎    | 63/120 [00:02<00:02, 21.21it/s]
Animation 42: LaggedStart(Group), etc.:  55%|█████▌    | 66/120 [00:03<00:02, 20.98it/s]
Animation 42: LaggedStart(Group), etc.:  57%|█████▊    | 69/120 [00:03<00:02, 20.93it/s]
Animation 42: LaggedStart(Group), etc.:  60%|██████    | 72/120 [00:03<00:02, 20.96it/s]
Animation 42: LaggedStart(Group), etc.:  62%|██████▎   | 75/120 [00:03<00:02, 21.08it/s]
Animation 42: LaggedStart(Group), etc.:  65%|██████▌   | 78/120 [00:03<00:02, 20.65it/s]
Animation 42: LaggedStart(Group), etc.:  68%|██████▊   | 81/120 [00:03<00:01, 20.68it/s]
Animation 42: LaggedStart(Group), etc.:  70%|███████   | 84/120 [00:03<00:01, 20.95it/s]
Animation 42: LaggedStart(Group), etc.:  72%|███████▎  | 87/120 [00:04<00:01, 20.88it/s]
Animation 42: LaggedStart(Group), etc.:  75%|███████▌  | 90/120 [00:04<00:01, 21.34it/s]
Animation 42: LaggedStart(Group), etc.:  78%|███████▊  | 93/120 [00:04<00:01, 21.58it/s]
Animation 42: LaggedStart(Group), etc.:  80%|████████  | 96/120 [00:04<00:01, 21.93it/s]
Animation 42: LaggedStart(Group), etc.:  82%|████████▎ | 99/120 [00:04<00:00, 21.92it/s]
Animation 42: LaggedStart(Group), etc.:  85%|████████▌ | 102/120 [00:04<00:00, 22.03it/s]
Animation 42: LaggedStart(Group), etc.:  88%|████████▊ | 105/120 [00:04<00:00, 21.69it/s]
Animation 42: LaggedStart(Group), etc.:  90%|█████████ | 108/120 [00:05<00:00, 22.21it/s]
Animation 42: LaggedStart(Group), etc.:  92%|█████████▎| 111/120 [00:05<00:00, 21.69it/s]
Animation 42: LaggedStart(Group), etc.:  95%|█████████▌| 114/120 [00:05<00:00, 21.93it/s]
Animation 42: LaggedStart(Group), etc.:  98%|█████████▊| 117/120 [00:05<00:00, 21.77it/s]
Animation 42: LaggedStart(Group), etc.: 100%|██████████| 120/120 [00:05<00:00, 22.37it/s]
                                                                                         

Animation 44: Create(ParametricFunction):   0%|          | 0/138 [00:00<?, ?it/s]
Animation 44: Create(ParametricFunction):   7%|▋         | 9/138 [00:00<00:01, 89.98it/s]
Animation 44: Create(ParametricFunction):  13%|█▎        | 18/138 [00:00<00:01, 75.77it/s]
Animation 44: Create(ParametricFunction):  19%|█▉        | 26/138 [00:00<00:01, 76.98it/s]
Animation 44: Create(ParametricFunction):  25%|██▍       | 34/138 [00:00<00:01, 70.15it/s]
Animation 44: Create(ParametricFunction):  30%|███       | 42/138 [00:00<00:01, 71.54it/s]
Animation 44: Create(ParametricFunction):  38%|███▊      | 53/138 [00:00<00:01, 81.62it/s]
Animation 44: Create(ParametricFunction):  45%|████▍     | 62/138 [00:00<00:00, 79.37it/s]
Animation 44: Create(ParametricFunction):  51%|█████▏    | 71/138 [00:00<00:00, 74.51it/s]
Animation 44: Create(ParametricFunction):  57%|█████▋    | 79/138 [00:01<00:00, 68.59it/s]
Animation 44: Create(ParametricFunction):  62%|██████▏   | 86/138 [00:01<00:00, 60.98it/s]
Animation 44: Create(ParametricFunction):  67%|██████▋   | 93/138 [00:01<00:00, 51.90it/s]
Animation 44: Create(ParametricFunction):  72%|███████▏  | 99/138 [00:01<00:00, 49.19it/s]
Animation 44: Create(ParametricFunction):  76%|███████▌  | 105/138 [00:01<00:00, 46.75it/s]
Animation 44: Create(ParametricFunction):  80%|███████▉  | 110/138 [00:01<00:00, 46.29it/s]
Animation 44: Create(ParametricFunction):  83%|████████▎ | 115/138 [00:01<00:00, 45.82it/s]
Animation 44: Create(ParametricFunction):  87%|████████▋ | 120/138 [00:02<00:00, 44.59it/s]
Animation 44: Create(ParametricFunction):  91%|█████████ | 125/138 [00:02<00:00, 44.22it/s]
Animation 44: Create(ParametricFunction):  94%|█████████▍| 130/138 [00:02<00:00, 42.10it/s]
Animation 44: Create(ParametricFunction):  98%|█████████▊| 135/138 [00:02<00:00, 43.82it/s]
                                                                                           

Animation 46: FadeIn(Rectangle):   0%|          | 0/72 [00:00<?, ?it/s]
Animation 46: FadeIn(Rectangle):  15%|█▌        | 11/72 [00:00<00:00, 100.82it/s]
Animation 46: FadeIn(Rectangle):  31%|███       | 22/72 [00:00<00:00, 85.61it/s] 
Animation 46: FadeIn(Rectangle):  46%|████▌     | 33/72 [00:00<00:00, 91.63it/s]
Animation 46: FadeIn(Rectangle):  60%|█████▉    | 43/72 [00:00<00:00, 92.44it/s]
Animation 46: FadeIn(Rectangle):  79%|███████▉  | 57/72 [00:00<00:00, 104.49it/s]
Animation 46: FadeIn(Rectangle):  94%|█████████▍| 68/72 [00:00<00:00, 93.07it/s] 
                                                                                

Animation 48: FadeOut(Rectangle):   0%|          | 0/24 [00:00<?, ?it/s]
Animation 48: FadeOut(Rectangle):  38%|███▊      | 9/24 [00:00<00:00, 87.60it/s]
Animation 48: FadeOut(Rectangle):  75%|███████▌  | 18/24 [00:00<00:00, 82.07it/s]
                                                                                 

Animation 49: Write(Text('one at a time')):   0%|          | 0/84 [00:00<?, ?it/s]
Animation 49: Write(Text('one at a time')):  11%|█         | 9/84 [00:00<00:00, 77.45it/s]
Animation 49: Write(Text('one at a time')):  20%|██        | 17/84 [00:00<00:01, 66.82it/s]
Animation 49: Write(Text('one at a time')):  29%|██▊       | 24/84 [00:00<00:00, 66.72it/s]
Animation 49: Write(Text('one at a time')):  37%|███▋      | 31/84 [00:00<00:00, 66.17it/s]
Animation 49: Write(Text('one at a time')):  45%|████▌     | 38/84 [00:00<00:00, 63.24it/s]
Animation 49: Write(Text('one at a time')):  55%|█████▍    | 46/84 [00:00<00:00, 68.09it/s]
Animation 49: Write(Text('one at a time')):  63%|██████▎   | 53/84 [00:00<00:00, 64.48it/s]
Animation 49: Write(Text('one at a time')):  71%|███████▏  | 60/84 [00:00<00:00, 62.41it/s]
Animation 49: Write(Text('one at a time')):  80%|███████▉  | 67/84 [00:01<00:00, 58.30it/s]
Animation 49: Write(Text('one at a time')):  87%|████████▋ | 73/84 [00:01<00:00, 55.03it/s]
Animation 49: Write(Text('one at a time')):  94%|█████████▍| 79/84 [00:01<00:00, 56.17it/s]
                                                                                           

Animation 50: Indicate(RoundedRectangle):   0%|          | 0/36 [00:00<?, ?it/s]
Animation 50: Indicate(RoundedRectangle):   6%|▌         | 2/36 [00:00<00:02, 15.77it/s]
Animation 50: Indicate(RoundedRectangle):  11%|█         | 4/36 [00:00<00:02, 15.05it/s]
Animation 50: Indicate(RoundedRectangle):  17%|█▋        | 6/36 [00:00<00:02, 14.67it/s]
Animation 50: Indicate(RoundedRectangle):  22%|██▏       | 8/36 [00:00<00:01, 15.03it/s]
Animation 50: Indicate(RoundedRectangle):  28%|██▊       | 10/36 [00:00<00:01, 15.75it/s]
Animation 50: Indicate(RoundedRectangle):  33%|███▎      | 12/36 [00:00<00:01, 16.17it/s]
Animation 50: Indicate(RoundedRectangle):  39%|███▉      | 14/36 [00:00<00:01, 16.40it/s]
Animation 50: Indicate(RoundedRectangle):  44%|████▍     | 16/36 [00:00<00:01, 17.01it/s]
Animation 50: Indicate(RoundedRectangle):  50%|█████     | 18/36 [00:01<00:01, 17.60it/s]
Animation 50: Indicate(RoundedRectangle):  56%|█████▌    | 20/36 [00:01<00:00, 17.64it/s]
Animation 50: Indicate(RoundedRectangle):  61%|██████    | 22/36 [00:01<00:00, 17.89it/s]
Animation 50: Indicate(RoundedRectangle):  67%|██████▋   | 24/36 [00:01<00:00, 17.63it/s]
Animation 50: Indicate(RoundedRectangle):  72%|███████▏  | 26/36 [00:01<00:00, 17.59it/s]
Animation 50: Indicate(RoundedRectangle):  78%|███████▊  | 28/36 [00:01<00:00, 17.93it/s]
Animation 50: Indicate(RoundedRectangle):  83%|████████▎ | 30/36 [00:01<00:00, 18.05it/s]
Animation 50: Indicate(RoundedRectangle):  89%|████████▉ | 32/36 [00:01<00:00, 17.95it/s]
Animation 50: Indicate(RoundedRectangle):  94%|█████████▍| 34/36 [00:01<00:00, 17.84it/s]
                                                                                         

Animation 52: FadeIn(VGroup of 4 submobjects), etc.:   0%|          | 0/120 [00:00<?, ?it/s]
Animation 52: FadeIn(VGroup of 4 submobjects), etc.:   7%|▋         | 8/120 [00:00<00:01, 75.29it/s]
Animation 52: FadeIn(VGroup of 4 submobjects), etc.:  13%|█▎        | 16/120 [00:00<00:01, 64.23it/s]
Animation 52: FadeIn(VGroup of 4 submobjects), etc.:  19%|█▉        | 23/120 [00:00<00:01, 65.02it/s]
Animation 52: FadeIn(VGroup of 4 submobjects), etc.:  25%|██▌       | 30/120 [00:00<00:01, 65.83it/s]
Animation 52: FadeIn(VGroup of 4 submobjects), etc.:  31%|███       | 37/120 [00:00<00:01, 60.83it/s]
Animation 52: FadeIn(VGroup of 4 submobjects), etc.:  38%|███▊      | 45/120 [00:00<00:01, 65.25it/s]
Animation 52: FadeIn(VGroup of 4 submobjects), etc.:  43%|████▎     | 52/120 [00:00<00:01, 66.39it/s]
Animation 52: FadeIn(VGroup of 4 submobjects), etc.:  49%|████▉     | 59/120 [00:00<00:00, 62.29it/s]
Animation 52: FadeIn(VGroup of 4 submobjects), etc.:  55%|█████▌    | 66/120 [00:01<00:00, 62.43it/s]
Animation 52: FadeIn(VGroup of 4 submobjects), etc.:  61%|██████    | 73/120 [00:01<00:00, 60.48it/s]
Animation 52: FadeIn(VGroup of 4 submobjects), etc.:  67%|██████▋   | 80/120 [00:01<00:00, 60.67it/s]
Animation 52: FadeIn(VGroup of 4 submobjects), etc.:  72%|███████▎  | 87/120 [00:01<00:00, 60.89it/s]
Animation 52: FadeIn(VGroup of 4 submobjects), etc.:  78%|███████▊  | 94/120 [00:01<00:00, 62.27it/s]
Animation 52: FadeIn(VGroup of 4 submobjects), etc.:  84%|████████▍ | 101/120 [00:01<00:00, 61.63it/s]
Animation 52: FadeIn(VGroup of 4 submobjects), etc.:  90%|█████████ | 108/120 [00:01<00:00, 63.23it/s]
Animation 52: FadeIn(VGroup of 4 submobjects), etc.:  97%|█████████▋| 116/120 [00:01<00:00, 65.27it/s]
                                                                                                      

Animation 54: _MethodAnimation(VGroup of 4 submobjects), etc.:   0%|          | 0/30 [00:00<?, ?it/s]
Animation 54: _MethodAnimation(VGroup of 4 submobjects), etc.:  20%|██        | 6/30 [00:00<00:00, 49.14it/s]
Animation 54: _MethodAnimation(VGroup of 4 submobjects), etc.:  37%|███▋      | 11/30 [00:00<00:00, 49.59it/s]
Animation 54: _MethodAnimation(VGroup of 4 submobjects), etc.:  57%|█████▋    | 17/30 [00:00<00:00, 53.32it/s]
Animation 54: _MethodAnimation(VGroup of 4 submobjects), etc.:  77%|███████▋  | 23/30 [00:00<00:00, 51.81it/s]
Animation 54: _MethodAnimation(VGroup of 4 submobjects), etc.: 100%|██████████| 30/30 [00:00<00:00, 56.73it/s]
                                                                                                              

Animation 55: Write(VGroup of 1 submobjects):   0%|          | 0/72 [00:00<?, ?it/s]
Animation 55: Write(VGroup of 1 submobjects):   7%|▋         | 5/72 [00:00<00:01, 40.79it/s]
Animation 55: Write(VGroup of 1 submobjects):  15%|█▌        | 11/72 [00:00<00:01, 48.33it/s]
Animation 55: Write(VGroup of 1 submobjects):  22%|██▏       | 16/72 [00:00<00:01, 43.66it/s]
Animation 55: Write(VGroup of 1 submobjects):  31%|███       | 22/72 [00:00<00:01, 47.26it/s]
Animation 55: Write(VGroup of 1 submobjects):  38%|███▊      | 27/72 [00:00<00:01, 43.91it/s]
Animation 55: Write(VGroup of 1 submobjects):  44%|████▍     | 32/72 [00:00<00:00, 43.61it/s]
Animation 55: Write(VGroup of 1 submobjects):  51%|█████▏    | 37/72 [00:00<00:00, 43.60it/s]
Animation 55: Write(VGroup of 1 submobjects):  58%|█████▊    | 42/72 [00:00<00:00, 42.53it/s]
Animation 55: Write(VGroup of 1 submobjects):  65%|██████▌   | 47/72 [00:01<00:00, 35.31it/s]
Animation 55: Write(VGroup of 1 submobjects):  72%|███████▏  | 52/72 [00:01<00:00, 37.79it/s]
Animation 55: Write(VGroup of 1 submobjects):  78%|███████▊  | 56/72 [00:01<00:00, 35.51it/s]
Animation 55: Write(VGroup of 1 submobjects):  85%|████████▍ | 61/72 [00:01<00:00, 37.00it/s]
Animation 55: Write(VGroup of 1 submobjects):  90%|█████████ | 65/72 [00:01<00:00, 29.89it/s]
Animation 55: Write(VGroup of 1 submobjects):  97%|█████████▋| 70/72 [00:01<00:00, 33.17it/s]
                                                                                             

Animation 56: Write(VGroup of 1 submobjects):   0%|          | 0/72 [00:00<?, ?it/s]
Animation 56: Write(VGroup of 1 submobjects):  10%|▉         | 7/72 [00:00<00:01, 58.65it/s]
Animation 56: Write(VGroup of 1 submobjects):  18%|█▊        | 13/72 [00:00<00:01, 57.55it/s]
Animation 56: Write(VGroup of 1 submobjects):  26%|██▋       | 19/72 [00:00<00:01, 52.37it/s]
Animation 56: Write(VGroup of 1 submobjects):  35%|███▍      | 25/72 [00:00<00:00, 49.89it/s]
Animation 56: Write(VGroup of 1 submobjects):  43%|████▎     | 31/72 [00:00<00:00, 48.74it/s]
Animation 56: Write(VGroup of 1 submobjects):  50%|█████     | 36/72 [00:00<00:00, 48.19it/s]
Animation 56: Write(VGroup of 1 submobjects):  57%|█████▋    | 41/72 [00:00<00:00, 47.45it/s]
Animation 56: Write(VGroup of 1 submobjects):  64%|██████▍   | 46/72 [00:00<00:00, 45.69it/s]
Animation 56: Write(VGroup of 1 submobjects):  71%|███████   | 51/72 [00:01<00:00, 46.20it/s]
Animation 56: Write(VGroup of 1 submobjects):  78%|███████▊  | 56/72 [00:01<00:00, 39.41it/s]
Animation 56: Write(VGroup of 1 submobjects):  85%|████████▍ | 61/72 [00:01<00:00, 39.82it/s]
Animation 56: Write(VGroup of 1 submobjects):  92%|█████████▏| 66/72 [00:01<00:00, 39.76it/s]
Animation 56: Write(VGroup of 1 submobjects):  99%|█████████▊| 71/72 [00:01<00:00, 38.92it/s]
                                                                                             

Animation 58: Write(MathTex('|\\psi|^2')):   0%|          | 0/120 [00:00<?, ?it/s]
Animation 58: Write(MathTex('|\\psi|^2')):   7%|▋         | 8/120 [00:00<00:01, 70.71it/s]
Animation 58: Write(MathTex('|\\psi|^2')):  13%|█▎        | 16/120 [00:00<00:01, 74.01it/s]
Animation 58: Write(MathTex('|\\psi|^2')):  21%|██        | 25/120 [00:00<00:01, 80.71it/s]
Animation 58: Write(MathTex('|\\psi|^2')):  28%|██▊       | 34/120 [00:00<00:01, 78.02it/s]
Animation 58: Write(MathTex('|\\psi|^2')):  36%|███▌      | 43/120 [00:00<00:00, 81.78it/s]
Animation 58: Write(MathTex('|\\psi|^2')):  45%|████▌     | 54/120 [00:00<00:00, 87.96it/s]
Animation 58: Write(MathTex('|\\psi|^2')):  52%|█████▎    | 63/120 [00:00<00:00, 78.63it/s]
Animation 58: Write(MathTex('|\\psi|^2')):  60%|██████    | 72/120 [00:00<00:00, 70.32it/s]
Animation 58: Write(MathTex('|\\psi|^2')):  67%|██████▋   | 80/120 [00:01<00:00, 69.90it/s]
Animation 58: Write(MathTex('|\\psi|^2')):  73%|███████▎  | 88/120 [00:01<00:00, 67.86it/s]
Animation 58: Write(MathTex('|\\psi|^2')):  80%|████████  | 96/120 [00:01<00:00, 69.50it/s]
Animation 58: Write(MathTex('|\\psi|^2')):  87%|████████▋ | 104/120 [00:01<00:00, 68.43it/s]
Animation 58: Write(MathTex('|\\psi|^2')):  93%|█████████▎| 112/120 [00:01<00:00, 68.57it/s]
Animation 58: Write(MathTex('|\\psi|^2')):  99%|█████████▉| 119/120 [00:01<00:00, 68.92it/s]
                                                                                            

Animation 60: Write(MathTex('\\lambda = h/p')):   0%|          | 0/120 [00:00<?, ?it/s]
Animation 60: Write(MathTex('\\lambda = h/p')):   6%|▌         | 7/120 [00:00<00:01, 64.33it/s]
Animation 60: Write(MathTex('\\lambda = h/p')):  12%|█▏        | 14/120 [00:00<00:01, 59.35it/s]
Animation 60: Write(MathTex('\\lambda = h/p')):  18%|█▊        | 21/120 [00:00<00:01, 60.94it/s]
Animation 60: Write(MathTex('\\lambda = h/p')):  23%|██▎       | 28/120 [00:00<00:01, 63.78it/s]
Animation 60: Write(MathTex('\\lambda = h/p')):  30%|███       | 36/120 [00:00<00:01, 68.47it/s]
Animation 60: Write(MathTex('\\lambda = h/p')):  38%|███▊      | 45/120 [00:00<00:01, 74.86it/s]
Animation 60: Write(MathTex('\\lambda = h/p')):  44%|████▍     | 53/120 [00:00<00:00, 72.30it/s]
Animation 60: Write(MathTex('\\lambda = h/p')):  51%|█████     | 61/120 [00:00<00:00, 63.89it/s]
Animation 60: Write(MathTex('\\lambda = h/p')):  57%|█████▋    | 68/120 [00:01<00:00, 62.16it/s]
Animation 60: Write(MathTex('\\lambda = h/p')):  62%|██████▎   | 75/120 [00:01<00:00, 63.23it/s]
Animation 60: Write(MathTex('\\lambda = h/p')):  68%|██████▊   | 82/120 [00:01<00:00, 64.54it/s]
Animation 60: Write(MathTex('\\lambda = h/p')):  74%|███████▍  | 89/120 [00:01<00:00, 57.29it/s]
Animation 60: Write(MathTex('\\lambda = h/p')):  80%|████████  | 96/120 [00:01<00:00, 58.76it/s]
Animation 60: Write(MathTex('\\lambda = h/p')):  86%|████████▌ | 103/120 [00:01<00:00, 55.20it/s]
Animation 60: Write(MathTex('\\lambda = h/p')):  91%|█████████ | 109/120 [00:01<00:00, 54.50it/s]
Animation 60: Write(MathTex('\\lambda = h/p')):  98%|█████████▊| 117/120 [00:01<00:00, 58.21it/s]
                                                                                                 

Animation 62: _MethodAnimation(Dot), etc.:   0%|          | 0/72 [00:00<?, ?it/s]
Animation 62: _MethodAnimation(Dot), etc.:   4%|▍         | 3/72 [00:00<00:02, 24.18it/s]
Animation 62: _MethodAnimation(Dot), etc.:   8%|▊         | 6/72 [00:00<00:03, 20.62it/s]
Animation 62: _MethodAnimation(Dot), etc.:  12%|█▎        | 9/72 [00:00<00:03, 18.80it/s]
Animation 62: _MethodAnimation(Dot), etc.:  15%|█▌        | 11/72 [00:00<00:03, 17.94it/s]
Animation 62: _MethodAnimation(Dot), etc.:  18%|█▊        | 13/72 [00:00<00:03, 18.14it/s]
Animation 62: _MethodAnimation(Dot), etc.:  22%|██▏       | 16/72 [00:00<00:02, 19.88it/s]
Animation 62: _MethodAnimation(Dot), etc.:  26%|██▋       | 19/72 [00:00<00:02, 21.49it/s]
Animation 62: _MethodAnimation(Dot), etc.:  31%|███       | 22/72 [00:01<00:02, 22.83it/s]
Animation 62: _MethodAnimation(Dot), etc.:  35%|███▍      | 25/72 [00:01<00:02, 21.73it/s]
Animation 62: _MethodAnimation(Dot), etc.:  39%|███▉      | 28/72 [00:01<00:02, 21.32it/s]
Animation 62: _MethodAnimation(Dot), etc.:  43%|████▎     | 31/72 [00:01<00:01, 23.22it/s]
Animation 62: _MethodAnimation(Dot), etc.:  49%|████▊     | 35/72 [00:01<00:01, 25.65it/s]
Animation 62: _MethodAnimation(Dot), etc.:  54%|█████▍    | 39/72 [00:01<00:01, 27.32it/s]
Animation 62: _MethodAnimation(Dot), etc.:  60%|█████▉    | 43/72 [00:01<00:01, 28.12it/s]
Animation 62: _MethodAnimation(Dot), etc.:  64%|██████▍   | 46/72 [00:01<00:00, 28.16it/s]
Animation 62: _MethodAnimation(Dot), etc.:  68%|██████▊   | 49/72 [00:02<00:00, 26.54it/s]
Animation 62: _MethodAnimation(Dot), etc.:  72%|███████▏  | 52/72 [00:02<00:00, 25.63it/s]
Animation 62: _MethodAnimation(Dot), etc.:  76%|███████▋  | 55/72 [00:02<00:00, 26.50it/s]
Animation 62: _MethodAnimation(Dot), etc.:  81%|████████  | 58/72 [00:02<00:00, 24.86it/s]
Animation 62: _MethodAnimation(Dot), etc.:  85%|████████▍ | 61/72 [00:02<00:00, 22.47it/s]
Animation 62: _MethodAnimation(Dot), etc.:  89%|████████▉ | 64/72 [00:02<00:00, 20.25it/s]
Animation 62: _MethodAnimation(Dot), etc.:  93%|█████████▎| 67/72 [00:03<00:00, 15.21it/s]
Animation 62: _MethodAnimation(Dot), etc.:  96%|█████████▌| 69/72 [00:03<00:00, 14.97it/s]
Animation 62: _MethodAnimation(Dot), etc.:  99%|█████████▊| 71/72 [00:03<00:00, 15.45it/s]
                                                                                          

Animation 63: _MethodAnimation(Dot), etc.:   0%|          | 0/72 [00:00<?, ?it/s]
Animation 63: _MethodAnimation(Dot), etc.:   3%|▎         | 2/72 [00:00<00:04, 16.92it/s]
Animation 63: _MethodAnimation(Dot), etc.:   6%|▌         | 4/72 [00:00<00:04, 16.63it/s]
Animation 63: _MethodAnimation(Dot), etc.:   8%|▊         | 6/72 [00:00<00:04, 14.90it/s]
Animation 63: _MethodAnimation(Dot), etc.:  11%|█         | 8/72 [00:00<00:04, 15.31it/s]
Animation 63: _MethodAnimation(Dot), etc.:  15%|█▌        | 11/72 [00:00<00:03, 17.60it/s]
Animation 63: _MethodAnimation(Dot), etc.:  18%|█▊        | 13/72 [00:00<00:03, 17.49it/s]
Animation 63: _MethodAnimation(Dot), etc.:  21%|██        | 15/72 [00:00<00:03, 18.12it/s]
Animation 63: _MethodAnimation(Dot), etc.:  25%|██▌       | 18/72 [00:01<00:02, 19.58it/s]
Animation 63: _MethodAnimation(Dot), etc.:  28%|██▊       | 20/72 [00:01<00:02, 19.69it/s]
Animation 63: _MethodAnimation(Dot), etc.:  32%|███▏      | 23/72 [00:01<00:02, 21.31it/s]
Animation 63: _MethodAnimation(Dot), etc.:  36%|███▌      | 26/72 [00:01<00:02, 17.52it/s]
Animation 63: _MethodAnimation(Dot), etc.:  40%|████      | 29/72 [00:01<00:02, 19.77it/s]
Animation 63: _MethodAnimation(Dot), etc.:  44%|████▍     | 32/72 [00:01<00:01, 21.90it/s]
Animation 63: _MethodAnimation(Dot), etc.:  49%|████▊     | 35/72 [00:01<00:01, 23.15it/s]
Animation 63: _MethodAnimation(Dot), etc.:  53%|█████▎    | 38/72 [00:01<00:01, 20.94it/s]
Animation 63: _MethodAnimation(Dot), etc.:  57%|█████▋    | 41/72 [00:02<00:01, 20.67it/s]
Animation 63: _MethodAnimation(Dot), etc.:  61%|██████    | 44/72 [00:02<00:01, 19.53it/s]
Animation 63: _MethodAnimation(Dot), etc.:  65%|██████▌   | 47/72 [00:02<00:01, 19.33it/s]
Animation 63: _MethodAnimation(Dot), etc.:  69%|██████▉   | 50/72 [00:02<00:01, 19.91it/s]
Animation 63: _MethodAnimation(Dot), etc.:  74%|███████▎  | 53/72 [00:02<00:00, 20.17it/s]
Animation 63: _MethodAnimation(Dot), etc.:  78%|███████▊  | 56/72 [00:02<00:00, 20.38it/s]
Animation 63: _MethodAnimation(Dot), etc.:  82%|████████▏ | 59/72 [00:03<00:00, 20.17it/s]
Animation 63: _MethodAnimation(Dot), etc.:  86%|████████▌ | 62/72 [00:03<00:00, 21.03it/s]
Animation 63: _MethodAnimation(Dot), etc.:  90%|█████████ | 65/72 [00:03<00:00, 22.91it/s]
Animation 63: _MethodAnimation(Dot), etc.:  94%|█████████▍| 68/72 [00:03<00:00, 24.15it/s]
Animation 63: _MethodAnimation(Dot), etc.:  99%|█████████▊| 71/72 [00:03<00:00, 24.28it/s]
                                                                                          

Animation 64: Flash(VGroup of 8 submobjects):   0%|          | 0/30 [00:00<?, ?it/s]
Animation 64: Flash(VGroup of 8 submobjects):  20%|██        | 6/30 [00:00<00:00, 54.12it/s]
Animation 64: Flash(VGroup of 8 submobjects):  40%|████      | 12/30 [00:00<00:00, 50.30it/s]
Animation 64: Flash(VGroup of 8 submobjects):  60%|██████    | 18/30 [00:00<00:00, 52.67it/s]
Animation 64: Flash(VGroup of 8 submobjects):  80%|████████  | 24/30 [00:00<00:00, 55.19it/s]
                                                                                             

Animation 66: FadeIn(VGroup of 2 submobjects):   0%|          | 0/48 [00:00<?, ?it/s]
Animation 66: FadeIn(VGroup of 2 submobjects):  19%|█▉        | 9/48 [00:00<00:00, 84.49it/s]
Animation 66: FadeIn(VGroup of 2 submobjects):  38%|███▊      | 18/48 [00:00<00:00, 50.81it/s]
Animation 66: FadeIn(VGroup of 2 submobjects):  50%|█████     | 24/48 [00:00<00:00, 47.72it/s]
Animation 66: FadeIn(VGroup of 2 submobjects):  65%|██████▍   | 31/48 [00:00<00:00, 51.80it/s]
Animation 66: FadeIn(VGroup of 2 submobjects):  81%|████████▏ | 39/48 [00:00<00:00, 58.21it/s]
                                                                                              

Animation 67: ReplacementTransform(ParametricFunction), etc.:   0%|          | 0/96 [00:00<?, ?it/s]
Animation 67: ReplacementTransform(ParametricFunction), etc.:   2%|▏         | 2/96 [00:00<00:07, 13.04it/s]
Animation 67: ReplacementTransform(ParametricFunction), etc.:   4%|▍         | 4/96 [00:00<00:07, 12.12it/s]
Animation 67: ReplacementTransform(ParametricFunction), etc.:   6%|▋         | 6/96 [00:00<00:07, 11.75it/s]
Animation 67: ReplacementTransform(ParametricFunction), etc.:   8%|▊         | 8/96 [00:00<00:07, 12.18it/s]
Animation 67: ReplacementTransform(ParametricFunction), etc.:  10%|█         | 10/96 [00:00<00:07, 12.17it/s]
Animation 67: ReplacementTransform(ParametricFunction), etc.:  12%|█▎        | 12/96 [00:00<00:06, 12.43it/s]
Animation 67: ReplacementTransform(ParametricFunction), etc.:  15%|█▍        | 14/96 [00:01<00:06, 12.70it/s]
Animation 67: ReplacementTransform(ParametricFunction), etc.:  17%|█▋        | 16/96 [00:01<00:06, 12.91it/s]
Animation 67: ReplacementTransform(ParametricFunction), etc.:  19%|█▉        | 18/96 [00:01<00:06, 12.61it/s]
Animation 67: ReplacementTransform(ParametricFunction), etc.:  21%|██        | 20/96 [00:01<00:06, 12.64it/s]
Animation 67: ReplacementTransform(ParametricFunction), etc.:  23%|██▎       | 22/96 [00:01<00:06, 11.70it/s]
Animation 67: ReplacementTransform(ParametricFunction), etc.:  25%|██▌       | 24/96 [00:01<00:06, 11.58it/s]
Animation 67: ReplacementTransform(ParametricFunction), etc.:  27%|██▋       | 26/96 [00:02<00:06, 10.67it/s]
Animation 67: ReplacementTransform(ParametricFunction), etc.:  29%|██▉       | 28/96 [00:02<00:06, 10.48it/s]
Animation 67: ReplacementTransform(ParametricFunction), etc.:  31%|███▏      | 30/96 [00:02<00:06, 10.62it/s]
Animation 67: ReplacementTransform(ParametricFunction), etc.:  33%|███▎      | 32/96 [00:02<00:05, 10.77it/s]
Animation 67: ReplacementTransform(ParametricFunction), etc.:  35%|███▌      | 34/96 [00:02<00:05, 11.07it/s]
Animation 67: ReplacementTransform(ParametricFunction), etc.:  38%|███▊      | 36/96 [00:03<00:05, 10.69it/s]
Animation 67: ReplacementTransform(ParametricFunction), etc.:  40%|███▉      | 38/96 [00:03<00:05, 10.49it/s]
Animation 67: ReplacementTransform(ParametricFunction), etc.:  42%|████▏     | 40/96 [00:03<00:05, 10.98it/s]
Animation 67: ReplacementTransform(ParametricFunction), etc.:  44%|████▍     | 42/96 [00:03<00:04, 11.33it/s]
Animation 67: ReplacementTransform(ParametricFunction), etc.:  46%|████▌     | 44/96 [00:03<00:04, 11.19it/s]
Animation 67: ReplacementTransform(ParametricFunction), etc.:  48%|████▊     | 46/96 [00:04<00:04, 10.45it/s]
Animation 67: ReplacementTransform(ParametricFunction), etc.:  50%|█████     | 48/96 [00:04<00:05,  9.56it/s]
Animation 67: ReplacementTransform(ParametricFunction), etc.:  51%|█████     | 49/96 [00:04<00:05,  9.21it/s]
Animation 67: ReplacementTransform(ParametricFunction), etc.:  52%|█████▏    | 50/96 [00:04<00:05,  8.86it/s]
Animation 67: ReplacementTransform(ParametricFunction), etc.:  54%|█████▍    | 52/96 [00:04<00:05,  8.57it/s]
Animation 67: ReplacementTransform(ParametricFunction), etc.:  55%|█████▌    | 53/96 [00:05<00:05,  7.37it/s]
Animation 67: ReplacementTransform(ParametricFunction), etc.:  56%|█████▋    | 54/96 [00:05<00:05,  7.35it/s]
Animation 67: ReplacementTransform(ParametricFunction), etc.:  57%|█████▋    | 55/96 [00:05<00:05,  7.61it/s]
Animation 67: ReplacementTransform(ParametricFunction), etc.:  59%|█████▉    | 57/96 [00:05<00:04,  8.66it/s]
Animation 67: ReplacementTransform(ParametricFunction), etc.:  61%|██████▏   | 59/96 [00:05<00:03,  9.52it/s]
Animation 67: ReplacementTransform(ParametricFunction), etc.:  64%|██████▎   | 61/96 [00:05<00:03, 10.23it/s]
Animation 67: ReplacementTransform(ParametricFunction), etc.:  66%|██████▌   | 63/96 [00:05<00:03, 10.69it/s]
Animation 67: ReplacementTransform(ParametricFunction), etc.:  68%|██████▊   | 65/96 [00:06<00:02, 11.06it/s]
Animation 67: ReplacementTransform(ParametricFunction), etc.:  70%|██████▉   | 67/96 [00:06<00:02, 11.19it/s]
Animation 67: ReplacementTransform(ParametricFunction), etc.:  72%|███████▏  | 69/96 [00:06<00:02, 11.49it/s]
Animation 67: ReplacementTransform(ParametricFunction), etc.:  74%|███████▍  | 71/96 [00:06<00:02, 11.38it/s]
Animation 67: ReplacementTransform(ParametricFunction), etc.:  76%|███████▌  | 73/96 [00:06<00:01, 11.62it/s]
Animation 67: ReplacementTransform(ParametricFunction), etc.:  78%|███████▊  | 75/96 [00:07<00:01, 11.55it/s]
Animation 67: ReplacementTransform(ParametricFunction), etc.:  80%|████████  | 77/96 [00:07<00:01, 11.60it/s]
Animation 67: ReplacementTransform(ParametricFunction), etc.:  82%|████████▏ | 79/96 [00:07<00:01, 11.40it/s]
Animation 67: ReplacementTransform(ParametricFunction), etc.:  84%|████████▍ | 81/96 [00:07<00:01, 10.64it/s]
Animation 67: ReplacementTransform(ParametricFunction), etc.:  86%|████████▋ | 83/96 [00:07<00:01, 10.09it/s]
Animation 67: ReplacementTransform(ParametricFunction), etc.:  89%|████████▊ | 85/96 [00:08<00:01,  9.80it/s]
Animation 67: ReplacementTransform(ParametricFunction), etc.:  90%|████████▉ | 86/96 [00:08<00:01,  9.78it/s]
Animation 67: ReplacementTransform(ParametricFunction), etc.:  91%|█████████ | 87/96 [00:08<00:00,  9.52it/s]
Animation 67: ReplacementTransform(ParametricFunction), etc.:  92%|█████████▏| 88/96 [00:08<00:00,  9.54it/s]
Animation 67: ReplacementTransform(ParametricFunction), etc.:  94%|█████████▍| 90/96 [00:08<00:00, 10.20it/s]
Animation 67: ReplacementTransform(ParametricFunction), etc.:  96%|█████████▌| 92/96 [00:08<00:00,  9.42it/s]
Animation 67: ReplacementTransform(ParametricFunction), etc.:  98%|█████████▊| 94/96 [00:08<00:00,  9.90it/s]
Animation 67: ReplacementTransform(ParametricFunction), etc.:  99%|█████████▉| 95/96 [00:09<00:00,  9.03it/s]
                                                                                                             

Animation 69: FadeOut(VGroup of 3 submobjects):   0%|          | 0/18 [00:00<?, ?it/s]
Animation 69: FadeOut(VGroup of 3 submobjects):  11%|█         | 2/18 [00:00<00:00, 19.13it/s]
Animation 69: FadeOut(VGroup of 3 submobjects):  22%|██▏       | 4/18 [00:00<00:00, 18.89it/s]
Animation 69: FadeOut(VGroup of 3 submobjects):  33%|███▎      | 6/18 [00:00<00:00, 18.47it/s]
Animation 69: FadeOut(VGroup of 3 submobjects):  50%|█████     | 9/18 [00:00<00:00, 16.54it/s]
Animation 69: FadeOut(VGroup of 3 submobjects):  61%|██████    | 11/18 [00:00<00:00, 13.49it/s]
Animation 69: FadeOut(VGroup of 3 submobjects):  72%|███████▏  | 13/18 [00:00<00:00, 14.13it/s]
Animation 69: FadeOut(VGroup of 3 submobjects):  83%|████████▎ | 15/18 [00:00<00:00, 15.05it/s]
Animation 69: FadeOut(VGroup of 3 submobjects):  94%|█████████▍| 17/18 [00:01<00:00, 16.08it/s]
                                                                                               

Animation 70: Write(VGroup of 2 submobjects):   0%|          | 0/120 [00:00<?, ?it/s]
Animation 70: Write(VGroup of 2 submobjects):   4%|▍         | 5/120 [00:00<00:02, 44.72it/s]
Animation 70: Write(VGroup of 2 submobjects):   8%|▊         | 10/120 [00:00<00:02, 42.90it/s]
Animation 70: Write(VGroup of 2 submobjects):  12%|█▎        | 15/120 [00:00<00:02, 44.08it/s]
Animation 70: Write(VGroup of 2 submobjects):  17%|█▋        | 20/120 [00:00<00:02, 40.89it/s]
Animation 70: Write(VGroup of 2 submobjects):  21%|██        | 25/120 [00:00<00:02, 34.09it/s]
Animation 70: Write(VGroup of 2 submobjects):  24%|██▍       | 29/120 [00:00<00:02, 30.96it/s]
Animation 70: Write(VGroup of 2 submobjects):  28%|██▊       | 33/120 [00:00<00:03, 28.31it/s]
Animation 70: Write(VGroup of 2 submobjects):  30%|███       | 36/120 [00:01<00:03, 22.25it/s]
Animation 70: Write(VGroup of 2 submobjects):  32%|███▎      | 39/120 [00:01<00:03, 21.05it/s]
Animation 70: Write(VGroup of 2 submobjects):  35%|███▌      | 42/120 [00:01<00:03, 20.17it/s]
Animation 70: Write(VGroup of 2 submobjects):  38%|███▊      | 45/120 [00:01<00:03, 21.49it/s]
Animation 70: Write(VGroup of 2 submobjects):  40%|████      | 48/120 [00:01<00:03, 22.42it/s]
Animation 70: Write(VGroup of 2 submobjects):  42%|████▎     | 51/120 [00:01<00:02, 24.13it/s]
Animation 70: Write(VGroup of 2 submobjects):  45%|████▌     | 54/120 [00:01<00:02, 25.53it/s]
Animation 70: Write(VGroup of 2 submobjects):  48%|████▊     | 58/120 [00:02<00:02, 28.04it/s]
Animation 70: Write(VGroup of 2 submobjects):  52%|█████▏    | 62/120 [00:02<00:01, 29.77it/s]
Animation 70: Write(VGroup of 2 submobjects):  55%|█████▌    | 66/120 [00:02<00:01, 31.51it/s]
Animation 70: Write(VGroup of 2 submobjects):  58%|█████▊    | 70/120 [00:02<00:01, 31.33it/s]
Animation 70: Write(VGroup of 2 submobjects):  62%|██████▏   | 74/120 [00:02<00:01, 29.57it/s]
Animation 70: Write(VGroup of 2 submobjects):  65%|██████▌   | 78/120 [00:02<00:01, 29.49it/s]
Animation 70: Write(VGroup of 2 submobjects):  68%|██████▊   | 82/120 [00:02<00:01, 31.46it/s]
Animation 70: Write(VGroup of 2 submobjects):  72%|███████▏  | 86/120 [00:02<00:01, 30.86it/s]
Animation 70: Write(VGroup of 2 submobjects):  75%|███████▌  | 90/120 [00:03<00:00, 30.70it/s]
Animation 70: Write(VGroup of 2 submobjects):  78%|███████▊  | 94/120 [00:03<00:00, 30.76it/s]
Animation 70: Write(VGroup of 2 submobjects):  82%|████████▏ | 98/120 [00:03<00:00, 30.98it/s]
Animation 70: Write(VGroup of 2 submobjects):  85%|████████▌ | 102/120 [00:03<00:00, 32.44it/s]
Animation 70: Write(VGroup of 2 submobjects):  88%|████████▊ | 106/120 [00:03<00:00, 27.25it/s]
Animation 70: Write(VGroup of 2 submobjects):  91%|█████████ | 109/120 [00:04<00:00, 18.81it/s]
Animation 70: Write(VGroup of 2 submobjects):  94%|█████████▍| 113/120 [00:04<00:00, 22.56it/s]
Animation 70: Write(VGroup of 2 submobjects):  98%|█████████▊| 117/120 [00:04<00:00, 25.63it/s]
                                                                                               

Animation 72: FadeIn(Text('you, walking:')):   0%|          | 0/60 [00:00<?, ?it/s]
Animation 72: FadeIn(Text('you, walking:')):   7%|▋         | 4/60 [00:00<00:01, 39.73it/s]
Animation 72: FadeIn(Text('you, walking:')):  13%|█▎        | 8/60 [00:00<00:01, 35.27it/s]
Animation 72: FadeIn(Text('you, walking:')):  20%|██        | 12/60 [00:00<00:01, 34.67it/s]
Animation 72: FadeIn(Text('you, walking:')):  28%|██▊       | 17/60 [00:00<00:01, 36.83it/s]
Animation 72: FadeIn(Text('you, walking:')):  38%|███▊      | 23/60 [00:00<00:00, 41.84it/s]
Animation 72: FadeIn(Text('you, walking:')):  47%|████▋     | 28/60 [00:00<00:00, 44.05it/s]
Animation 72: FadeIn(Text('you, walking:')):  55%|█████▌    | 33/60 [00:00<00:00, 45.67it/s]
Animation 72: FadeIn(Text('you, walking:')):  65%|██████▌   | 39/60 [00:00<00:00, 47.86it/s]
Animation 72: FadeIn(Text('you, walking:')):  75%|███████▌  | 45/60 [00:01<00:00, 49.44it/s]
Animation 72: FadeIn(Text('you, walking:')):  83%|████████▎ | 50/60 [00:01<00:00, 43.61it/s]
Animation 72: FadeIn(Text('you, walking:')):  92%|█████████▏| 55/60 [00:01<00:00, 42.16it/s]
Animation 72: FadeIn(Text('you, walking:')): 100%|██████████| 60/60 [00:01<00:00, 40.55it/s]
                                                                                            

Animation 73: Write(MathTex('\\lambda \\approx 10^{-35}\\ \\mathrm{m}')):   0%|          | 0/84 [00:00<?, ?it/s]
Animation 73: Write(MathTex('\\lambda \\approx 10^{-35}\\ \\mathrm{m}')):  10%|▉         | 8/84 [00:00<00:01, 72.41it/s]
Animation 73: Write(MathTex('\\lambda \\approx 10^{-35}\\ \\mathrm{m}')):  19%|█▉        | 16/84 [00:00<00:01, 56.10it/s]
Animation 73: Write(MathTex('\\lambda \\approx 10^{-35}\\ \\mathrm{m}')):  26%|██▌       | 22/84 [00:00<00:01, 52.38it/s]
Animation 73: Write(MathTex('\\lambda \\approx 10^{-35}\\ \\mathrm{m}')):  33%|███▎      | 28/84 [00:00<00:01, 50.25it/s]
Animation 73: Write(MathTex('\\lambda \\approx 10^{-35}\\ \\mathrm{m}')):  40%|████      | 34/84 [00:00<00:01, 45.81it/s]
Animation 73: Write(MathTex('\\lambda \\approx 10^{-35}\\ \\mathrm{m}')):  48%|████▊     | 40/84 [00:00<00:00, 49.12it/s]
Animation 73: Write(MathTex('\\lambda \\approx 10^{-35}\\ \\mathrm{m}')):  57%|█████▋    | 48/84 [00:00<00:00, 55.65it/s]
Animation 73: Write(MathTex('\\lambda \\approx 10^{-35}\\ \\mathrm{m}')):  64%|██████▍   | 54/84 [00:01<00:00, 52.13it/s]
Animation 73: Write(MathTex('\\lambda \\approx 10^{-35}\\ \\mathrm{m}')):  71%|███████▏  | 60/84 [00:01<00:00, 49.94it/s]
Animation 73: Write(MathTex('\\lambda \\approx 10^{-35}\\ \\mathrm{m}')):  79%|███████▊  | 66/84 [00:01<00:00, 44.54it/s]
Animation 73: Write(MathTex('\\lambda \\approx 10^{-35}\\ \\mathrm{m}')):  85%|████████▍ | 71/84 [00:01<00:00, 43.74it/s]
Animation 73: Write(MathTex('\\lambda \\approx 10^{-35}\\ \\mathrm{m}')):  90%|█████████ | 76/84 [00:01<00:00, 43.32it/s]
Animation 73: Write(MathTex('\\lambda \\approx 10^{-35}\\ \\mathrm{m}')):  98%|█████████▊| 82/84 [00:01<00:00, 46.13it/s]
                                                                                                                         

Animation 75: FadeOut(Group):   0%|          | 0/24 [00:00<?, ?it/s]
Animation 75: FadeOut(Group):   8%|▊         | 2/24 [00:00<00:02, 10.57it/s]
Animation 75: FadeOut(Group):  17%|█▋        | 4/24 [00:00<00:01, 10.12it/s]
Animation 75: FadeOut(Group):  25%|██▌       | 6/24 [00:00<00:01, 10.48it/s]
Animation 75: FadeOut(Group):  33%|███▎      | 8/24 [00:00<00:01, 10.73it/s]
Animation 75: FadeOut(Group):  42%|████▏     | 10/24 [00:00<00:01, 10.63it/s]
Animation 75: FadeOut(Group):  50%|█████     | 12/24 [00:01<00:01, 10.35it/s]
Animation 75: FadeOut(Group):  58%|█████▊    | 14/24 [00:01<00:01,  9.84it/s]
Animation 75: FadeOut(Group):  62%|██████▎   | 15/24 [00:01<00:00,  9.82it/s]
Animation 75: FadeOut(Group):  71%|███████   | 17/24 [00:01<00:00,  9.94it/s]
Animation 75: FadeOut(Group):  75%|███████▌  | 18/24 [00:01<00:00,  9.74it/s]
Animation 75: FadeOut(Group):  79%|███████▉  | 19/24 [00:01<00:00,  9.66it/s]
Animation 75: FadeOut(Group):  83%|████████▎ | 20/24 [00:02<00:00,  9.46it/s]
Animation 75: FadeOut(Group):  88%|████████▊ | 21/24 [00:02<00:00,  9.56it/s]
Animation 75: FadeOut(Group):  92%|█████████▏| 22/24 [00:02<00:00,  5.22it/s]
Animation 75: FadeOut(Group):  96%|█████████▌| 23/24 [00:02<00:00,  6.01it/s]
                                                                             

Animation 77: Write(MathTex('|\\psi|^2')):   0%|          | 0/1 [00:00<?, ?it/s]
                                                                                

Animation 78: Write(MathTex('\\lambda = h/p')):   0%|          | 0/1 [00:00<?, ?it/s]
                                                                                     

Animation 79: LaggedStart(Group):   0%|          | 0/1 [00:00<?, ?it/s]
                                                                       

Animation 81: FadeOut(VGroup of 2 submobjects):   0%|          | 0/1 [00:00<?, ?it/s]
                                                                                     

Animation 82: _MethodAnimation(VGroup of 2 submobjects):   0%|          | 0/30 [00:00<?, ?it/s]
Animation 82: _MethodAnimation(VGroup of 2 submobjects):  20%|██        | 6/30 [00:00<00:00, 59.37it/s]
Animation 82: _MethodAnimation(VGroup of 2 submobjects):  40%|████      | 12/30 [00:00<00:00, 51.70it/s]
Animation 82: _MethodAnimation(VGroup of 2 submobjects):  60%|██████    | 18/30 [00:00<00:00, 48.34it/s]
Animation 82: _MethodAnimation(VGroup of 2 submobjects):  77%|███████▋  | 23/30 [00:00<00:00, 47.76it/s]
Animation 82: _MethodAnimation(VGroup of 2 submobjects): 100%|██████████| 30/30 [00:00<00:00, 52.35it/s]
                                                                                                        

Animation 83: Write(VGroup of 3 submobjects):   0%|          | 0/120 [00:00<?, ?it/s]
Animation 83: Write(VGroup of 3 submobjects):   2%|▎         | 3/120 [00:00<00:05, 19.68it/s]
Animation 83: Write(VGroup of 3 submobjects):   5%|▌         | 6/120 [00:00<00:05, 21.78it/s]
Animation 83: Write(VGroup of 3 submobjects):   8%|▊         | 9/120 [00:00<00:04, 22.27it/s]
Animation 83: Write(VGroup of 3 submobjects):  10%|█         | 12/120 [00:00<00:05, 20.66it/s]
Animation 83: Write(VGroup of 3 submobjects):  12%|█▎        | 15/120 [00:00<00:04, 23.07it/s]
Animation 83: Write(VGroup of 3 submobjects):  15%|█▌        | 18/120 [00:00<00:04, 23.59it/s]
Animation 83: Write(VGroup of 3 submobjects):  18%|█▊        | 21/120 [00:00<00:03, 25.02it/s]
Animation 83: Write(VGroup of 3 submobjects):  20%|██        | 24/120 [00:01<00:03, 26.12it/s]
Animation 83: Write(VGroup of 3 submobjects):  22%|██▎       | 27/120 [00:01<00:03, 26.64it/s]
Animation 83: Write(VGroup of 3 submobjects):  25%|██▌       | 30/120 [00:01<00:03, 26.52it/s]
Animation 83: Write(VGroup of 3 submobjects):  28%|██▊       | 33/120 [00:01<00:03, 26.24it/s]
Animation 83: Write(VGroup of 3 submobjects):  30%|███       | 36/120 [00:01<00:03, 25.06it/s]
Animation 83: Write(VGroup of 3 submobjects):  32%|███▎      | 39/120 [00:01<00:03, 25.23it/s]
Animation 83: Write(VGroup of 3 submobjects):  35%|███▌      | 42/120 [00:01<00:03, 24.87it/s]
Animation 83: Write(VGroup of 3 submobjects):  38%|███▊      | 45/120 [00:01<00:03, 21.16it/s]
Animation 83: Write(VGroup of 3 submobjects):  40%|████      | 48/120 [00:02<00:03, 19.99it/s]
Animation 83: Write(VGroup of 3 submobjects):  42%|████▎     | 51/120 [00:02<00:03, 20.91it/s]
Animation 83: Write(VGroup of 3 submobjects):  45%|████▌     | 54/120 [00:02<00:02, 23.00it/s]
Animation 83: Write(VGroup of 3 submobjects):  48%|████▊     | 57/120 [00:02<00:02, 23.44it/s]
Animation 83: Write(VGroup of 3 submobjects):  50%|█████     | 60/120 [00:02<00:02, 23.81it/s]
Animation 83: Write(VGroup of 3 submobjects):  52%|█████▎    | 63/120 [00:02<00:02, 20.52it/s]
Animation 83: Write(VGroup of 3 submobjects):  55%|█████▌    | 66/120 [00:02<00:02, 19.29it/s]
Animation 83: Write(VGroup of 3 submobjects):  57%|█████▊    | 69/120 [00:03<00:02, 19.81it/s]
Animation 83: Write(VGroup of 3 submobjects):  60%|██████    | 72/120 [00:03<00:02, 21.33it/s]
Animation 83: Write(VGroup of 3 submobjects):  62%|██████▎   | 75/120 [00:03<00:02, 22.32it/s]
Animation 83: Write(VGroup of 3 submobjects):  65%|██████▌   | 78/120 [00:03<00:01, 22.53it/s]
Animation 83: Write(VGroup of 3 submobjects):  68%|██████▊   | 81/120 [00:03<00:01, 21.98it/s]
Animation 83: Write(VGroup of 3 submobjects):  70%|███████   | 84/120 [00:03<00:01, 21.12it/s]
Animation 83: Write(VGroup of 3 submobjects):  72%|███████▎  | 87/120 [00:03<00:01, 20.39it/s]
Animation 83: Write(VGroup of 3 submobjects):  75%|███████▌  | 90/120 [00:04<00:01, 19.55it/s]
Animation 83: Write(VGroup of 3 submobjects):  77%|███████▋  | 92/120 [00:04<00:01, 18.41it/s]
Animation 83: Write(VGroup of 3 submobjects):  79%|███████▉  | 95/120 [00:04<00:01, 19.95it/s]
Animation 83: Write(VGroup of 3 submobjects):  82%|████████▏ | 98/120 [00:04<00:01, 20.95it/s]
Animation 83: Write(VGroup of 3 submobjects):  84%|████████▍ | 101/120 [00:04<00:00, 20.32it/s]
Animation 83: Write(VGroup of 3 submobjects):  87%|████████▋ | 104/120 [00:04<00:00, 20.84it/s]
Animation 83: Write(VGroup of 3 submobjects):  89%|████████▉ | 107/120 [00:04<00:00, 22.11it/s]
Animation 83: Write(VGroup of 3 submobjects):  92%|█████████▏| 110/120 [00:05<00:00, 19.83it/s]
Animation 83: Write(VGroup of 3 submobjects):  94%|█████████▍| 113/120 [00:05<00:00, 18.00it/s]
Animation 83: Write(VGroup of 3 submobjects):  96%|█████████▌| 115/120 [00:05<00:00, 16.23it/s]
Animation 83: Write(VGroup of 3 submobjects):  98%|█████████▊| 118/120 [00:05<00:00, 17.27it/s]
Animation 83: Write(VGroup of 3 submobjects): 100%|██████████| 120/120 [00:05<00:00, 16.41it/s]
                                                                                               

Animation 85: FadeIn(VGroup of 1 submobjects):   0%|          | 0/30 [00:00<?, ?it/s]
Animation 85: FadeIn(VGroup of 1 submobjects):  13%|█▎        | 4/30 [00:00<00:00, 36.55it/s]
Animation 85: FadeIn(VGroup of 1 submobjects):  27%|██▋       | 8/30 [00:00<00:00, 30.53it/s]
Animation 85: FadeIn(VGroup of 1 submobjects):  40%|████      | 12/30 [00:00<00:00, 27.44it/s]
Animation 85: FadeIn(VGroup of 1 submobjects):  50%|█████     | 15/30 [00:00<00:00, 25.61it/s]
Animation 85: FadeIn(VGroup of 1 submobjects):  60%|██████    | 18/30 [00:00<00:00, 24.49it/s]
Animation 85: FadeIn(VGroup of 1 submobjects):  70%|███████   | 21/30 [00:00<00:00, 24.33it/s]
Animation 85: FadeIn(VGroup of 1 submobjects):  80%|████████  | 24/30 [00:00<00:00, 24.25it/s]
Animation 85: FadeIn(VGroup of 1 submobjects):  90%|█████████ | 27/30 [00:01<00:00, 25.54it/s]
Animation 85: FadeIn(VGroup of 1 submobjects): 100%|██████████| 30/30 [00:01<00:00, 24.47it/s]
                                                                                              


===== STEP: LONG: assemble 16:9 → double-slit-one-electron-bb.mp4
$ /Users/nik/ai/bin/python3 /Users/nik/Documents/Cowork/quantum-mechanics-vol1/youtube/scripts/assemble.py /Users/nik/Documents/Cowork/quantum-mechanics-vol1/youtube/double-slit-one-electron-bb --mode manim
cwd: /Users/nik/Documents/Cowork/unreal-reels
exit: 0
[ffmpeg] ffmpeg -y -f concat -safe 0 -i /Users/nik/Documents/Cowork/quantum-mechanics-vol1/youtube/double-slit-one-electron-bb/mp3/_concat.txt -c:a aac -b:a 192k /Users/nik/Documents/Cowork/quantum-mechanics-vol1/youtube/double-slit-one-electron-bb/mp4/_voiceover.m4a
[ffmpeg] ffmpeg -y -i /Users/nik/Documents/Cowork/quantum-mechanics-vol1/youtube/double-slit-one-electron-bb/media/videos/double_slit_one_electron_bb/1080p60/BearsDoodlesVideo.mp4 -i /Users/nik/Documents/Cowork/quantum-mechanics-vol1/youtube/double-slit-one-electron-bb/mp4/_voiceover.m4a -filter_complex [0:v]tpad=stop_mode=clone:stop_duration=1.0[v] -map [v] -map 1:a:0 -c:v libx264 -pix_fmt yuv420p -crf 18 -preset medium -c:a aac -b:a 192k /Users/nik/Documents/Cowork/quantum-mechanics-vol1/youtube/double-slit-one-electron-bb/mp4/double-slit-one-electron-bb.mp4
[ok] final → /Users/nik/Documents/Cowork/quantum-mechanics-vol1/youtube/double-slit-one-electron-bb/mp4/double-slit-one-electron-bb.mp4
ffmpeg version 7.0 Copyright (c) 2000-2024 the FFmpeg developers
  built with Apple clang version 15.0.0 (clang-1500.1.0.2.5)
  configuration: --prefix=/usr/local/Cellar/ffmpeg/7.0 --enable-shared --enable-pthreads --enable-version3 --cc=clang --host-cflags= --host-ldflags='-Wl,-ld_classic' --enable-ffplay --enable-gnutls --enable-gpl --enable-libaom --enable-libaribb24 --enable-libbluray --enable-libdav1d --enable-libharfbuzz --enable-libjxl --enable-libmp3lame --enable-libopus --enable-librav1e --enable-librist --enable-librubberband --enable-libsnappy --enable-libsrt --enable-libssh --enable-libsvtav1 --enable-libtesseract --enable-libtheora --enable-libvidstab --enable-libvmaf --enable-libvorbis --enable-libvpx --enable-libwebp --enable-libx264 --enable-libx265 --enable-libxml2 --enable-libxvid --enable-lzma --enable-libfontconfig --enable-libfreetype --enable-frei0r --enable-libass --enable-libopencore-amrnb --enable-libopencore-amrwb --enable-libopenjpeg --enable-libopenvino --enable-libspeex --enable-libsoxr --enable-libzmq --enable-libzimg --disable-libjack --disable-indev=jack --enable-videotoolbox --enable-audiotoolbox
  libavutil      59.  8.100 / 59.  8.100
  libavcodec     61.  3.100 / 61.  3.100
  libavformat    61.  1.100 / 61.  1.100
  libavdevice    61.  1.100 / 61.  1.100
  libavfilter    10.  1.100 / 10.  1.100
  libswscale      8.  1.100 /  8.  1.100
  libswresample   5.  1.100 /  5.  1.100
  libpostproc    58.  1.100 / 58.  1.100
Input #0, concat, from '/Users/nik/Documents/Cowork/quantum-mechanics-vol1/youtube/double-slit-one-electron-bb/mp3/_concat.txt':
  Duration: N/A, start: -0.025057, bitrate: 128 kb/s
  Stream #0:0: Audio: mp3 (mp3float), 44100 Hz, mono, fltp, 128 kb/s
Stream mapping:
  Stream #0:0 -> #0:0 (mp3 (mp3float) -> aac (native))
Press [q] to stop, [?] for help
Output #0, ipod, to '/Users/nik/Documents/Cowork/quantum-mechanics-vol1/youtube/double-slit-one-electron-bb/mp4/_voiceover.m4a':
  Metadata:
    encoder         : Lavf61.1.100
  Stream #0:0: Audio: aac (LC) (mp4a / 0x6134706D), 44100 Hz, mono, fltp, 192 kb/s
      Metadata:
        encoder         : Lavc61.3.100 aac
size=     256KiB time=00:00:15.65 bitrate= 134.0kbits/s speed=31.1x    
size=     768KiB time=00:00:35.63 bitrate= 176.6kbits/s speed=35.3x    
size=    1280KiB time=00:00:56.40 bitrate= 185.9kbits/s speed=37.3x    
size=    1792KiB time=00:01:18.45 bitrate= 187.1kbits/s speed=38.9x    
size=    2304KiB time=00:01:39.35 bitrate= 190.0kbits/s speed=39.4x    
size=    2816KiB time=00:02:00.37 bitrate= 191.6kbits/s speed=39.8x    
[out#0/ipod @ 0x7ff6a1a08900] video:0KiB audio:3196KiB subtitle:0KiB other streams:0KiB global headers:0KiB muxing overhead: 0.734732%
size=    3220KiB time=00:02:13.19 bitrate= 198.0kbits/s speed=  40x    
[aac @ 0x7ff6a1a14a80] Qavg: 53401.188
ffmpeg version 7.0 Copyright (c) 2000-2024 the FFmpeg developers
  built with Apple clang version 15.0.0 (clang-1500.1.0.2.5)
  configuration: --prefix=/usr/local/Cellar/ffmpeg/7.0 --enable-shared --enable-pthreads --enable-version3 --cc=clang --host-cflags= --host-ldflags='-Wl,-ld_classic' --enable-ffplay --enable-gnutls --enable-gpl --enable-libaom --enable-libaribb24 --enable-libbluray --enable-libdav1d --enable-libharfbuzz --enable-libjxl --enable-libmp3lame --enable-libopus --enable-librav1e --enable-librist --enable-librubberband --enable-libsnappy --enable-libsrt --enable-libssh --enable-libsvtav1 --enable-libtesseract --enable-libtheora --enable-libvidstab --enable-libvmaf --enable-libvorbis --enable-libvpx --enable-libwebp --enable-libx264 --enable-libx265 --enable-libxml2 --enable-libxvid --enable-lzma --enable-libfontconfig --enable-libfreetype --enable-frei0r --enable-libass --enable-libopencore-amrnb --enable-libopencore-amrwb --enable-libopenjpeg --enable-libopenvino --enable-libspeex --enable-libsoxr --enable-libzmq --enable-libzimg --disable-libjack --disable-indev=jack --enable-videotoolbox --enable-audiotoolbox
  libavutil      59.  8.100 / 59.  8.100
  libavcodec     61.  3.100 / 61.  3.100
  libavformat    61.  1.100 / 61.  1.100
  libavdevice    61.  1.100 / 61.  1.100
  libavfilter    10.  1.100 / 10.  1.100
  libswscale      8.  1.100 /  8.  1.100
  libswresample   5.  1.100 /  5.  1.100
  libpostproc    58.  1.100 / 58.  1.100
Input #0, mov,mp4,m4a,3gp,3g2,mj2, from '/Users/nik/Documents/Cowork/quantum-mechanics-vol1/youtube/double-slit-one-electron-bb/media/videos/double_slit_one_electron_bb/1080p60/BearsDoodlesVideo.mp4':
  Metadata:
    major_brand     : isom
    minor_version   : 512
    compatible_brands: isomiso2avc1mp41
    encoder         : Lavf62.12.101
    comment         : Rendered with Manim Community v0.20.1
  Duration: 00:02:11.17, start: 0.000000, bitrate: 305 kb/s
  Stream #0:0[0x1](und): Video: h264 (High) (avc1 / 0x31637661), yuv420p(progressive), 1920x1080, 299 kb/s, 60 fps, 60 tbr, 15360 tbn (default)
      Metadata:
        handler_name    : VideoHandler
        vendor_id       : [0][0][0][0]
Input #1, mov,mp4,m4a,3gp,3g2,mj2, from '/Users/nik/Documents/Cowork/quantum-mechanics-vol1/youtube/double-slit-one-electron-bb/mp4/_voiceover.m4a':
  Metadata:
    major_brand     : M4A 
    minor_version   : 512
    compatible_brands: M4A isomiso2
    encoder         : Lavf61.1.100
  Duration: 00:02:13.20, start: 0.000998, bitrate: 198 kb/s
  Stream #1:0[0x1](und): Audio: aac (LC) (mp4a / 0x6134706D), 44100 Hz, mono, fltp, 196 kb/s (default)
      Metadata:
        handler_name    : SoundHandler
        vendor_id       : [0][0][0][0]
Stream mapping:
  Stream #0:0 (h264) -> tpad:default (graph 0)
  tpad:default (graph 0) -> Stream #0:0 (libx264)
  Stream #1:0 -> #0:1 (aac (native) -> aac (native))
Press [q] to stop, [?] for help
[libx264 @ 0x7fd85c305080] using cpu capabilities: MMX2 SSE2Fast SSSE3 SSE4.2 AVX FMA3 BMI2 AVX2
[libx264 @ 0x7fd85c305080] profile High, level 4.2, 4:2:0, 8-bit
[libx264 @ 0x7fd85c305080] 264 - core 164 r3108 31e19f9 - H.264/MPEG-4 AVC codec - Copyleft 2003-2023 - http://www.videolan.org/x264.html - options: cabac=1 ref=3 deblock=1:0:0 analyse=0x3:0x113 me=hex subme=7 psy=1 psy_rd=1.00:0.00 mixed_ref=1 me_range=16 chroma_me=1 trellis=1 8x8dct=1 cqm=0 deadzone=21,11 fast_pskip=1 chroma_qp_offset=-2 threads=24 lookahead_threads=4 sliced_threads=0 nr=0 decimate=1 interlaced=0 bluray_compat=0 constrained_intra=0 bframes=3 b_pyramid=2 b_adapt=1 b_bias=0 direct=1 weightb=1 open_gop=0 weightp=2 keyint=250 keyint_min=25 scenecut=40 intra_refresh=0 rc_lookahead=40 rc=crf mbtree=1 crf=18.0 qcomp=0.60 qpmin=0 qpmax=69 qpstep=4 ip_ratio=1.40 aq=1:1.00
Output #0, mp4, to '/Users/nik/Documents/Cowork/quantum-mechanics-vol1/youtube/double-slit-one-electron-bb/mp4/double-slit-one-electron-bb.mp4':
  Metadata:
    major_brand     : isom
    minor_version   : 512
    compatible_brands: isomiso2avc1mp41
    comment         : Rendered with Manim Community v0.20.1
    encoder         : Lavf61.1.100
  Stream #0:0: Video: h264 (avc1 / 0x31637661), yuv420p(progressive), 1920x1080, q=2-31, 60 fps, 15360 tbn
      Metadata:
        encoder         : Lavc61.3.100 libx264
      Side data:
        cpb: bitrate max/min/avg: 0/0/0 buffer size: 0 vbv_delay: N/A
  Stream #0:1(und): Audio: aac (LC) (mp4a / 0x6134706D), 44100 Hz, mono, fltp, 192 kb/s (default)
      Metadata:
        handler_name    : SoundHandler
        vendor_id       : [0][0][0][0]
        encoder         : Lavc61.3.100 aac
frame=   30 fps=0.0 q=26.0 size=       0KiB time=00:00:00.46 bitrate=   0.8kbits/s speed=0.925x    
frame=  181 fps=179 q=26.0 size=       0KiB time=00:00:02.98 bitrate=   0.1kbits/s speed=2.96x    
frame=  329 fps=217 q=26.0 size=     256KiB time=00:00:05.45 bitrate= 384.9kbits/s speed= 3.6x    
frame=  501 fps=248 q=26.0 size=     256KiB time=00:00:08.31 bitrate= 252.2kbits/s speed=4.12x    
frame=  676 fps=268 q=26.0 size=     256KiB time=00:00:11.23 bitrate= 186.7kbits/s speed=4.46x    
frame=  856 fps=283 q=26.0 size=     512KiB time=00:00:14.23 bitrate= 294.7kbits/s speed=4.71x    
frame= 1029 fps=292 q=26.0 size=     512KiB time=00:00:17.11 bitrate= 245.1kbits/s speed=4.86x    
frame= 1204 fps=299 q=26.0 size=     768KiB time=00:00:20.03 bitrate= 314.1kbits/s speed=4.97x    
frame= 1365 fps=301 q=26.0 size=     768KiB time=00:00:22.71 bitrate= 277.0kbits/s speed=5.01x    
frame= 1558 fps=310 q=26.0 size=     768KiB time=00:00:25.93 bitrate= 242.6kbits/s speed=5.15x    
frame= 1748 fps=316 q=26.0 size=    1024KiB time=00:00:29.10 bitrate= 288.3kbits/s speed=5.26x    
frame= 1923 fps=318 q=26.0 size=    1024KiB time=00:00:32.01 bitrate= 262.0kbits/s speed= 5.3x    
frame= 2062 fps=315 q=26.0 size=    1280KiB time=00:00:34.33 bitrate= 305.4kbits/s speed=5.25x    
frame= 2203 fps=313 q=26.0 size=    1280KiB time=00:00:36.68 bitrate= 285.9kbits/s speed= 5.2x    
frame= 2282 fps=302 q=26.0 size=    1536KiB time=00:00:37.98 bitrate= 331.2kbits/s speed=5.03x    
frame= 2394 fps=297 q=26.0 size=    1792KiB time=00:00:39.86 bitrate= 368.2kbits/s speed=4.95x    
frame= 2518 fps=294 q=26.0 size=    1792KiB time=00:00:41.93 bitrate= 350.1kbits/s speed= 4.9x    
frame= 2651 fps=292 q=26.0 size=    1792KiB time=00:00:44.15 bitrate= 332.5kbits/s speed=4.87x    
frame= 2795 fps=292 q=26.0 size=    2048KiB time=00:00:46.55 bitrate= 360.4kbits/s speed=4.86x    
frame= 2944 fps=292 q=26.0 size=    2048KiB time=00:00:49.03 bitrate= 342.2kbits/s speed=4.87x    
frame= 3073 fps=291 q=26.0 size=    2048KiB time=00:00:51.18 bitrate= 327.8kbits/s speed=4.84x    
frame= 3237 fps=292 q=26.0 size=    2304KiB time=00:00:53.91 bitrate= 350.1kbits/s speed=4.87x    
frame= 3375 fps=291 q=26.0 size=    2304KiB time=00:00:56.21 bitrate= 335.8kbits/s speed=4.85x    
frame= 3547 fps=293 q=26.0 size=    2560KiB time=00:00:59.08 bitrate= 355.0kbits/s speed=4.89x    
frame= 3717 fps=295 q=26.0 size=    2560KiB time=00:01:01.91 bitrate= 338.7kbits/s speed=4.92x    
frame= 3820 fps=292 q=26.0 size=    2560KiB time=00:01:03.63 bitrate= 329.6kbits/s speed=4.86x    
frame= 3924 fps=289 q=26.0 size=    2560KiB time=00:01:05.36 bitrate= 320.8kbits/s speed=4.81x    
frame= 4035 fps=286 q=26.0 size=    2816KiB time=00:01:07.21 bitrate= 343.2kbits/s speed=4.77x    
frame= 4159 fps=285 q=26.0 size=    2816KiB time=00:01:09.28 bitrate= 333.0kbits/s speed=4.75x    
frame= 4235 fps=281 q=26.0 size=    2816KiB time=00:01:10.55 bitrate= 327.0kbits/s speed=4.67x    
frame= 4340 fps=278 q=26.0 size=    3072KiB time=00:01:12.30 bitrate= 348.1kbits/s speed=4.64x    
frame= 4450 fps=276 q=26.0 size=    3072KiB time=00:01:14.13 bitrate= 339.5kbits/s speed= 4.6x    
frame= 4540 fps=273 q=26.0 size=    3328KiB time=00:01:15.63 bitrate= 360.5kbits/s speed=4.56x    
frame= 4652 fps=272 q=26.0 size=    3328KiB time=00:01:17.50 bitrate= 351.8kbits/s speed=4.53x    
frame= 4773 fps=271 q=26.0 size=    3328KiB time=00:01:19.51 bitrate= 342.9kbits/s speed=4.52x    
frame= 4903 fps=271 q=26.0 size=    3328KiB time=00:01:21.68 bitrate= 333.8kbits/s speed=4.51x    
frame= 5031 fps=270 q=26.0 size=    3584KiB time=00:01:23.81 bitrate= 350.3kbits/s speed= 4.5x    
frame= 5161 fps=270 q=26.0 size=    3584KiB time=00:01:25.98 bitrate= 341.5kbits/s speed= 4.5x    
frame= 5283 fps=269 q=26.0 size=    3840KiB time=00:01:28.01 bitrate= 357.4kbits/s speed=4.49x    
frame= 5401 fps=268 q=26.0 size=    3840KiB time=00:01:29.98 bitrate= 349.6kbits/s speed=4.47x    
frame= 5528 fps=268 q=26.0 size=    4096KiB time=00:01:32.10 bitrate= 364.3kbits/s speed=4.46x    
frame= 5656 fps=268 q=26.0 size=    4096KiB time=00:01:34.23 bitrate= 356.1kbits/s speed=4.46x    
frame= 5772 fps=267 q=26.0 size=    4352KiB time=00:01:36.16 bitrate= 370.7kbits/s speed=4.44x    
frame= 5904 fps=267 q=26.0 size=    4352KiB time=00:01:38.36 bitrate= 362.4kbits/s speed=4.44x    
frame= 6031 fps=266 q=26.0 size=    4352KiB time=00:01:40.48 bitrate= 354.8kbits/s speed=4.44x    
frame= 6167 fps=266 q=26.0 size=    4608KiB time=00:01:42.75 bitrate= 367.4kbits/s speed=4.44x    
frame= 6300 fps=266 q=26.0 size=    4608KiB time=00:01:44.96 bitrate= 359.6kbits/s speed=4.44x    
frame= 6428 fps=266 q=26.0 size=    4608KiB time=00:01:47.10 bitrate= 352.5kbits/s speed=4.43x    
frame= 6514 fps=264 q=26.0 size=    4864KiB time=00:01:48.53 bitrate= 367.1kbits/s speed= 4.4x    
frame= 6633 fps=264 q=26.0 size=    4864KiB time=00:01:50.51 bitrate= 360.5kbits/s speed=4.39x    
frame= 6724 fps=262 q=26.0 size=    4864KiB time=00:01:52.03 bitrate= 355.7kbits/s speed=4.36x    
frame= 6842 fps=261 q=26.0 size=    4864KiB time=00:01:54.00 bitrate= 349.5kbits/s speed=4.36x    
frame= 6960 fps=261 q=26.0 size=    5120KiB time=00:01:55.96 bitrate= 361.7kbits/s speed=4.35x    
frame= 7094 fps=261 q=26.0 size=    5120KiB time=00:01:58.20 bitrate= 354.9kbits/s speed=4.35x    
frame= 7216 fps=261 q=26.0 size=    5376KiB time=00:02:00.23 bitrate= 366.3kbits/s speed=4.34x    
frame= 7370 fps=261 q=26.0 size=    5376KiB time=00:02:02.80 bitrate= 358.6kbits/s speed=4.36x    
frame= 7502 fps=261 q=26.0 size=    5632KiB time=00:02:05.00 bitrate= 369.1kbits/s speed=4.36x    
frame= 7688 fps=263 q=26.0 size=    5632KiB time=00:02:08.10 bitrate= 360.2kbits/s speed=4.39x    
frame= 7888 fps=266 q=26.0 size=    5888KiB time=N/A bitrate=N/A speed=N/A    
[out#0/mp4 @ 0x7fd85c304080] video:2793KiB audio:3165KiB subtitle:0KiB other streams:0KiB global headers:0KiB muxing overhead: 3.575641%
frame= 7930 fps=267 q=-1.0 Lsize=    6170KiB time=00:02:12.13 bitrate= 382.6kbits/s speed=4.44x    
[libx264 @ 0x7fd85c305080] frame I:32    Avg QP: 5.81  size: 21367
[libx264 @ 0x7fd85c305080] frame P:2071  Avg QP:13.06  size:   687
[libx264 @ 0x7fd85c305080] frame B:5827  Avg QP:13.72  size:   129
[libx264 @ 0x7fd85c305080] consecutive B-frames:  0.9%  2.6%  2.0% 94.5%
[libx264 @ 0x7fd85c305080] mb I  I16..4: 82.7% 12.8%  4.5%
[libx264 @ 0x7fd85c305080] mb P  I16..4:  0.1%  0.1%  0.0%  P16..4:  0.4%  0.1%  0.1%  0.0%  0.0%    skip:99.3%
[libx264 @ 0x7fd85c305080] mb B  I16..4:  0.0%  0.0%  0.0%  B16..8:  0.4%  0.0%  0.0%  direct: 0.0%  skip:99.6%  L0:52.9% L1:44.4% BI: 2.6%
[libx264 @ 0x7fd85c305080] 8x8 transform intra:16.5% inter:35.1%
[libx264 @ 0x7fd85c305080] coded y,uvDC,uvAC intra: 5.3% 7.2% 5.4% inter: 0.1% 0.1% 0.0%
[libx264 @ 0x7fd85c305080] i16 v,h,dc,p: 96%  2%  2%  0%
[libx264 @ 0x7fd85c305080] i8 v,h,dc,ddl,ddr,vr,hd,vl,hu: 53%  4% 38%  1%  1%  1%  1%  1%  1%
[libx264 @ 0x7fd85c305080] i4 v,h,dc,ddl,ddr,vr,hd,vl,hu: 35% 15% 24%  4%  5%  5%  4%  4%  4%
[libx264 @ 0x7fd85c305080] i8c dc,h,v,p: 90%  5%  5%  0%
[libx264 @ 0x7fd85c305080] Weighted P-Frames: Y:1.7% UV:1.0%
[libx264 @ 0x7fd85c305080] ref P L0: 79.0%  8.1%  9.5%  3.1%  0.3%
[libx264 @ 0x7fd85c305080] ref B L0: 65.4% 32.6%  2.0%
[libx264 @ 0x7fd85c305080] ref B L1: 96.3%  3.7%
[libx264 @ 0x7fd85c305080] kb/s:173.05
[aac @ 0x7fd85c3063c0] Qavg: 54944.793


===== STEP: LONG: render 9:16
$ manim -r 1080,1920 --fps 60 --disable_caching --flush_cache double_slit_one_electron_bb.py BearsDoodlesVideo
cwd: /Users/nik/Documents/Cowork/quantum-mechanics-vol1/youtube/double-slit-one-electron-bb
exit: 0
Manim Community v0.20.1

[bn_layout] mode=PORTRAIT pixels=1080x1920 frame=4.50x8.00
[07/03/26 17:08:11] INFO     Caching disabled.              cairo_renderer.py:83
[07/03/26 17:08:13] INFO     Animation 0 : Partial      scene_file_writer.py:601
                             movie file written in                              
                             '/Users/nik/Documents/Cowo                         
                             rk/quantum-mechanics-vol1/                         
                             youtube/double-slit-one-el                         
                             ectron-bb/media/videos/dou                         
                             ble_slit_one_electron_bb/1                         
                             920p60/partial_movie_files                         
                             /BearsDoodlesVideo/uncache                         
                             d_00000.mp4'                                       
                    INFO     Caching disabled.              cairo_renderer.py:83
[07/03/26 17:08:16] INFO     Animation 1 : Partial      scene_file_writer.py:601
                             movie file written in                              
                             '/Users/nik/Documents/Cowo                         
                             rk/quantum-mechanics-vol1/                         
                             youtube/double-slit-one-el                         
                             ectron-bb/media/videos/dou                         
                             ble_slit_one_electron_bb/1                         
                             920p60/partial_movie_files                         
                             /BearsDoodlesVideo/uncache                         
                             d_00001.mp4'                                       
                    INFO     Caching disabled.              cairo_renderer.py:83
                    INFO     Animation 2 : Partial      scene_file_writer.py:601
                             movie file written in                              
                             '/Users/nik/Documents/Cowo                         
                             rk/quantum-mechanics-vol1/                         
                             youtube/double-slit-one-el                         
                             ectron-bb/media/videos/dou                         
                             ble_slit_one_electron_bb/1                         
                             920p60/partial_movie_files                         
                             /BearsDoodlesVideo/uncache                         
                             d_00002.mp4'                                       
                    INFO     Caching disabled.              cairo_renderer.py:83
[07/03/26 17:08:17] INFO     Animation 3 : Partial      scene_file_writer.py:601
                             movie file written in                              
                             '/Users/nik/Documents/Cowo                         
                             rk/quantum-mechanics-vol1/                         
                             youtube/double-slit-one-el                         
                             ectron-bb/media/videos/dou                         
                             ble_slit_one_electron_bb/1                         
                             920p60/partial_movie_files                         
                             /BearsDoodlesVideo/uncache                         
                             d_00003.mp4'                                       
                    INFO     Caching disabled.              cairo_renderer.py:83
[07/03/26 17:08:19] INFO     Animation 4 : Partial      scene_file_writer.py:601
                             movie file written in                              
                             '/Users/nik/Documents/Cowo                         
                             rk/quantum-mechanics-vol1/                         
                             youtube/double-slit-one-el                         
                             ectron-bb/media/videos/dou                         
                             ble_slit_one_electron_bb/1                         
                             920p60/partial_movie_files                         
                             /BearsDoodlesVideo/uncache                         
                             d_00004.mp4'                                       
                    INFO     Caching disabled.              cairo_renderer.py:83
                    INFO     Animation 5 : Partial      scene_file_writer.py:601
                             movie file written in                              
                             '/Users/nik/Documents/Cowo                         
                             rk/quantum-mechanics-vol1/                         
                             youtube/double-slit-one-el                         
                             ectron-bb/media/videos/dou                         
                             ble_slit_one_electron_bb/1                         
                             920p60/partial_movie_files                         
                             /BearsDoodlesVideo/uncache                         
                             d_00005.mp4'                                       
                    INFO     Caching disabled.              cairo_renderer.py:83
                    INFO     Animation 6 : Partial      scene_file_writer.py:601
                             movie file written in                              
                             '/Users/nik/Documents/Cowo                         
                             rk/quantum-mechanics-vol1/                         
                             youtube/double-slit-one-el                         
                             ectron-bb/media/videos/dou                         
                             ble_slit_one_electron_bb/1                         
                             920p60/partial_movie_files                         
                             /BearsDoodlesVideo/uncache                         
                             d_00006.mp4'                                       
                    INFO     Caching disabled.              cairo_renderer.py:83
[07/03/26 17:08:21] INFO     Animation 7 : Partial      scene_file_writer.py:601
                             movie file written in                              
                             '/Users/nik/Documents/Cowo                         
                             rk/quantum-mechanics-vol1/                         
                             youtube/double-slit-one-el                         
                             ectron-bb/media/videos/dou                         
                             ble_slit_one_electron_bb/1                         
                             920p60/partial_movie_files                         
                             /BearsDoodlesVideo/uncache                         
                             d_00007.mp4'                                       
                    INFO     Caching disabled.              cairo_renderer.py:83
[07/03/26 17:08:22] INFO     Animation 8 : Partial      scene_file_writer.py:601
                             movie file written in                              
                             '/Users/nik/Documents/Cowo                         
                             rk/quantum-mechanics-vol1/                         
                             youtube/double-slit-one-el                         
                             ectron-bb/media/videos/dou                         
                             ble_slit_one_electron_bb/1                         
                             920p60/partial_movie_files                         
                             /BearsDoodlesVideo/uncache                         
                             d_00008.mp4'                                       
                    INFO     Caching disabled.              cairo_renderer.py:83
[07/03/26 17:08:23] INFO     Animation 9 : Partial      scene_file_writer.py:601
                             movie file written in                              
                             '/Users/nik/Documents/Cowo                         
                             rk/quantum-mechanics-vol1/                         
                             youtube/double-slit-one-el                         
                             ectron-bb/media/videos/dou                         
                             ble_slit_one_electron_bb/1                         
                             920p60/partial_movie_files                         
                             /BearsDoodlesVideo/uncache                         
                             d_00009.mp4'                                       
                    INFO     Caching disabled.              cairo_renderer.py:83
[07/03/26 17:08:24] INFO     Animation 10 : Partial     scene_file_writer.py:601
                             movie file written in                              
                             '/Users/nik/Documents/Cowo                         
                             rk/quantum-mechanics-vol1/                         
                             youtube/double-slit-one-el                         
                             ectron-bb/media/videos/dou                         
                             ble_slit_one_electron_bb/1                         
                             920p60/partial_movie_files                         
                             /BearsDoodlesVideo/uncache                         
                             d_00010.mp4'                                       
                    INFO     Caching disabled.              cairo_renderer.py:83
[07/03/26 17:08:25] INFO     Animation 11 : Partial     scene_file_writer.py:601
                             movie file written in                              
                             '/Users/nik/Documents/Cowo                         
                             rk/quantum-mechanics-vol1/                         
                             youtube/double-slit-one-el                         
                             ectron-bb/media/videos/dou                         
                             ble_slit_one_electron_bb/1                         
                             920p60/partial_movie_files                         
                             /BearsDoodlesVideo/uncache                         
                             d_00011.mp4'                                       
                    INFO     Caching disabled.              cairo_renderer.py:83
[07/03/26 17:08:26] INFO     Animation 12 : Partial     scene_file_writer.py:601
                             movie file written in                              
                             '/Users/nik/Documents/Cowo                         
                             rk/quantum-mechanics-vol1/                         
                             youtube/double-slit-one-el                         
                             ectron-bb/media/videos/dou                         
                             ble_slit_one_electron_bb/1                         
                             920p60/partial_movie_files                         
                             /BearsDoodlesVideo/uncache                         
                             d_00012.mp4'                                       
                    INFO     Caching disabled.              cairo_renderer.py:83
                    INFO     Animation 13 : Partial     scene_file_writer.py:601
                             movie file written in                              
                             '/Users/nik/Documents/Cowo                         
                             rk/quantum-mechanics-vol1/                         
                             youtube/double-slit-one-el                         
                             ectron-bb/media/videos/dou                         
                             ble_slit_one_electron_bb/1                         
                             920p60/partial_movie_files                         
                             /BearsDoodlesVideo/uncache                         
                             d_00013.mp4'                                       
                    INFO     Caching disabled.              cairo_renderer.py:83
[07/03/26 17:08:28] INFO     Animation 14 : Partial     scene_file_writer.py:601
                             movie file written in                              
                             '/Users/nik/Documents/Cowo                         
                             rk/quantum-mechanics-vol1/                         
                             youtube/double-slit-one-el                         
                             ectron-bb/media/videos/dou                         
                             ble_slit_one_electron_bb/1                         
                             920p60/partial_movie_files                         
                             /BearsDoodlesVideo/uncache                         
                             d_00014.mp4'                                       
                    INFO     Caching disabled.              cairo_renderer.py:83
[07/03/26 17:08:29] INFO     Animation 15 : Partial     scene_file_writer.py:601
                             movie file written in                              
                             '/Users/nik/Documents/Cowo                         
                             rk/quantum-mechanics-vol1/                         
                             youtube/double-slit-one-el                         
                             ectron-bb/media/videos/dou                         
                             ble_slit_one_electron_bb/1                         
                             920p60/partial_movie_files                         
                             /BearsDoodlesVideo/uncache                         
                             d_00015.mp4'                                       
                    INFO     Caching disabled.              cairo_renderer.py:83
[07/03/26 17:08:31] INFO     Animation 16 : Partial     scene_file_writer.py:601
                             movie file written in                              
                             '/Users/nik/Documents/Cowo                         
                             rk/quantum-mechanics-vol1/                         
                             youtube/double-slit-one-el                         
                             ectron-bb/media/videos/dou                         
                             ble_slit_one_electron_bb/1                         
                             920p60/partial_movie_files                         
                             /BearsDoodlesVideo/uncache                         
                             d_00016.mp4'                                       
                    INFO     Caching disabled.              cairo_renderer.py:83
[07/03/26 17:08:34] INFO     Animation 17 : Partial     scene_file_writer.py:601
                             movie file written in                              
                             '/Users/nik/Documents/Cowo                         
                             rk/quantum-mechanics-vol1/                         
                             youtube/double-slit-one-el                         
                             ectron-bb/media/videos/dou                         
                             ble_slit_one_electron_bb/1                         
                             920p60/partial_movie_files                         
                             /BearsDoodlesVideo/uncache                         
                             d_00017.mp4'                                       
                    INFO     Caching disabled.              cairo_renderer.py:83
[07/03/26 17:08:35] INFO     Animation 18 : Partial     scene_file_writer.py:601
                             movie file written in                              
                             '/Users/nik/Documents/Cowo                         
                             rk/quantum-mechanics-vol1/                         
                             youtube/double-slit-one-el                         
                             ectron-bb/media/videos/dou                         
                             ble_slit_one_electron_bb/1                         
                             920p60/partial_movie_files                         
                             /BearsDoodlesVideo/uncache                         
                             d_00018.mp4'                                       
                    INFO     Caching disabled.              cairo_renderer.py:83
[07/03/26 17:08:37] INFO     Animation 19 : Partial     scene_file_writer.py:601
                             movie file written in                              
                             '/Users/nik/Documents/Cowo                         
                             rk/quantum-mechanics-vol1/                         
                             youtube/double-slit-one-el                         
                             ectron-bb/media/videos/dou                         
                             ble_slit_one_electron_bb/1                         
                             920p60/partial_movie_files                         
                             /BearsDoodlesVideo/uncache                         
                             d_00019.mp4'                                       
                    INFO     Caching disabled.              cairo_renderer.py:83
[07/03/26 17:08:38] INFO     Animation 20 : Partial     scene_file_writer.py:601
                             movie file written in                              
                             '/Users/nik/Documents/Cowo                         
                             rk/quantum-mechanics-vol1/                         
                             youtube/double-slit-one-el                         
                             ectron-bb/media/videos/dou                         
                             ble_slit_one_electron_bb/1                         
                             920p60/partial_movie_files                         
                             /BearsDoodlesVideo/uncache                         
                             d_00020.mp4'                                       
                    INFO     Caching disabled.              cairo_renderer.py:83
[07/03/26 17:08:39] INFO     Animation 21 : Partial     scene_file_writer.py:601
                             movie file written in                              
                             '/Users/nik/Documents/Cowo                         
                             rk/quantum-mechanics-vol1/                         
                             youtube/double-slit-one-el                         
                             ectron-bb/media/videos/dou                         
                             ble_slit_one_electron_bb/1                         
                             920p60/partial_movie_files                         
                             /BearsDoodlesVideo/uncache                         
                             d_00021.mp4'                                       
                    INFO     Caching disabled.              cairo_renderer.py:83
                    INFO     Animation 22 : Partial     scene_file_writer.py:601
                             movie file written in                              
                             '/Users/nik/Documents/Cowo                         
                             rk/quantum-mechanics-vol1/                         
                             youtube/double-slit-one-el                         
                             ectron-bb/media/videos/dou                         
                             ble_slit_one_electron_bb/1                         
                             920p60/partial_movie_files                         
                             /BearsDoodlesVideo/uncache                         
                             d_00022.mp4'                                       
                    INFO     Caching disabled.              cairo_renderer.py:83
[07/03/26 17:08:41] INFO     Animation 23 : Partial     scene_file_writer.py:601
                             movie file written in                              
                             '/Users/nik/Documents/Cowo                         
                             rk/quantum-mechanics-vol1/                         
                             youtube/double-slit-one-el                         
                             ectron-bb/media/videos/dou                         
                             ble_slit_one_electron_bb/1                         
                             920p60/partial_movie_files                         
                             /BearsDoodlesVideo/uncache                         
                             d_00023.mp4'                                       
                    INFO     Caching disabled.              cairo_renderer.py:83
[07/03/26 17:08:42] INFO     Animation 24 : Partial     scene_file_writer.py:601
                             movie file written in                              
                             '/Users/nik/Documents/Cowo                         
                             rk/quantum-mechanics-vol1/                         
                             youtube/double-slit-one-el                         
                             ectron-bb/media/videos/dou                         
                             ble_slit_one_electron_bb/1                         
                             920p60/partial_movie_files                         
                             /BearsDoodlesVideo/uncache                         
                             d_00024.mp4'                                       
                    INFO     Caching disabled.              cairo_renderer.py:83
[07/03/26 17:08:45] INFO     Animation 25 : Partial     scene_file_writer.py:601
                             movie file written in                              
                             '/Users/nik/Documents/Cowo                         
                             rk/quantum-mechanics-vol1/                         
                             youtube/double-slit-one-el                         
                             ectron-bb/media/videos/dou                         
                             ble_slit_one_electron_bb/1                         
                             920p60/partial_movie_files                         
                             /BearsDoodlesVideo/uncache                         
                             d_00025.mp4'                                       
                    INFO     Caching disabled.              cairo_renderer.py:83
[07/03/26 17:08:47] INFO     Animation 26 : Partial     scene_file_writer.py:601
                             movie file written in                              
                             '/Users/nik/Documents/Cowo                         
                             rk/quantum-mechanics-vol1/                         
                             youtube/double-slit-one-el                         
                             ectron-bb/media/videos/dou                         
                             ble_slit_one_electron_bb/1                         
                             920p60/partial_movie_files                         
                             /BearsDoodlesVideo/uncache                         
                             d_00026.mp4'                                       
                    INFO     Caching disabled.              cairo_renderer.py:83
[07/03/26 17:08:48] INFO     Animation 27 : Partial     scene_file_writer.py:601
                             movie file written in                              
                             '/Users/nik/Documents/Cowo                         
                             rk/quantum-mechanics-vol1/                         
                             youtube/double-slit-one-el                         
                             ectron-bb/media/videos/dou                         
                             ble_slit_one_electron_bb/1                         
                             920p60/partial_movie_files                         
                             /BearsDoodlesVideo/uncache                         
                             d_00027.mp4'                                       
                    INFO     Caching disabled.              cairo_renderer.py:83
[07/03/26 17:08:51] INFO     Animation 28 : Partial     scene_file_writer.py:601
                             movie file written in                              
                             '/Users/nik/Documents/Cowo                         
                             rk/quantum-mechanics-vol1/                         
                             youtube/double-slit-one-el                         
                             ectron-bb/media/videos/dou                         
                             ble_slit_one_electron_bb/1                         
                             920p60/partial_movie_files                         
                             /BearsDoodlesVideo/uncache                         
                             d_00028.mp4'                                       
                    INFO     Caching disabled.              cairo_renderer.py:83
[07/03/26 17:08:52] INFO     Animation 29 : Partial     scene_file_writer.py:601
                             movie file written in                              
                             '/Users/nik/Documents/Cowo                         
                             rk/quantum-mechanics-vol1/                         
                             youtube/double-slit-one-el                         
                             ectron-bb/media/videos/dou                         
                             ble_slit_one_electron_bb/1                         
                             920p60/partial_movie_files                         
                             /BearsDoodlesVideo/uncache                         
                             d_00029.mp4'                                       
                    INFO     Caching disabled.              cairo_renderer.py:83
                    INFO     Animation 30 : Partial     scene_file_writer.py:601
                             movie file written in                              
                             '/Users/nik/Documents/Cowo                         
                             rk/quantum-mechanics-vol1/                         
                             youtube/double-slit-one-el                         
                             ectron-bb/media/videos/dou                         
                             ble_slit_one_electron_bb/1                         
                             920p60/partial_movie_files                         
                             /BearsDoodlesVideo/uncache                         
                             d_00030.mp4'                                       
                    INFO     Caching disabled.              cairo_renderer.py:83
[07/03/26 17:08:53] INFO     Animation 31 : Partial     scene_file_writer.py:601
                             movie file written in                              
                             '/Users/nik/Documents/Cowo                         
                             rk/quantum-mechanics-vol1/                         
                             youtube/double-slit-one-el                         
                             ectron-bb/media/videos/dou                         
                             ble_slit_one_electron_bb/1                         
                             920p60/partial_movie_files                         
                             /BearsDoodlesVideo/uncache                         
                             d_00031.mp4'                                       
                    INFO     Caching disabled.              cairo_renderer.py:83
[07/03/26 17:08:54] INFO     Animation 32 : Partial     scene_file_writer.py:601
                             movie file written in                              
                             '/Users/nik/Documents/Cowo                         
                             rk/quantum-mechanics-vol1/                         
                             youtube/double-slit-one-el                         
                             ectron-bb/media/videos/dou                         
                             ble_slit_one_electron_bb/1                         
                             920p60/partial_movie_files                         
                             /BearsDoodlesVideo/uncache                         
                             d_00032.mp4'                                       
                    INFO     Caching disabled.              cairo_renderer.py:83
[07/03/26 17:08:55] INFO     Animation 33 : Partial     scene_file_writer.py:601
                             movie file written in                              
                             '/Users/nik/Documents/Cowo                         
                             rk/quantum-mechanics-vol1/                         
                             youtube/double-slit-one-el                         
                             ectron-bb/media/videos/dou                         
                             ble_slit_one_electron_bb/1                         
                             920p60/partial_movie_files                         
                             /BearsDoodlesVideo/uncache                         
                             d_00033.mp4'                                       
                    INFO     Caching disabled.              cairo_renderer.py:83
[07/03/26 17:09:15] INFO     Animation 34 : Partial     scene_file_writer.py:601
                             movie file written in                              
                             '/Users/nik/Documents/Cowo                         
                             rk/quantum-mechanics-vol1/                         
                             youtube/double-slit-one-el                         
                             ectron-bb/media/videos/dou                         
                             ble_slit_one_electron_bb/1                         
                             920p60/partial_movie_files                         
                             /BearsDoodlesVideo/uncache                         
                             d_00034.mp4'                                       
                    INFO     Caching disabled.              cairo_renderer.py:83
[07/03/26 17:09:17] INFO     Animation 35 : Partial     scene_file_writer.py:601
                             movie file written in                              
                             '/Users/nik/Documents/Cowo                         
                             rk/quantum-mechanics-vol1/                         
                             youtube/double-slit-one-el                         
                             ectron-bb/media/videos/dou                         
                             ble_slit_one_electron_bb/1                         
                             920p60/partial_movie_files                         
                             /BearsDoodlesVideo/uncache                         
                             d_00035.mp4'                                       
                    INFO     Caching disabled.              cairo_renderer.py:83
[07/03/26 17:09:20] INFO     Animation 36 : Partial     scene_file_writer.py:601
                             movie file written in                              
                             '/Users/nik/Documents/Cowo                         
                             rk/quantum-mechanics-vol1/                         
                             youtube/double-slit-one-el                         
                             ectron-bb/media/videos/dou                         
                             ble_slit_one_electron_bb/1                         
                             920p60/partial_movie_files                         
                             /BearsDoodlesVideo/uncache                         
                             d_00036.mp4'                                       
                    INFO     Caching disabled.              cairo_renderer.py:83
[07/03/26 17:09:22] INFO     Animation 37 : Partial     scene_file_writer.py:601
                             movie file written in                              
                             '/Users/nik/Documents/Cowo                         
                             rk/quantum-mechanics-vol1/                         
                             youtube/double-slit-one-el                         
                             ectron-bb/media/videos/dou                         
                             ble_slit_one_electron_bb/1                         
                             920p60/partial_movie_files                         
                             /BearsDoodlesVideo/uncache                         
                             d_00037.mp4'                                       
                    INFO     Caching disabled.              cairo_renderer.py:83
[07/03/26 17:09:26] INFO     Animation 38 : Partial     scene_file_writer.py:601
                             movie file written in                              
                             '/Users/nik/Documents/Cowo                         
                             rk/quantum-mechanics-vol1/                         
                             youtube/double-slit-one-el                         
                             ectron-bb/media/videos/dou                         
                             ble_slit_one_electron_bb/1                         
                             920p60/partial_movie_files                         
                             /BearsDoodlesVideo/uncache                         
                             d_00038.mp4'                                       
                    INFO     Caching disabled.              cairo_renderer.py:83
[07/03/26 17:09:29] INFO     Animation 39 : Partial     scene_file_writer.py:601
                             movie file written in                              
                             '/Users/nik/Documents/Cowo                         
                             rk/quantum-mechanics-vol1/                         
                             youtube/double-slit-one-el                         
                             ectron-bb/media/videos/dou                         
                             ble_slit_one_electron_bb/1                         
                             920p60/partial_movie_files                         
                             /BearsDoodlesVideo/uncache                         
                             d_00039.mp4'                                       
                    INFO     Caching disabled.              cairo_renderer.py:83
[07/03/26 17:09:34] INFO     Animation 40 : Partial     scene_file_writer.py:601
                             movie file written in                              
                             '/Users/nik/Documents/Cowo                         
                             rk/quantum-mechanics-vol1/                         
                             youtube/double-slit-one-el                         
                             ectron-bb/media/videos/dou                         
                             ble_slit_one_electron_bb/1                         
                             920p60/partial_movie_files                         
                             /BearsDoodlesVideo/uncache                         
                             d_00040.mp4'                                       
                    INFO     Caching disabled.              cairo_renderer.py:83
[07/03/26 17:09:36] INFO     Animation 41 : Partial     scene_file_writer.py:601
                             movie file written in                              
                             '/Users/nik/Documents/Cowo                         
                             rk/quantum-mechanics-vol1/                         
                             youtube/double-slit-one-el                         
                             ectron-bb/media/videos/dou                         
                             ble_slit_one_electron_bb/1                         
                             920p60/partial_movie_files                         
                             /BearsDoodlesVideo/uncache                         
                             d_00041.mp4'                                       
                    INFO     Caching disabled.              cairo_renderer.py:83
[07/03/26 17:09:43] INFO     Animation 42 : Partial     scene_file_writer.py:601
                             movie file written in                              
                             '/Users/nik/Documents/Cowo                         
                             rk/quantum-mechanics-vol1/                         
                             youtube/double-slit-one-el                         
                             ectron-bb/media/videos/dou                         
                             ble_slit_one_electron_bb/1                         
                             920p60/partial_movie_files                         
                             /BearsDoodlesVideo/uncache                         
                             d_00042.mp4'                                       
                    INFO     Caching disabled.              cairo_renderer.py:83
[07/03/26 17:09:45] INFO     Animation 43 : Partial     scene_file_writer.py:601
                             movie file written in                              
                             '/Users/nik/Documents/Cowo                         
                             rk/quantum-mechanics-vol1/                         
                             youtube/double-slit-one-el                         
                             ectron-bb/media/videos/dou                         
                             ble_slit_one_electron_bb/1                         
                             920p60/partial_movie_files                         
                             /BearsDoodlesVideo/uncache                         
                             d_00043.mp4'                                       
                    INFO     Caching disabled.              cairo_renderer.py:83
[07/03/26 17:09:47] INFO     Animation 44 : Partial     scene_file_writer.py:601
                             movie file written in                              
                             '/Users/nik/Documents/Cowo                         
                             rk/quantum-mechanics-vol1/                         
                             youtube/double-slit-one-el                         
                             ectron-bb/media/videos/dou                         
                             ble_slit_one_electron_bb/1                         
                             920p60/partial_movie_files                         
                             /BearsDoodlesVideo/uncache                         
                             d_00044.mp4'                                       
                    INFO     Caching disabled.              cairo_renderer.py:83
[07/03/26 17:09:49] INFO     Animation 45 : Partial     scene_file_writer.py:601
                             movie file written in                              
                             '/Users/nik/Documents/Cowo                         
                             rk/quantum-mechanics-vol1/                         
                             youtube/double-slit-one-el                         
                             ectron-bb/media/videos/dou                         
                             ble_slit_one_electron_bb/1                         
                             920p60/partial_movie_files                         
                             /BearsDoodlesVideo/uncache                         
                             d_00045.mp4'                                       
                    INFO     Caching disabled.              cairo_renderer.py:83
[07/03/26 17:09:50] INFO     Animation 46 : Partial     scene_file_writer.py:601
                             movie file written in                              
                             '/Users/nik/Documents/Cowo                         
                             rk/quantum-mechanics-vol1/                         
                             youtube/double-slit-one-el                         
                             ectron-bb/media/videos/dou                         
                             ble_slit_one_electron_bb/1                         
                             920p60/partial_movie_files                         
                             /BearsDoodlesVideo/uncache                         
                             d_00046.mp4'                                       
                    INFO     Caching disabled.              cairo_renderer.py:83
[07/03/26 17:09:52] INFO     Animation 47 : Partial     scene_file_writer.py:601
                             movie file written in                              
                             '/Users/nik/Documents/Cowo                         
                             rk/quantum-mechanics-vol1/                         
                             youtube/double-slit-one-el                         
                             ectron-bb/media/videos/dou                         
                             ble_slit_one_electron_bb/1                         
                             920p60/partial_movie_files                         
                             /BearsDoodlesVideo/uncache                         
                             d_00047.mp4'                                       
                    INFO     Caching disabled.              cairo_renderer.py:83
[07/03/26 17:09:53] INFO     Animation 48 : Partial     scene_file_writer.py:601
                             movie file written in                              
                             '/Users/nik/Documents/Cowo                         
                             rk/quantum-mechanics-vol1/                         
                             youtube/double-slit-one-el                         
                             ectron-bb/media/videos/dou                         
                             ble_slit_one_electron_bb/1                         
                             920p60/partial_movie_files                         
                             /BearsDoodlesVideo/uncache                         
                             d_00048.mp4'                                       
                    INFO     Caching disabled.              cairo_renderer.py:83
[07/03/26 17:09:55] INFO     Animation 49 : Partial     scene_file_writer.py:601
                             movie file written in                              
                             '/Users/nik/Documents/Cowo                         
                             rk/quantum-mechanics-vol1/                         
                             youtube/double-slit-one-el                         
                             ectron-bb/media/videos/dou                         
                             ble_slit_one_electron_bb/1                         
                             920p60/partial_movie_files                         
                             /BearsDoodlesVideo/uncache                         
                             d_00049.mp4'                                       
                    INFO     Caching disabled.              cairo_renderer.py:83
[07/03/26 17:09:57] INFO     Animation 50 : Partial     scene_file_writer.py:601
                             movie file written in                              
                             '/Users/nik/Documents/Cowo                         
                             rk/quantum-mechanics-vol1/                         
                             youtube/double-slit-one-el                         
                             ectron-bb/media/videos/dou                         
                             ble_slit_one_electron_bb/1                         
                             920p60/partial_movie_files                         
                             /BearsDoodlesVideo/uncache                         
                             d_00050.mp4'                                       
                    INFO     Caching disabled.              cairo_renderer.py:83
[07/03/26 17:09:58] INFO     Animation 51 : Partial     scene_file_writer.py:601
                             movie file written in                              
                             '/Users/nik/Documents/Cowo                         
                             rk/quantum-mechanics-vol1/                         
                             youtube/double-slit-one-el                         
                             ectron-bb/media/videos/dou                         
                             ble_slit_one_electron_bb/1                         
                             920p60/partial_movie_files                         
                             /BearsDoodlesVideo/uncache                         
                             d_00051.mp4'                                       
                    INFO     Caching disabled.              cairo_renderer.py:83
[07/03/26 17:10:00] INFO     Animation 52 : Partial     scene_file_writer.py:601
                             movie file written in                              
                             '/Users/nik/Documents/Cowo                         
                             rk/quantum-mechanics-vol1/                         
                             youtube/double-slit-one-el                         
                             ectron-bb/media/videos/dou                         
                             ble_slit_one_electron_bb/1                         
                             920p60/partial_movie_files                         
                             /BearsDoodlesVideo/uncache                         
                             d_00052.mp4'                                       
                    INFO     Caching disabled.              cairo_renderer.py:83
[07/03/26 17:10:02] INFO     Animation 53 : Partial     scene_file_writer.py:601
                             movie file written in                              
                             '/Users/nik/Documents/Cowo                         
                             rk/quantum-mechanics-vol1/                         
                             youtube/double-slit-one-el                         
                             ectron-bb/media/videos/dou                         
                             ble_slit_one_electron_bb/1                         
                             920p60/partial_movie_files                         
                             /BearsDoodlesVideo/uncache                         
                             d_00053.mp4'                                       
                    INFO     Caching disabled.              cairo_renderer.py:83
[07/03/26 17:10:03] INFO     Animation 54 : Partial     scene_file_writer.py:601
                             movie file written in                              
                             '/Users/nik/Documents/Cowo                         
                             rk/quantum-mechanics-vol1/                         
                             youtube/double-slit-one-el                         
                             ectron-bb/media/videos/dou                         
                             ble_slit_one_electron_bb/1                         
                             920p60/partial_movie_files                         
                             /BearsDoodlesVideo/uncache                         
                             d_00054.mp4'                                       
                    INFO     Caching disabled.              cairo_renderer.py:83
[07/03/26 17:10:05] INFO     Animation 55 : Partial     scene_file_writer.py:601
                             movie file written in                              
                             '/Users/nik/Documents/Cowo                         
                             rk/quantum-mechanics-vol1/                         
                             youtube/double-slit-one-el                         
                             ectron-bb/media/videos/dou                         
                             ble_slit_one_electron_bb/1                         
                             920p60/partial_movie_files                         
                             /BearsDoodlesVideo/uncache                         
                             d_00055.mp4'                                       
                    INFO     Caching disabled.              cairo_renderer.py:83
[07/03/26 17:10:07] INFO     Animation 56 : Partial     scene_file_writer.py:601
                             movie file written in                              
                             '/Users/nik/Documents/Cowo                         
                             rk/quantum-mechanics-vol1/                         
                             youtube/double-slit-one-el                         
                             ectron-bb/media/videos/dou                         
                             ble_slit_one_electron_bb/1                         
                             920p60/partial_movie_files                         
                             /BearsDoodlesVideo/uncache                         
                             d_00056.mp4'                                       
                    INFO     Caching disabled.              cairo_renderer.py:83
[07/03/26 17:10:08] INFO     Animation 57 : Partial     scene_file_writer.py:601
                             movie file written in                              
                             '/Users/nik/Documents/Cowo                         
                             rk/quantum-mechanics-vol1/                         
                             youtube/double-slit-one-el                         
                             ectron-bb/media/videos/dou                         
                             ble_slit_one_electron_bb/1                         
                             920p60/partial_movie_files                         
                             /BearsDoodlesVideo/uncache                         
                             d_00057.mp4'                                       
                    INFO     Caching disabled.              cairo_renderer.py:83
[07/03/26 17:10:10] INFO     Animation 58 : Partial     scene_file_writer.py:601
                             movie file written in                              
                             '/Users/nik/Documents/Cowo                         
                             rk/quantum-mechanics-vol1/                         
                             youtube/double-slit-one-el                         
                             ectron-bb/media/videos/dou                         
                             ble_slit_one_electron_bb/1                         
                             920p60/partial_movie_files                         
                             /BearsDoodlesVideo/uncache                         
                             d_00058.mp4'                                       
                    INFO     Caching disabled.              cairo_renderer.py:83
[07/03/26 17:10:13] INFO     Animation 59 : Partial     scene_file_writer.py:601
                             movie file written in                              
                             '/Users/nik/Documents/Cowo                         
                             rk/quantum-mechanics-vol1/                         
                             youtube/double-slit-one-el                         
                             ectron-bb/media/videos/dou                         
                             ble_slit_one_electron_bb/1                         
                             920p60/partial_movie_files                         
                             /BearsDoodlesVideo/uncache                         
                             d_00059.mp4'                                       
                    INFO     Caching disabled.              cairo_renderer.py:83
[07/03/26 17:10:15] INFO     Animation 60 : Partial     scene_file_writer.py:601
                             movie file written in                              
                             '/Users/nik/Documents/Cowo                         
                             rk/quantum-mechanics-vol1/                         
                             youtube/double-slit-one-el                         
                             ectron-bb/media/videos/dou                         
                             ble_slit_one_electron_bb/1                         
                             920p60/partial_movie_files                         
                             /BearsDoodlesVideo/uncache                         
                             d_00060.mp4'                                       
                    INFO     Caching disabled.              cairo_renderer.py:83
[07/03/26 17:10:19] INFO     Animation 61 : Partial     scene_file_writer.py:601
                             movie file written in                              
                             '/Users/nik/Documents/Cowo                         
                             rk/quantum-mechanics-vol1/                         
                             youtube/double-slit-one-el                         
                             ectron-bb/media/videos/dou                         
                             ble_slit_one_electron_bb/1                         
                             920p60/partial_movie_files                         
                             /BearsDoodlesVideo/uncache                         
                             d_00061.mp4'                                       
                    INFO     Caching disabled.              cairo_renderer.py:83
[07/03/26 17:10:22] INFO     Animation 62 : Partial     scene_file_writer.py:601
                             movie file written in                              
                             '/Users/nik/Documents/Cowo                         
                             rk/quantum-mechanics-vol1/                         
                             youtube/double-slit-one-el                         
                             ectron-bb/media/videos/dou                         
                             ble_slit_one_electron_bb/1                         
                             920p60/partial_movie_files                         
                             /BearsDoodlesVideo/uncache                         
                             d_00062.mp4'                                       
                    INFO     Caching disabled.              cairo_renderer.py:83
[07/03/26 17:10:25] INFO     Animation 63 : Partial     scene_file_writer.py:601
                             movie file written in                              
                             '/Users/nik/Documents/Cowo                         
                             rk/quantum-mechanics-vol1/                         
                             youtube/double-slit-one-el                         
                             ectron-bb/media/videos/dou                         
                             ble_slit_one_electron_bb/1                         
                             920p60/partial_movie_files                         
                             /BearsDoodlesVideo/uncache                         
                             d_00063.mp4'                                       
                    INFO     Caching disabled.              cairo_renderer.py:83
                    INFO     Animation 64 : Partial     scene_file_writer.py:601
                             movie file written in                              
                             '/Users/nik/Documents/Cowo                         
                             rk/quantum-mechanics-vol1/                         
                             youtube/double-slit-one-el                         
                             ectron-bb/media/videos/dou                         
                             ble_slit_one_electron_bb/1                         
                             920p60/partial_movie_files                         
                             /BearsDoodlesVideo/uncache                         
                             d_00064.mp4'                                       
                    INFO     Caching disabled.              cairo_renderer.py:83
[07/03/26 17:10:27] INFO     Animation 65 : Partial     scene_file_writer.py:601
                             movie file written in                              
                             '/Users/nik/Documents/Cowo                         
                             rk/quantum-mechanics-vol1/                         
                             youtube/double-slit-one-el                         
                             ectron-bb/media/videos/dou                         
                             ble_slit_one_electron_bb/1                         
                             920p60/partial_movie_files                         
                             /BearsDoodlesVideo/uncache                         
                             d_00065.mp4'                                       
                    INFO     Caching disabled.              cairo_renderer.py:83
[07/03/26 17:10:28] INFO     Animation 66 : Partial     scene_file_writer.py:601
                             movie file written in                              
                             '/Users/nik/Documents/Cowo                         
                             rk/quantum-mechanics-vol1/                         
                             youtube/double-slit-one-el                         
                             ectron-bb/media/videos/dou                         
                             ble_slit_one_electron_bb/1                         
                             920p60/partial_movie_files                         
                             /BearsDoodlesVideo/uncache                         
                             d_00066.mp4'                                       
                    INFO     Caching disabled.              cairo_renderer.py:83
[07/03/26 17:10:36] INFO     Animation 67 : Partial     scene_file_writer.py:601
                             movie file written in                              
                             '/Users/nik/Documents/Cowo                         
                             rk/quantum-mechanics-vol1/                         
                             youtube/double-slit-one-el                         
                             ectron-bb/media/videos/dou                         
                             ble_slit_one_electron_bb/1                         
                             920p60/partial_movie_files                         
                             /BearsDoodlesVideo/uncache                         
                             d_00067.mp4'                                       
                    INFO     Caching disabled.              cairo_renderer.py:83
[07/03/26 17:10:38] INFO     Animation 68 : Partial     scene_file_writer.py:601
                             movie file written in                              
                             '/Users/nik/Documents/Cowo                         
                             rk/quantum-mechanics-vol1/                         
                             youtube/double-slit-one-el                         
                             ectron-bb/media/videos/dou                         
                             ble_slit_one_electron_bb/1                         
                             920p60/partial_movie_files                         
                             /BearsDoodlesVideo/uncache                         
                             d_00068.mp4'                                       
                    INFO     Caching disabled.              cairo_renderer.py:83
[07/03/26 17:10:40] INFO     Animation 69 : Partial     scene_file_writer.py:601
                             movie file written in                              
                             '/Users/nik/Documents/Cowo                         
                             rk/quantum-mechanics-vol1/                         
                             youtube/double-slit-one-el                         
                             ectron-bb/media/videos/dou                         
                             ble_slit_one_electron_bb/1                         
                             920p60/partial_movie_files                         
                             /BearsDoodlesVideo/uncache                         
                             d_00069.mp4'                                       
                    INFO     Caching disabled.              cairo_renderer.py:83
[07/03/26 17:10:44] INFO     Animation 70 : Partial     scene_file_writer.py:601
                             movie file written in                              
                             '/Users/nik/Documents/Cowo                         
                             rk/quantum-mechanics-vol1/                         
                             youtube/double-slit-one-el                         
                             ectron-bb/media/videos/dou                         
                             ble_slit_one_electron_bb/1                         
                             920p60/partial_movie_files                         
                             /BearsDoodlesVideo/uncache                         
                             d_00070.mp4'                                       
                    INFO     Caching disabled.              cairo_renderer.py:83
[07/03/26 17:10:46] INFO     Animation 71 : Partial     scene_file_writer.py:601
                             movie file written in                              
                             '/Users/nik/Documents/Cowo                         
                             rk/quantum-mechanics-vol1/                         
                             youtube/double-slit-one-el                         
                             ectron-bb/media/videos/dou                         
                             ble_slit_one_electron_bb/1                         
                             920p60/partial_movie_files                         
                             /BearsDoodlesVideo/uncache                         
                             d_00071.mp4'                                       
                    INFO     Caching disabled.              cairo_renderer.py:83
[07/03/26 17:10:47] INFO     Animation 72 : Partial     scene_file_writer.py:601
                             movie file written in                              
                             '/Users/nik/Documents/Cowo                         
                             rk/quantum-mechanics-vol1/                         
                             youtube/double-slit-one-el                         
                             ectron-bb/media/videos/dou                         
                             ble_slit_one_electron_bb/1                         
                             920p60/partial_movie_files                         
                             /BearsDoodlesVideo/uncache                         
                             d_00072.mp4'                                       
                    INFO     Caching disabled.              cairo_renderer.py:83
[07/03/26 17:10:49] INFO     Animation 73 : Partial     scene_file_writer.py:601
                             movie file written in                              
                             '/Users/nik/Documents/Cowo                         
                             rk/quantum-mechanics-vol1/                         
                             youtube/double-slit-one-el                         
                             ectron-bb/media/videos/dou                         
                             ble_slit_one_electron_bb/1                         
                             920p60/partial_movie_files                         
                             /BearsDoodlesVideo/uncache                         
                             d_00073.mp4'                                       
                    INFO     Caching disabled.              cairo_renderer.py:83
[07/03/26 17:10:53] INFO     Animation 74 : Partial     scene_file_writer.py:601
                             movie file written in                              
                             '/Users/nik/Documents/Cowo                         
                             rk/quantum-mechanics-vol1/                         
                             youtube/double-slit-one-el                         
                             ectron-bb/media/videos/dou                         
                             ble_slit_one_electron_bb/1                         
                             920p60/partial_movie_files                         
                             /BearsDoodlesVideo/uncache                         
                             d_00074.mp4'                                       
                    INFO     Caching disabled.              cairo_renderer.py:83
[07/03/26 17:10:56] INFO     Animation 75 : Partial     scene_file_writer.py:601
                             movie file written in                              
                             '/Users/nik/Documents/Cowo                         
                             rk/quantum-mechanics-vol1/                         
                             youtube/double-slit-one-el                         
                             ectron-bb/media/videos/dou                         
                             ble_slit_one_electron_bb/1                         
                             920p60/partial_movie_files                         
                             /BearsDoodlesVideo/uncache                         
                             d_00075.mp4'                                       
                    INFO     Caching disabled.              cairo_renderer.py:83
                    INFO     Animation 76 : Partial     scene_file_writer.py:601
                             movie file written in                              
                             '/Users/nik/Documents/Cowo                         
                             rk/quantum-mechanics-vol1/                         
                             youtube/double-slit-one-el                         
                             ectron-bb/media/videos/dou                         
                             ble_slit_one_electron_bb/1                         
                             920p60/partial_movie_files                         
                             /BearsDoodlesVideo/uncache                         
                             d_00076.mp4'                                       
                    INFO     Caching disabled.              cairo_renderer.py:83
[07/03/26 17:10:57] INFO     Animation 77 : Partial     scene_file_writer.py:601
                             movie file written in                              
                             '/Users/nik/Documents/Cowo                         
                             rk/quantum-mechanics-vol1/                         
                             youtube/double-slit-one-el                         
                             ectron-bb/media/videos/dou                         
                             ble_slit_one_electron_bb/1                         
                             920p60/partial_movie_files                         
                             /BearsDoodlesVideo/uncache                         
                             d_00077.mp4'                                       
                    INFO     Caching disabled.              cairo_renderer.py:83
[07/03/26 17:10:58] INFO     Animation 78 : Partial     scene_file_writer.py:601
                             movie file written in                              
                             '/Users/nik/Documents/Cowo                         
                             rk/quantum-mechanics-vol1/                         
                             youtube/double-slit-one-el                         
                             ectron-bb/media/videos/dou                         
                             ble_slit_one_electron_bb/1                         
                             920p60/partial_movie_files                         
                             /BearsDoodlesVideo/uncache                         
                             d_00078.mp4'                                       
                    INFO     Caching disabled.              cairo_renderer.py:83
[07/03/26 17:11:00] INFO     Animation 79 : Partial     scene_file_writer.py:601
                             movie file written in                              
                             '/Users/nik/Documents/Cowo                         
                             rk/quantum-mechanics-vol1/                         
                             youtube/double-slit-one-el                         
                             ectron-bb/media/videos/dou                         
                             ble_slit_one_electron_bb/1                         
                             920p60/partial_movie_files                         
                             /BearsDoodlesVideo/uncache                         
                             d_00079.mp4'                                       
                    INFO     Caching disabled.              cairo_renderer.py:83
[07/03/26 17:11:03] INFO     Animation 80 : Partial     scene_file_writer.py:601
                             movie file written in                              
                             '/Users/nik/Documents/Cowo                         
                             rk/quantum-mechanics-vol1/                         
                             youtube/double-slit-one-el                         
                             ectron-bb/media/videos/dou                         
                             ble_slit_one_electron_bb/1                         
                             920p60/partial_movie_files                         
                             /BearsDoodlesVideo/uncache                         
                             d_00080.mp4'                                       
[07/03/26 17:11:04] INFO     Caching disabled.              cairo_renderer.py:83
[07/03/26 17:11:05] INFO     Animation 81 : Partial     scene_file_writer.py:601
                             movie file written in                              
                             '/Users/nik/Documents/Cowo                         
                             rk/quantum-mechanics-vol1/                         
                             youtube/double-slit-one-el                         
                             ectron-bb/media/videos/dou                         
                             ble_slit_one_electron_bb/1                         
                             920p60/partial_movie_files                         
                             /BearsDoodlesVideo/uncache                         
                             d_00081.mp4'                                       
                    INFO     Caching disabled.              cairo_renderer.py:83
                    INFO     Animation 82 : Partial     scene_file_writer.py:601
                             movie file written in                              
                             '/Users/nik/Documents/Cowo                         
                             rk/quantum-mechanics-vol1/                         
                             youtube/double-slit-one-el                         
                             ectron-bb/media/videos/dou                         
                             ble_slit_one_electron_bb/1                         
                             920p60/partial_movie_files                         
                             /BearsDoodlesVideo/uncache                         
                             d_00082.mp4'                                       
[07/03/26 17:11:06] INFO     Caching disabled.              cairo_renderer.py:83
[07/03/26 17:11:10] INFO     Animation 83 : Partial     scene_file_writer.py:601
                             movie file written in                              
                             '/Users/nik/Documents/Cowo                         
                             rk/quantum-mechanics-vol1/                         
                             youtube/double-slit-one-el                         
                             ectron-bb/media/videos/dou                         
                             ble_slit_one_electron_bb/1                         
                             920p60/partial_movie_files                         
                             /BearsDoodlesVideo/uncache                         
                             d_00083.mp4'                                       
                    INFO     Caching disabled.              cairo_renderer.py:83
[07/03/26 17:11:12] INFO     Animation 84 : Partial     scene_file_writer.py:601
                             movie file written in                              
                             '/Users/nik/Documents/Cowo                         
                             rk/quantum-mechanics-vol1/                         
                             youtube/double-slit-one-el                         
                             ectron-bb/media/videos/dou                         
                             ble_slit_one_electron_bb/1                         
                             920p60/partial_movie_files                         
                             /BearsDoodlesVideo/uncache                         
                             d_00084.mp4'                                       
                    INFO     Caching disabled.              cairo_renderer.py:83
[07/03/26 17:11:13] INFO     Animation 85 : Partial     scene_file_writer.py:601
                             movie file written in                              
                             '/Users/nik/Documents/Cowo                         
                             rk/quantum-mechanics-vol1/                         
                             youtube/double-slit-one-el                         
                             ectron-bb/media/videos/dou                         
                             ble_slit_one_electron_bb/1                         
                             920p60/partial_movie_files                         
                             /BearsDoodlesVideo/uncache                         
                             d_00085.mp4'                                       
                    INFO     Caching disabled.              cairo_renderer.py:83
[07/03/26 17:11:17] INFO     Animation 86 : Partial     scene_file_writer.py:601
                             movie file written in                              
                             '/Users/nik/Documents/Cowo                         
                             rk/quantum-mechanics-vol1/                         
                             youtube/double-slit-one-el                         
                             ectron-bb/media/videos/dou                         
                             ble_slit_one_electron_bb/1                         
                             920p60/partial_movie_files                         
                             /BearsDoodlesVideo/uncache                         
                             d_00086.mp4'                                       
                    INFO     Combining to Movie file.   scene_file_writer.py:753
[07/03/26 17:11:18] INFO                                scene_file_writer.py:904
                             File ready at                                      
                             '/Users/nik/Documents/Cowo                         
                             rk/quantum-mechanics-vol1/                         
                             youtube/double-slit-one-el                         
                             ectron-bb/media/videos/dou                         
                             ble_slit_one_electron_bb/1                         
                             920p60/BearsDoodlesVideo.m                         
                             p4'                                                
                                                                                
                    INFO     Cache flushed. 88 file(s)  scene_file_writer.py:888
                             deleted in                                         
                             /Users/nik/Documents/Cowor                         
                             k/quantum-mechanics-vol1/y                         
                             outube/double-slit-one-ele                         
                             ctron-bb/media/videos/doub                         
                             le_slit_one_electron_bb/19                         
                             20p60/partial_movie_files/                         
                             BearsDoodlesVideo.                                 
                    INFO     Rendered BearsDoodlesVideo             scene.py:278
                             Played 87 animations                               
/Users/nik/Documents/Cowork/quantum-mechanics-vol1/youtube/double-slit-one-electron-bb/double_slit_one_electron_bb.py:113: DeprecationWarning: This method is not guaranteed to stay around. Please prefer setting the attribute normally or with Mobject.set().
  rule.set_width(min(title.width, rw(rrow) * 0.8)).move_to(center(rrow))

Animation 0: FadeIn(Text("Bear's Notes")):   0%|          | 0/30 [00:00<?, ?it/s]
Animation 0: FadeIn(Text("Bear's Notes")):  13%|█▎        | 4/30 [00:00<00:00, 33.95it/s]
Animation 0: FadeIn(Text("Bear's Notes")):  27%|██▋       | 8/30 [00:00<00:00, 35.64it/s]
Animation 0: FadeIn(Text("Bear's Notes")):  40%|████      | 12/30 [00:00<00:00, 29.72it/s]
Animation 0: FadeIn(Text("Bear's Notes")):  53%|█████▎    | 16/30 [00:00<00:00, 31.28it/s]
Animation 0: FadeIn(Text("Bear's Notes")):  73%|███████▎  | 22/30 [00:00<00:00, 38.55it/s]
Animation 0: FadeIn(Text("Bear's Notes")):  90%|█████████ | 27/30 [00:00<00:00, 41.45it/s]
                                                                                          

Animation 1: Write(VGroup of 4 submobjects):   0%|          | 0/84 [00:00<?, ?it/s]
Animation 1: Write(VGroup of 4 submobjects):   6%|▌         | 5/84 [00:00<00:01, 44.13it/s]
Animation 1: Write(VGroup of 4 submobjects):  12%|█▏        | 10/84 [00:00<00:01, 39.76it/s]
Animation 1: Write(VGroup of 4 submobjects):  18%|█▊        | 15/84 [00:00<00:01, 37.72it/s]
Animation 1: Write(VGroup of 4 submobjects):  23%|██▎       | 19/84 [00:00<00:01, 36.39it/s]
Animation 1: Write(VGroup of 4 submobjects):  27%|██▋       | 23/84 [00:00<00:01, 35.44it/s]
Animation 1: Write(VGroup of 4 submobjects):  32%|███▏      | 27/84 [00:00<00:01, 35.16it/s]
Animation 1: Write(VGroup of 4 submobjects):  37%|███▋      | 31/84 [00:00<00:01, 35.88it/s]
Animation 1: Write(VGroup of 4 submobjects):  42%|████▏     | 35/84 [00:00<00:01, 36.17it/s]
Animation 1: Write(VGroup of 4 submobjects):  46%|████▋     | 39/84 [00:01<00:01, 34.09it/s]
Animation 1: Write(VGroup of 4 submobjects):  51%|█████     | 43/84 [00:01<00:01, 32.00it/s]
Animation 1: Write(VGroup of 4 submobjects):  56%|█████▌    | 47/84 [00:01<00:01, 29.66it/s]
Animation 1: Write(VGroup of 4 submobjects):  61%|██████    | 51/84 [00:01<00:01, 29.88it/s]
Animation 1: Write(VGroup of 4 submobjects):  65%|██████▌   | 55/84 [00:01<00:01, 28.86it/s]
Animation 1: Write(VGroup of 4 submobjects):  70%|███████   | 59/84 [00:01<00:00, 29.72it/s]
Animation 1: Write(VGroup of 4 submobjects):  75%|███████▌  | 63/84 [00:01<00:00, 30.11it/s]
Animation 1: Write(VGroup of 4 submobjects):  80%|███████▉  | 67/84 [00:02<00:00, 30.83it/s]
Animation 1: Write(VGroup of 4 submobjects):  85%|████████▍ | 71/84 [00:02<00:00, 30.37it/s]
Animation 1: Write(VGroup of 4 submobjects):  89%|████████▉ | 75/84 [00:02<00:00, 28.14it/s]
Animation 1: Write(VGroup of 4 submobjects):  93%|█████████▎| 78/84 [00:02<00:00, 27.61it/s]
Animation 1: Write(VGroup of 4 submobjects):  98%|█████████▊| 82/84 [00:02<00:00, 28.47it/s]
                                                                                            

Animation 2: Create(Line), etc.:   0%|          | 0/30 [00:00<?, ?it/s]
Animation 2: Create(Line), etc.:  27%|██▋       | 8/30 [00:00<00:00, 79.01it/s]
Animation 2: Create(Line), etc.:  53%|█████▎    | 16/30 [00:00<00:00, 70.24it/s]
Animation 2: Create(Line), etc.:  80%|████████  | 24/30 [00:00<00:00, 67.65it/s]
                                                                                

Animation 4: FadeOut(Group):   0%|          | 0/24 [00:00<?, ?it/s]
Animation 4: FadeOut(Group):  12%|█▎        | 3/24 [00:00<00:00, 28.88it/s]
Animation 4: FadeOut(Group):  25%|██▌       | 6/24 [00:00<00:00, 29.52it/s]
Animation 4: FadeOut(Group):  38%|███▊      | 9/24 [00:00<00:00, 29.17it/s]
Animation 4: FadeOut(Group):  50%|█████     | 12/24 [00:00<00:00, 28.80it/s]
Animation 4: FadeOut(Group):  62%|██████▎   | 15/24 [00:00<00:00, 28.85it/s]
Animation 4: FadeOut(Group):  75%|███████▌  | 18/24 [00:00<00:00, 28.17it/s]
Animation 4: FadeOut(Group):  88%|████████▊ | 21/24 [00:00<00:00, 27.60it/s]
Animation 4: FadeOut(Group): 100%|██████████| 24/24 [00:00<00:00, 26.79it/s]
                                                                            

Animation 5: FadeOut(Mobject):   0%|          | 0/24 [00:00<?, ?it/s]
Animation 5: FadeOut(Mobject):  38%|███▊      | 9/24 [00:00<00:00, 87.79it/s]
Animation 5: FadeOut(Mobject):  75%|███████▌  | 18/24 [00:00<00:00, 85.54it/s]
                                                                              

Animation 7: Create(RoundedRectangle), etc.:   0%|          | 0/120 [00:00<?, ?it/s]
Animation 7: Create(RoundedRectangle), etc.:   8%|▊         | 9/120 [00:00<00:01, 88.03it/s]
Animation 7: Create(RoundedRectangle), etc.:  15%|█▌        | 18/120 [00:00<00:01, 79.48it/s]
Animation 7: Create(RoundedRectangle), etc.:  22%|██▎       | 27/120 [00:00<00:01, 83.91it/s]
Animation 7: Create(RoundedRectangle), etc.:  30%|███       | 36/120 [00:00<00:01, 82.18it/s]
Animation 7: Create(RoundedRectangle), etc.:  39%|███▉      | 47/120 [00:00<00:00, 90.26it/s]
Animation 7: Create(RoundedRectangle), etc.:  48%|████▊     | 58/120 [00:00<00:00, 95.49it/s]
Animation 7: Create(RoundedRectangle), etc.:  57%|█████▋    | 68/120 [00:00<00:00, 93.12it/s]
Animation 7: Create(RoundedRectangle), etc.:  65%|██████▌   | 78/120 [00:00<00:00, 82.56it/s]
Animation 7: Create(RoundedRectangle), etc.:  72%|███████▎  | 87/120 [00:01<00:00, 79.27it/s]
Animation 7: Create(RoundedRectangle), etc.:  81%|████████  | 97/120 [00:01<00:00, 82.65it/s]
Animation 7: Create(RoundedRectangle), etc.:  90%|█████████ | 108/120 [00:01<00:00, 88.64it/s]
Animation 7: Create(RoundedRectangle), etc.:  98%|█████████▊| 118/120 [00:01<00:00, 86.77it/s]
                                                                                              

Animation 8: _MethodAnimation(Dot):   0%|          | 0/57 [00:00<?, ?it/s]
Animation 8: _MethodAnimation(Dot):  12%|█▏        | 7/57 [00:00<00:00, 64.55it/s]
Animation 8: _MethodAnimation(Dot):  25%|██▍       | 14/57 [00:00<00:00, 67.26it/s]
Animation 8: _MethodAnimation(Dot):  39%|███▊      | 22/57 [00:00<00:00, 69.31it/s]
Animation 8: _MethodAnimation(Dot):  51%|█████     | 29/57 [00:00<00:00, 67.80it/s]
Animation 8: _MethodAnimation(Dot):  65%|██████▍   | 37/57 [00:00<00:00, 67.80it/s]
Animation 8: _MethodAnimation(Dot):  86%|████████▌ | 49/57 [00:00<00:00, 82.73it/s]
                                                                                   

Animation 9: _MethodAnimation(Dot):   0%|          | 0/57 [00:00<?, ?it/s]
Animation 9: _MethodAnimation(Dot):  14%|█▍        | 8/57 [00:00<00:00, 76.86it/s]
Animation 9: _MethodAnimation(Dot):  28%|██▊       | 16/57 [00:00<00:00, 69.32it/s]
Animation 9: _MethodAnimation(Dot):  40%|████      | 23/57 [00:00<00:00, 68.65it/s]
Animation 9: _MethodAnimation(Dot):  54%|█████▍    | 31/57 [00:00<00:00, 71.40it/s]
Animation 9: _MethodAnimation(Dot):  70%|███████   | 40/57 [00:00<00:00, 77.21it/s]
Animation 9: _MethodAnimation(Dot):  89%|████████▉ | 51/57 [00:00<00:00, 86.47it/s]
                                                                                   

Animation 11: _MethodAnimation(Dot):   0%|          | 0/57 [00:00<?, ?it/s]
Animation 11: _MethodAnimation(Dot):  16%|█▌        | 9/57 [00:00<00:00, 79.45it/s]
Animation 11: _MethodAnimation(Dot):  30%|██▉       | 17/57 [00:00<00:00, 68.44it/s]
Animation 11: _MethodAnimation(Dot):  44%|████▍     | 25/57 [00:00<00:00, 72.85it/s]
Animation 11: _MethodAnimation(Dot):  58%|█████▊    | 33/57 [00:00<00:00, 55.85it/s]
Animation 11: _MethodAnimation(Dot):  72%|███████▏  | 41/57 [00:00<00:00, 61.31it/s]
Animation 11: _MethodAnimation(Dot):  93%|█████████▎| 53/57 [00:00<00:00, 77.55it/s]
                                                                                    

Animation 12: _MethodAnimation(Dot):   0%|          | 0/57 [00:00<?, ?it/s]
Animation 12: _MethodAnimation(Dot):  12%|█▏        | 7/57 [00:00<00:00, 67.99it/s]
Animation 12: _MethodAnimation(Dot):  26%|██▋       | 15/57 [00:00<00:00, 70.80it/s]
Animation 12: _MethodAnimation(Dot):  40%|████      | 23/57 [00:00<00:00, 70.91it/s]
Animation 12: _MethodAnimation(Dot):  54%|█████▍    | 31/57 [00:00<00:00, 73.55it/s]
Animation 12: _MethodAnimation(Dot):  68%|██████▊   | 39/57 [00:00<00:00, 74.50it/s]
Animation 12: _MethodAnimation(Dot):  89%|████████▉ | 51/57 [00:00<00:00, 87.40it/s]
                                                                                    

Animation 14: LaggedStart(Group):   0%|          | 0/120 [00:00<?, ?it/s]
Animation 14: LaggedStart(Group):   7%|▋         | 8/120 [00:00<00:01, 70.04it/s]
Animation 14: LaggedStart(Group):  13%|█▎        | 16/120 [00:00<00:01, 62.05it/s]
Animation 14: LaggedStart(Group):  21%|██        | 25/120 [00:00<00:01, 69.18it/s]
Animation 14: LaggedStart(Group):  28%|██▊       | 33/120 [00:00<00:01, 71.89it/s]
Animation 14: LaggedStart(Group):  36%|███▌      | 43/120 [00:00<00:00, 78.63it/s]
Animation 14: LaggedStart(Group):  44%|████▍     | 53/120 [00:00<00:00, 85.03it/s]
Animation 14: LaggedStart(Group):  52%|█████▏    | 62/120 [00:00<00:00, 76.87it/s]
Animation 14: LaggedStart(Group):  58%|█████▊    | 70/120 [00:00<00:00, 73.40it/s]
Animation 14: LaggedStart(Group):  65%|██████▌   | 78/120 [00:01<00:00, 69.43it/s]
Animation 14: LaggedStart(Group):  72%|███████▏  | 86/120 [00:01<00:00, 69.82it/s]
Animation 14: LaggedStart(Group):  78%|███████▊  | 94/120 [00:01<00:00, 67.87it/s]
Animation 14: LaggedStart(Group):  84%|████████▍ | 101/120 [00:01<00:00, 66.76it/s]
Animation 14: LaggedStart(Group):  90%|█████████ | 108/120 [00:01<00:00, 66.82it/s]
Animation 14: LaggedStart(Group):  96%|█████████▌| 115/120 [00:01<00:00, 65.88it/s]
                                                                                   

Animation 15: FadeIn(Text('electrons: 10')):   0%|          | 0/24 [00:00<?, ?it/s]
Animation 15: FadeIn(Text('electrons: 10')):  25%|██▌       | 6/24 [00:00<00:00, 54.89it/s]
Animation 15: FadeIn(Text('electrons: 10')):  50%|█████     | 12/24 [00:00<00:00, 51.71it/s]
Animation 15: FadeIn(Text('electrons: 10')):  75%|███████▌  | 18/24 [00:00<00:00, 52.57it/s]
Animation 15: FadeIn(Text('electrons: 10')): 100%|██████████| 24/24 [00:00<00:00, 49.16it/s]
                                                                                            

Animation 17: Create(DashedVMobject):   0%|          | 0/144 [00:00<?, ?it/s]
Animation 17: Create(DashedVMobject):   5%|▍         | 7/144 [00:00<00:02, 62.03it/s]
Animation 17: Create(DashedVMobject):  10%|▉         | 14/144 [00:00<00:02, 56.68it/s]
Animation 17: Create(DashedVMobject):  15%|█▍        | 21/144 [00:00<00:02, 57.83it/s]
Animation 17: Create(DashedVMobject):  19%|█▉        | 28/144 [00:00<00:01, 59.72it/s]
Animation 17: Create(DashedVMobject):  24%|██▍       | 35/144 [00:00<00:01, 61.96it/s]
Animation 17: Create(DashedVMobject):  30%|██▉       | 43/144 [00:00<00:01, 66.33it/s]
Animation 17: Create(DashedVMobject):  35%|███▍      | 50/144 [00:00<00:01, 66.10it/s]
Animation 17: Create(DashedVMobject):  40%|███▉      | 57/144 [00:00<00:01, 61.52it/s]
Animation 17: Create(DashedVMobject):  44%|████▍     | 64/144 [00:01<00:01, 62.99it/s]
Animation 17: Create(DashedVMobject):  49%|████▉     | 71/144 [00:01<00:01, 62.50it/s]
Animation 17: Create(DashedVMobject):  54%|█████▍    | 78/144 [00:01<00:01, 61.72it/s]
Animation 17: Create(DashedVMobject):  59%|█████▉    | 85/144 [00:01<00:00, 60.32it/s]
Animation 17: Create(DashedVMobject):  64%|██████▍   | 92/144 [00:01<00:00, 58.61it/s]
Animation 17: Create(DashedVMobject):  68%|██████▊   | 98/144 [00:01<00:00, 53.11it/s]
Animation 17: Create(DashedVMobject):  72%|███████▏  | 104/144 [00:01<00:00, 44.87it/s]
Animation 17: Create(DashedVMobject):  76%|███████▌  | 109/144 [00:01<00:00, 45.44it/s]
Animation 17: Create(DashedVMobject):  79%|███████▉  | 114/144 [00:02<00:00, 44.44it/s]
Animation 17: Create(DashedVMobject):  83%|████████▎ | 120/144 [00:02<00:00, 47.09it/s]
Animation 17: Create(DashedVMobject):  87%|████████▋ | 125/144 [00:02<00:00, 47.25it/s]
Animation 17: Create(DashedVMobject):  90%|█████████ | 130/144 [00:02<00:00, 47.63it/s]
Animation 17: Create(DashedVMobject):  94%|█████████▍| 135/144 [00:02<00:00, 46.42it/s]
Animation 17: Create(DashedVMobject):  97%|█████████▋| 140/144 [00:02<00:00, 43.66it/s]
                                                                                       

Animation 19: FadeIn(Text('?')), etc.:   0%|          | 0/66 [00:00<?, ?it/s]
Animation 19: FadeIn(Text('?')), etc.:   8%|▊         | 5/66 [00:00<00:01, 44.93it/s]
Animation 19: FadeIn(Text('?')), etc.:  15%|█▌        | 10/66 [00:00<00:01, 47.59it/s]
Animation 19: FadeIn(Text('?')), etc.:  24%|██▍       | 16/66 [00:00<00:01, 49.38it/s]
Animation 19: FadeIn(Text('?')), etc.:  32%|███▏      | 21/66 [00:00<00:00, 47.77it/s]
Animation 19: FadeIn(Text('?')), etc.:  41%|████      | 27/66 [00:00<00:00, 50.15it/s]
Animation 19: FadeIn(Text('?')), etc.:  50%|█████     | 33/66 [00:00<00:00, 49.71it/s]
Animation 19: FadeIn(Text('?')), etc.:  59%|█████▉    | 39/66 [00:00<00:00, 51.68it/s]
Animation 19: FadeIn(Text('?')), etc.:  68%|██████▊   | 45/66 [00:00<00:00, 51.64it/s]
Animation 19: FadeIn(Text('?')), etc.:  77%|███████▋  | 51/66 [00:01<00:00, 47.17it/s]
Animation 19: FadeIn(Text('?')), etc.:  86%|████████▋ | 57/66 [00:01<00:00, 49.06it/s]
Animation 19: FadeIn(Text('?')), etc.:  94%|█████████▍| 62/66 [00:01<00:00, 41.63it/s]
                                                                                      

Animation 20: Indicate(Text('?')):   0%|          | 0/36 [00:00<?, ?it/s]
Animation 20: Indicate(Text('?')):  22%|██▏       | 8/36 [00:00<00:00, 71.08it/s]
Animation 20: Indicate(Text('?')):  44%|████▍     | 16/36 [00:00<00:00, 71.34it/s]
Animation 20: Indicate(Text('?')):  67%|██████▋   | 24/36 [00:00<00:00, 71.62it/s]
Animation 20: Indicate(Text('?')):  89%|████████▉ | 32/36 [00:00<00:00, 69.35it/s]
                                                                                  

Animation 22: FadeOut(Text('?')):   0%|          | 0/18 [00:00<?, ?it/s]
Animation 22: FadeOut(Text('?')):  56%|█████▌    | 10/18 [00:00<00:00, 93.45it/s]
                                                                                 

Animation 23: Create(VGroup of 4 submobjects):   0%|          | 0/72 [00:00<?, ?it/s]
Animation 23: Create(VGroup of 4 submobjects):  15%|█▌        | 11/72 [00:00<00:00, 92.62it/s]
Animation 23: Create(VGroup of 4 submobjects):  29%|██▉       | 21/72 [00:00<00:00, 63.28it/s]
Animation 23: Create(VGroup of 4 submobjects):  39%|███▉      | 28/72 [00:00<00:00, 56.02it/s]
Animation 23: Create(VGroup of 4 submobjects):  47%|████▋     | 34/72 [00:00<00:00, 53.61it/s]
Animation 23: Create(VGroup of 4 submobjects):  56%|█████▌    | 40/72 [00:00<00:00, 54.73it/s]
Animation 23: Create(VGroup of 4 submobjects):  65%|██████▌   | 47/72 [00:00<00:00, 56.80it/s]
Animation 23: Create(VGroup of 4 submobjects):  74%|███████▎  | 53/72 [00:00<00:00, 52.24it/s]
Animation 23: Create(VGroup of 4 submobjects):  82%|████████▏ | 59/72 [00:01<00:00, 48.51it/s]
Animation 23: Create(VGroup of 4 submobjects):  89%|████████▉ | 64/72 [00:01<00:00, 47.67it/s]
Animation 23: Create(VGroup of 4 submobjects):  96%|█████████▌| 69/72 [00:01<00:00, 47.57it/s]
                                                                                              

Animation 24: Create(VGroup of 4 submobjects):   0%|          | 0/72 [00:00<?, ?it/s]
Animation 24: Create(VGroup of 4 submobjects):  10%|▉         | 7/72 [00:00<00:01, 63.78it/s]
Animation 24: Create(VGroup of 4 submobjects):  19%|█▉        | 14/72 [00:00<00:00, 67.28it/s]
Animation 24: Create(VGroup of 4 submobjects):  29%|██▉       | 21/72 [00:00<00:00, 63.39it/s]
Animation 24: Create(VGroup of 4 submobjects):  40%|████      | 29/72 [00:00<00:00, 66.90it/s]
Animation 24: Create(VGroup of 4 submobjects):  53%|█████▎    | 38/72 [00:00<00:00, 73.05it/s]
Animation 24: Create(VGroup of 4 submobjects):  67%|██████▋   | 48/72 [00:00<00:00, 80.09it/s]
Animation 24: Create(VGroup of 4 submobjects):  79%|███████▉  | 57/72 [00:00<00:00, 75.57it/s]
Animation 24: Create(VGroup of 4 submobjects):  90%|█████████ | 65/72 [00:00<00:00, 69.83it/s]
                                                                                              

Animation 26: Create(ParametricFunction):   0%|          | 0/138 [00:00<?, ?it/s]
Animation 26: Create(ParametricFunction):   8%|▊         | 11/138 [00:00<00:01, 93.99it/s]
Animation 26: Create(ParametricFunction):  15%|█▌        | 21/138 [00:00<00:01, 66.99it/s]
Animation 26: Create(ParametricFunction):  21%|██        | 29/138 [00:00<00:01, 70.41it/s]
Animation 26: Create(ParametricFunction):  27%|██▋       | 37/138 [00:00<00:01, 71.07it/s]
Animation 26: Create(ParametricFunction):  34%|███▍      | 47/138 [00:00<00:01, 79.51it/s]
Animation 26: Create(ParametricFunction):  41%|████▏     | 57/138 [00:00<00:00, 81.64it/s]
Animation 26: Create(ParametricFunction):  48%|████▊     | 66/138 [00:00<00:00, 76.42it/s]
Animation 26: Create(ParametricFunction):  54%|█████▎    | 74/138 [00:00<00:00, 72.82it/s]
Animation 26: Create(ParametricFunction):  59%|█████▉    | 82/138 [00:01<00:00, 64.90it/s]
Animation 26: Create(ParametricFunction):  64%|██████▍   | 89/138 [00:01<00:00, 63.10it/s]
Animation 26: Create(ParametricFunction):  70%|██████▉   | 96/138 [00:01<00:00, 58.50it/s]
Animation 26: Create(ParametricFunction):  74%|███████▍  | 102/138 [00:01<00:00, 58.44it/s]
Animation 26: Create(ParametricFunction):  78%|███████▊  | 108/138 [00:01<00:00, 55.24it/s]
Animation 26: Create(ParametricFunction):  83%|████████▎ | 114/138 [00:01<00:00, 55.94it/s]
Animation 26: Create(ParametricFunction):  88%|████████▊ | 121/138 [00:01<00:00, 59.00it/s]
Animation 26: Create(ParametricFunction):  92%|█████████▏| 127/138 [00:01<00:00, 58.10it/s]
Animation 26: Create(ParametricFunction):  96%|█████████▋| 133/138 [00:02<00:00, 57.34it/s]
                                                                                           

Animation 27: Write(Text('waves: stripes')):   0%|          | 0/30 [00:00<?, ?it/s]
Animation 27: Write(Text('waves: stripes')):  20%|██        | 6/30 [00:00<00:00, 57.92it/s]
Animation 27: Write(Text('waves: stripes')):  40%|████      | 12/30 [00:00<00:00, 58.84it/s]
Animation 27: Write(Text('waves: stripes')):  60%|██████    | 18/30 [00:00<00:00, 54.15it/s]
Animation 27: Write(Text('waves: stripes')):  80%|████████  | 24/30 [00:00<00:00, 52.00it/s]
Animation 27: Write(Text('waves: stripes')): 100%|██████████| 30/30 [00:00<00:00, 51.16it/s]
                                                                                            

Animation 29: FadeOut(VGroup of 4 submobjects), etc.:   0%|          | 0/24 [00:00<?, ?it/s]
Animation 29: FadeOut(VGroup of 4 submobjects), etc.:  17%|█▋        | 4/24 [00:00<00:00, 34.07it/s]
Animation 29: FadeOut(VGroup of 4 submobjects), etc.:  33%|███▎      | 8/24 [00:00<00:00, 33.44it/s]
Animation 29: FadeOut(VGroup of 4 submobjects), etc.:  50%|█████     | 12/24 [00:00<00:00, 32.41it/s]
Animation 29: FadeOut(VGroup of 4 submobjects), etc.:  67%|██████▋   | 16/24 [00:00<00:00, 34.88it/s]
Animation 29: FadeOut(VGroup of 4 submobjects), etc.:  83%|████████▎ | 20/24 [00:00<00:00, 36.32it/s]
                                                                                                     

Animation 30: _MethodAnimation(Dot):   0%|          | 0/45 [00:00<?, ?it/s]
Animation 30: _MethodAnimation(Dot):  20%|██        | 9/45 [00:00<00:00, 75.23it/s]
Animation 30: _MethodAnimation(Dot):  38%|███▊      | 17/45 [00:00<00:00, 56.99it/s]
Animation 30: _MethodAnimation(Dot):  51%|█████     | 23/45 [00:00<00:00, 56.58it/s]
Animation 30: _MethodAnimation(Dot):  69%|██████▉   | 31/45 [00:00<00:00, 62.57it/s]
Animation 30: _MethodAnimation(Dot):  87%|████████▋ | 39/45 [00:00<00:00, 67.21it/s]
                                                                                    

Animation 31: _MethodAnimation(Dot):   0%|          | 0/45 [00:00<?, ?it/s]
Animation 31: _MethodAnimation(Dot):  16%|█▌        | 7/45 [00:00<00:00, 65.76it/s]
Animation 31: _MethodAnimation(Dot):  33%|███▎      | 15/45 [00:00<00:00, 67.44it/s]
Animation 31: _MethodAnimation(Dot):  51%|█████     | 23/45 [00:00<00:00, 70.31it/s]
Animation 31: _MethodAnimation(Dot):  71%|███████   | 32/45 [00:00<00:00, 75.11it/s]
Animation 31: _MethodAnimation(Dot):  93%|█████████▎| 42/45 [00:00<00:00, 82.50it/s]
                                                                                    

Animation 32: _MethodAnimation(Dot):   0%|          | 0/45 [00:00<?, ?it/s]
Animation 32: _MethodAnimation(Dot):  24%|██▍       | 11/45 [00:00<00:00, 90.55it/s]
Animation 32: _MethodAnimation(Dot):  47%|████▋     | 21/45 [00:00<00:00, 67.70it/s]
Animation 32: _MethodAnimation(Dot):  67%|██████▋   | 30/45 [00:00<00:00, 73.60it/s]
Animation 32: _MethodAnimation(Dot):  84%|████████▍ | 38/45 [00:00<00:00, 71.33it/s]
                                                                                    

Animation 33: _MethodAnimation(Dot):   0%|          | 0/45 [00:00<?, ?it/s]
Animation 33: _MethodAnimation(Dot):  18%|█▊        | 8/45 [00:00<00:00, 78.21it/s]
Animation 33: _MethodAnimation(Dot):  36%|███▌      | 16/45 [00:00<00:00, 68.84it/s]
Animation 33: _MethodAnimation(Dot):  53%|█████▎    | 24/45 [00:00<00:00, 72.99it/s]
Animation 33: _MethodAnimation(Dot):  73%|███████▎  | 33/45 [00:00<00:00, 78.46it/s]
Animation 33: _MethodAnimation(Dot):  93%|█████████▎| 42/45 [00:00<00:00, 80.12it/s]
                                                                                    

Animation 34: ReplacementTransform(DashedVMobject), etc.:   0%|          | 0/120 [00:00<?, ?it/s]
Animation 34: ReplacementTransform(DashedVMobject), etc.:   1%|          | 1/120 [00:00<00:19,  6.20it/s]
Animation 34: ReplacementTransform(DashedVMobject), etc.:   2%|▏         | 2/120 [00:00<00:18,  6.41it/s]
Animation 34: ReplacementTransform(DashedVMobject), etc.:   2%|▎         | 3/120 [00:00<00:18,  6.22it/s]
Animation 34: ReplacementTransform(DashedVMobject), etc.:   3%|▎         | 4/120 [00:00<00:18,  6.23it/s]
Animation 34: ReplacementTransform(DashedVMobject), etc.:   4%|▍         | 5/120 [00:00<00:18,  6.14it/s]
Animation 34: ReplacementTransform(DashedVMobject), etc.:   5%|▌         | 6/120 [00:00<00:17,  6.39it/s]
Animation 34: ReplacementTransform(DashedVMobject), etc.:   6%|▌         | 7/120 [00:01<00:17,  6.29it/s]
Animation 34: ReplacementTransform(DashedVMobject), etc.:   7%|▋         | 8/120 [00:01<00:17,  6.40it/s]
Animation 34: ReplacementTransform(DashedVMobject), etc.:   8%|▊         | 9/120 [00:01<00:17,  6.45it/s]
Animation 34: ReplacementTransform(DashedVMobject), etc.:   8%|▊         | 10/120 [00:01<00:16,  6.77it/s]
Animation 34: ReplacementTransform(DashedVMobject), etc.:   9%|▉         | 11/120 [00:01<00:15,  6.91it/s]
Animation 34: ReplacementTransform(DashedVMobject), etc.:  10%|█         | 12/120 [00:01<00:17,  6.34it/s]
Animation 34: ReplacementTransform(DashedVMobject), etc.:  11%|█         | 13/120 [00:02<00:17,  6.16it/s]
Animation 34: ReplacementTransform(DashedVMobject), etc.:  12%|█▏        | 14/120 [00:02<00:20,  5.06it/s]
Animation 34: ReplacementTransform(DashedVMobject), etc.:  12%|█▎        | 15/120 [00:02<00:18,  5.57it/s]
Animation 34: ReplacementTransform(DashedVMobject), etc.:  13%|█▎        | 16/120 [00:02<00:17,  5.93it/s]
Animation 34: ReplacementTransform(DashedVMobject), etc.:  14%|█▍        | 17/120 [00:02<00:16,  6.43it/s]
Animation 34: ReplacementTransform(DashedVMobject), etc.:  15%|█▌        | 18/120 [00:02<00:15,  6.55it/s]
Animation 34: ReplacementTransform(DashedVMobject), etc.:  16%|█▌        | 19/120 [00:03<00:17,  5.71it/s]
Animation 34: ReplacementTransform(DashedVMobject), etc.:  17%|█▋        | 20/120 [00:03<00:17,  5.63it/s]
Animation 34: ReplacementTransform(DashedVMobject), etc.:  18%|█▊        | 21/120 [00:03<00:16,  6.05it/s]
Animation 34: ReplacementTransform(DashedVMobject), etc.:  18%|█▊        | 22/120 [00:03<00:15,  6.16it/s]
Animation 34: ReplacementTransform(DashedVMobject), etc.:  19%|█▉        | 23/120 [00:03<00:14,  6.57it/s]
Animation 34: ReplacementTransform(DashedVMobject), etc.:  20%|██        | 24/120 [00:03<00:13,  7.02it/s]
Animation 34: ReplacementTransform(DashedVMobject), etc.:  21%|██        | 25/120 [00:03<00:13,  7.14it/s]
Animation 34: ReplacementTransform(DashedVMobject), etc.:  22%|██▏       | 26/120 [00:04<00:12,  7.24it/s]
Animation 34: ReplacementTransform(DashedVMobject), etc.:  22%|██▎       | 27/120 [00:04<00:13,  7.05it/s]
Animation 34: ReplacementTransform(DashedVMobject), etc.:  23%|██▎       | 28/120 [00:04<00:13,  6.80it/s]
Animation 34: ReplacementTransform(DashedVMobject), etc.:  24%|██▍       | 29/120 [00:04<00:12,  7.04it/s]
Animation 34: ReplacementTransform(DashedVMobject), etc.:  25%|██▌       | 30/120 [00:04<00:12,  7.14it/s]
Animation 34: ReplacementTransform(DashedVMobject), etc.:  26%|██▌       | 31/120 [00:04<00:12,  7.25it/s]
Animation 34: ReplacementTransform(DashedVMobject), etc.:  27%|██▋       | 32/120 [00:04<00:12,  7.27it/s]
Animation 34: ReplacementTransform(DashedVMobject), etc.:  28%|██▊       | 33/120 [00:05<00:11,  7.42it/s]
Animation 34: ReplacementTransform(DashedVMobject), etc.:  28%|██▊       | 34/120 [00:05<00:11,  7.26it/s]
Animation 34: ReplacementTransform(DashedVMobject), etc.:  29%|██▉       | 35/120 [00:05<00:12,  6.94it/s]
Animation 34: ReplacementTransform(DashedVMobject), etc.:  30%|███       | 36/120 [00:05<00:12,  6.92it/s]
Animation 34: ReplacementTransform(DashedVMobject), etc.:  31%|███       | 37/120 [00:05<00:11,  7.13it/s]
Animation 34: ReplacementTransform(DashedVMobject), etc.:  32%|███▏      | 38/120 [00:05<00:11,  7.21it/s]
Animation 34: ReplacementTransform(DashedVMobject), etc.:  32%|███▎      | 39/120 [00:05<00:11,  7.29it/s]
Animation 34: ReplacementTransform(DashedVMobject), etc.:  33%|███▎      | 40/120 [00:06<00:10,  7.52it/s]
Animation 34: ReplacementTransform(DashedVMobject), etc.:  34%|███▍      | 41/120 [00:06<00:10,  7.74it/s]
Animation 34: ReplacementTransform(DashedVMobject), etc.:  35%|███▌      | 42/120 [00:06<00:09,  7.94it/s]
Animation 34: ReplacementTransform(DashedVMobject), etc.:  36%|███▌      | 43/120 [00:06<00:10,  7.69it/s]
Animation 34: ReplacementTransform(DashedVMobject), etc.:  37%|███▋      | 44/120 [00:06<00:10,  7.44it/s]
Animation 34: ReplacementTransform(DashedVMobject), etc.:  38%|███▊      | 45/120 [00:06<00:10,  7.16it/s]
Animation 34: ReplacementTransform(DashedVMobject), etc.:  38%|███▊      | 46/120 [00:06<00:10,  7.16it/s]
Animation 34: ReplacementTransform(DashedVMobject), etc.:  39%|███▉      | 47/120 [00:07<00:10,  6.92it/s]
Animation 34: ReplacementTransform(DashedVMobject), etc.:  40%|████      | 48/120 [00:07<00:10,  6.87it/s]
Animation 34: ReplacementTransform(DashedVMobject), etc.:  41%|████      | 49/120 [00:07<00:10,  6.99it/s]
Animation 34: ReplacementTransform(DashedVMobject), etc.:  42%|████▏     | 50/120 [00:07<00:10,  6.93it/s]
Animation 34: ReplacementTransform(DashedVMobject), etc.:  42%|████▎     | 51/120 [00:07<00:10,  6.62it/s]
Animation 34: ReplacementTransform(DashedVMobject), etc.:  43%|████▎     | 52/120 [00:07<00:10,  6.61it/s]
Animation 34: ReplacementTransform(DashedVMobject), etc.:  44%|████▍     | 53/120 [00:07<00:10,  6.60it/s]
Animation 34: ReplacementTransform(DashedVMobject), etc.:  45%|████▌     | 54/120 [00:08<00:09,  6.83it/s]
Animation 34: ReplacementTransform(DashedVMobject), etc.:  46%|████▌     | 55/120 [00:08<00:09,  6.93it/s]
Animation 34: ReplacementTransform(DashedVMobject), etc.:  47%|████▋     | 56/120 [00:08<00:09,  6.97it/s]
Animation 34: ReplacementTransform(DashedVMobject), etc.:  48%|████▊     | 57/120 [00:08<00:08,  7.01it/s]
Animation 34: ReplacementTransform(DashedVMobject), etc.:  48%|████▊     | 58/120 [00:08<00:08,  7.12it/s]
Animation 34: ReplacementTransform(DashedVMobject), etc.:  49%|████▉     | 59/120 [00:08<00:09,  6.60it/s]
Animation 34: ReplacementTransform(DashedVMobject), etc.:  50%|█████     | 60/120 [00:08<00:09,  6.49it/s]
Animation 34: ReplacementTransform(DashedVMobject), etc.:  51%|█████     | 61/120 [00:09<00:08,  6.72it/s]
Animation 34: ReplacementTransform(DashedVMobject), etc.:  52%|█████▏    | 62/120 [00:09<00:08,  6.61it/s]
Animation 34: ReplacementTransform(DashedVMobject), etc.:  52%|█████▎    | 63/120 [00:09<00:08,  6.61it/s]
Animation 34: ReplacementTransform(DashedVMobject), etc.:  53%|█████▎    | 64/120 [00:09<00:08,  6.69it/s]
Animation 34: ReplacementTransform(DashedVMobject), etc.:  54%|█████▍    | 65/120 [00:09<00:08,  6.56it/s]
Animation 34: ReplacementTransform(DashedVMobject), etc.:  55%|█████▌    | 66/120 [00:09<00:08,  6.24it/s]
Animation 34: ReplacementTransform(DashedVMobject), etc.:  56%|█████▌    | 67/120 [00:10<00:08,  6.11it/s]
Animation 34: ReplacementTransform(DashedVMobject), etc.:  57%|█████▋    | 68/120 [00:10<00:08,  6.08it/s]
Animation 34: ReplacementTransform(DashedVMobject), etc.:  57%|█████▊    | 69/120 [00:10<00:08,  6.10it/s]
Animation 34: ReplacementTransform(DashedVMobject), etc.:  58%|█████▊    | 70/120 [00:10<00:08,  6.20it/s]
Animation 34: ReplacementTransform(DashedVMobject), etc.:  59%|█████▉    | 71/120 [00:10<00:07,  6.34it/s]
Animation 34: ReplacementTransform(DashedVMobject), etc.:  60%|██████    | 72/120 [00:10<00:07,  6.36it/s]
Animation 34: ReplacementTransform(DashedVMobject), etc.:  61%|██████    | 73/120 [00:10<00:07,  6.37it/s]
Animation 34: ReplacementTransform(DashedVMobject), etc.:  62%|██████▏   | 74/120 [00:11<00:07,  6.37it/s]
Animation 34: ReplacementTransform(DashedVMobject), etc.:  62%|██████▎   | 75/120 [00:11<00:07,  6.12it/s]
Animation 34: ReplacementTransform(DashedVMobject), etc.:  63%|██████▎   | 76/120 [00:11<00:07,  6.10it/s]
Animation 34: ReplacementTransform(DashedVMobject), etc.:  64%|██████▍   | 77/120 [00:11<00:06,  6.24it/s]
Animation 34: ReplacementTransform(DashedVMobject), etc.:  65%|██████▌   | 78/120 [00:11<00:06,  6.04it/s]
Animation 34: ReplacementTransform(DashedVMobject), etc.:  66%|██████▌   | 79/120 [00:11<00:06,  6.15it/s]
Animation 34: ReplacementTransform(DashedVMobject), etc.:  67%|██████▋   | 80/120 [00:12<00:06,  6.02it/s]
Animation 34: ReplacementTransform(DashedVMobject), etc.:  68%|██████▊   | 81/120 [00:12<00:06,  6.06it/s]
Animation 34: ReplacementTransform(DashedVMobject), etc.:  68%|██████▊   | 82/120 [00:12<00:06,  5.95it/s]
Animation 34: ReplacementTransform(DashedVMobject), etc.:  69%|██████▉   | 83/120 [00:12<00:06,  5.97it/s]
Animation 34: ReplacementTransform(DashedVMobject), etc.:  70%|███████   | 84/120 [00:12<00:06,  5.98it/s]
Animation 34: ReplacementTransform(DashedVMobject), etc.:  71%|███████   | 85/120 [00:12<00:05,  5.88it/s]
Animation 34: ReplacementTransform(DashedVMobject), etc.:  72%|███████▏  | 86/120 [00:13<00:06,  5.53it/s]
Animation 34: ReplacementTransform(DashedVMobject), etc.:  72%|███████▎  | 87/120 [00:13<00:05,  5.53it/s]
Animation 34: ReplacementTransform(DashedVMobject), etc.:  73%|███████▎  | 88/120 [00:13<00:05,  5.49it/s]
Animation 34: ReplacementTransform(DashedVMobject), etc.:  74%|███████▍  | 89/120 [00:13<00:05,  5.47it/s]
Animation 34: ReplacementTransform(DashedVMobject), etc.:  75%|███████▌  | 90/120 [00:13<00:05,  5.42it/s]
Animation 34: ReplacementTransform(DashedVMobject), etc.:  76%|███████▌  | 91/120 [00:14<00:05,  5.46it/s]
Animation 34: ReplacementTransform(DashedVMobject), etc.:  77%|███████▋  | 92/120 [00:14<00:05,  5.50it/s]
Animation 34: ReplacementTransform(DashedVMobject), etc.:  78%|███████▊  | 93/120 [00:14<00:04,  5.47it/s]
Animation 34: ReplacementTransform(DashedVMobject), etc.:  78%|███████▊  | 94/120 [00:14<00:04,  5.50it/s]
Animation 34: ReplacementTransform(DashedVMobject), etc.:  79%|███████▉  | 95/120 [00:14<00:04,  5.42it/s]
Animation 34: ReplacementTransform(DashedVMobject), etc.:  80%|████████  | 96/120 [00:15<00:04,  5.39it/s]
Animation 34: ReplacementTransform(DashedVMobject), etc.:  81%|████████  | 97/120 [00:15<00:04,  5.39it/s]
Animation 34: ReplacementTransform(DashedVMobject), etc.:  82%|████████▏ | 98/120 [00:15<00:04,  5.29it/s]
Animation 34: ReplacementTransform(DashedVMobject), etc.:  82%|████████▎ | 99/120 [00:15<00:04,  4.50it/s]
Animation 34: ReplacementTransform(DashedVMobject), etc.:  83%|████████▎ | 100/120 [00:15<00:04,  4.43it/s]
Animation 34: ReplacementTransform(DashedVMobject), etc.:  84%|████████▍ | 101/120 [00:16<00:04,  4.56it/s]
Animation 34: ReplacementTransform(DashedVMobject), etc.:  85%|████████▌ | 102/120 [00:16<00:03,  4.72it/s]
Animation 34: ReplacementTransform(DashedVMobject), etc.:  86%|████████▌ | 103/120 [00:16<00:03,  4.72it/s]
Animation 34: ReplacementTransform(DashedVMobject), etc.:  87%|████████▋ | 104/120 [00:16<00:03,  4.63it/s]
Animation 34: ReplacementTransform(DashedVMobject), etc.:  88%|████████▊ | 105/120 [00:17<00:03,  4.64it/s]
Animation 34: ReplacementTransform(DashedVMobject), etc.:  88%|████████▊ | 106/120 [00:17<00:02,  4.81it/s]
Animation 34: ReplacementTransform(DashedVMobject), etc.:  89%|████████▉ | 107/120 [00:17<00:02,  4.92it/s]
Animation 34: ReplacementTransform(DashedVMobject), etc.:  90%|█████████ | 108/120 [00:17<00:02,  5.13it/s]
Animation 34: ReplacementTransform(DashedVMobject), etc.:  91%|█████████ | 109/120 [00:17<00:01,  5.61it/s]
Animation 34: ReplacementTransform(DashedVMobject), etc.:  92%|█████████▏| 110/120 [00:17<00:01,  5.99it/s]
Animation 34: ReplacementTransform(DashedVMobject), etc.:  92%|█████████▎| 111/120 [00:17<00:01,  6.26it/s]
Animation 34: ReplacementTransform(DashedVMobject), etc.:  93%|█████████▎| 112/120 [00:18<00:01,  6.35it/s]
Animation 34: ReplacementTransform(DashedVMobject), etc.:  94%|█████████▍| 113/120 [00:18<00:01,  6.62it/s]
Animation 34: ReplacementTransform(DashedVMobject), etc.:  95%|█████████▌| 114/120 [00:18<00:00,  6.61it/s]
Animation 34: ReplacementTransform(DashedVMobject), etc.:  96%|█████████▌| 115/120 [00:18<00:00,  6.73it/s]
Animation 34: ReplacementTransform(DashedVMobject), etc.:  97%|█████████▋| 116/120 [00:18<00:00,  7.04it/s]
Animation 34: ReplacementTransform(DashedVMobject), etc.:  98%|█████████▊| 117/120 [00:18<00:00,  7.02it/s]
Animation 34: ReplacementTransform(DashedVMobject), etc.:  98%|█████████▊| 118/120 [00:18<00:00,  7.11it/s]
Animation 34: ReplacementTransform(DashedVMobject), etc.:  99%|█████████▉| 119/120 [00:19<00:00,  7.13it/s]
Animation 34: ReplacementTransform(DashedVMobject), etc.: 100%|██████████| 120/120 [00:19<00:00,  7.14it/s]
                                                                                                           

Animation 35: Write(Text('particles: two heaps')):   0%|          | 0/30 [00:00<?, ?it/s]
Animation 35: Write(Text('particles: two heaps')):  17%|█▋        | 5/30 [00:00<00:00, 49.16it/s]
Animation 35: Write(Text('particles: two heaps')):  33%|███▎      | 10/30 [00:00<00:00, 41.93it/s]
Animation 35: Write(Text('particles: two heaps')):  50%|█████     | 15/30 [00:00<00:00, 41.11it/s]
Animation 35: Write(Text('particles: two heaps')):  67%|██████▋   | 20/30 [00:00<00:00, 40.23it/s]
Animation 35: Write(Text('particles: two heaps')):  83%|████████▎ | 25/30 [00:00<00:00, 36.95it/s]
Animation 35: Write(Text('particles: two heaps')):  97%|█████████▋| 29/30 [00:00<00:00, 35.98it/s]
                                                                                                  

Animation 37: FadeOut(ParametricFunction), etc.:   0%|          | 0/24 [00:00<?, ?it/s]
Animation 37: FadeOut(ParametricFunction), etc.:  12%|█▎        | 3/24 [00:00<00:00, 22.96it/s]
Animation 37: FadeOut(ParametricFunction), etc.:  25%|██▌       | 6/24 [00:00<00:00, 22.00it/s]
Animation 37: FadeOut(ParametricFunction), etc.:  38%|███▊      | 9/24 [00:00<00:00, 20.99it/s]
Animation 37: FadeOut(ParametricFunction), etc.:  50%|█████     | 12/24 [00:00<00:00, 20.89it/s]
Animation 37: FadeOut(ParametricFunction), etc.:  62%|██████▎   | 15/24 [00:00<00:00, 20.73it/s]
Animation 37: FadeOut(ParametricFunction), etc.:  75%|███████▌  | 18/24 [00:00<00:00, 20.71it/s]
Animation 37: FadeOut(ParametricFunction), etc.:  88%|████████▊ | 21/24 [00:00<00:00, 20.87it/s]
Animation 37: FadeOut(ParametricFunction), etc.: 100%|██████████| 24/24 [00:01<00:00, 21.54it/s]
                                                                                                

Animation 38: LaggedStart(Group), etc.:   0%|          | 0/120 [00:00<?, ?it/s]
Animation 38: LaggedStart(Group), etc.:   2%|▎         | 3/120 [00:00<00:04, 28.90it/s]
Animation 38: LaggedStart(Group), etc.:   6%|▌         | 7/120 [00:00<00:03, 31.02it/s]
Animation 38: LaggedStart(Group), etc.:   9%|▉         | 11/120 [00:00<00:03, 30.05it/s]
Animation 38: LaggedStart(Group), etc.:  12%|█▎        | 15/120 [00:00<00:03, 30.49it/s]
Animation 38: LaggedStart(Group), etc.:  16%|█▌        | 19/120 [00:00<00:03, 31.18it/s]
Animation 38: LaggedStart(Group), etc.:  19%|█▉        | 23/120 [00:00<00:03, 30.30it/s]
Animation 38: LaggedStart(Group), etc.:  22%|██▎       | 27/120 [00:00<00:03, 30.63it/s]
Animation 38: LaggedStart(Group), etc.:  26%|██▌       | 31/120 [00:01<00:02, 30.41it/s]
Animation 38: LaggedStart(Group), etc.:  29%|██▉       | 35/120 [00:01<00:02, 30.86it/s]
Animation 38: LaggedStart(Group), etc.:  32%|███▎      | 39/120 [00:01<00:02, 30.09it/s]
Animation 38: LaggedStart(Group), etc.:  36%|███▌      | 43/120 [00:01<00:02, 30.38it/s]
Animation 38: LaggedStart(Group), etc.:  39%|███▉      | 47/120 [00:01<00:02, 29.21it/s]
Animation 38: LaggedStart(Group), etc.:  42%|████▏     | 50/120 [00:01<00:02, 29.12it/s]
Animation 38: LaggedStart(Group), etc.:  44%|████▍     | 53/120 [00:01<00:02, 27.79it/s]
Animation 38: LaggedStart(Group), etc.:  47%|████▋     | 56/120 [00:01<00:02, 27.00it/s]
Animation 38: LaggedStart(Group), etc.:  49%|████▉     | 59/120 [00:02<00:02, 27.28it/s]
Animation 38: LaggedStart(Group), etc.:  52%|█████▏    | 62/120 [00:02<00:02, 26.86it/s]
Animation 38: LaggedStart(Group), etc.:  54%|█████▍    | 65/120 [00:02<00:02, 27.11it/s]
Animation 38: LaggedStart(Group), etc.:  57%|█████▋    | 68/120 [00:02<00:01, 27.07it/s]
Animation 38: LaggedStart(Group), etc.:  60%|██████    | 72/120 [00:02<00:01, 28.56it/s]
Animation 38: LaggedStart(Group), etc.:  62%|██████▎   | 75/120 [00:02<00:01, 28.63it/s]
Animation 38: LaggedStart(Group), etc.:  65%|██████▌   | 78/120 [00:02<00:01, 27.75it/s]
Animation 38: LaggedStart(Group), etc.:  68%|██████▊   | 81/120 [00:02<00:01, 27.10it/s]
Animation 38: LaggedStart(Group), etc.:  70%|███████   | 84/120 [00:02<00:01, 27.70it/s]
Animation 38: LaggedStart(Group), etc.:  72%|███████▎  | 87/120 [00:03<00:01, 28.13it/s]
Animation 38: LaggedStart(Group), etc.:  75%|███████▌  | 90/120 [00:03<00:01, 28.05it/s]
Animation 38: LaggedStart(Group), etc.:  78%|███████▊  | 93/120 [00:03<00:00, 28.08it/s]
Animation 38: LaggedStart(Group), etc.:  81%|████████  | 97/120 [00:03<00:00, 28.41it/s]
Animation 38: LaggedStart(Group), etc.:  83%|████████▎ | 100/120 [00:03<00:00, 28.62it/s]
Animation 38: LaggedStart(Group), etc.:  87%|████████▋ | 104/120 [00:03<00:00, 29.28it/s]
Animation 38: LaggedStart(Group), etc.:  90%|█████████ | 108/120 [00:03<00:00, 30.02it/s]
Animation 38: LaggedStart(Group), etc.:  93%|█████████▎| 112/120 [00:03<00:00, 29.66it/s]
Animation 38: LaggedStart(Group), etc.:  97%|█████████▋| 116/120 [00:03<00:00, 30.04it/s]
Animation 38: LaggedStart(Group), etc.: 100%|██████████| 120/120 [00:04<00:00, 29.98it/s]
                                                                                         

Animation 40: LaggedStart(Group), etc.:   0%|          | 0/94 [00:00<?, ?it/s]
Animation 40: LaggedStart(Group), etc.:   3%|▎         | 3/94 [00:00<00:03, 24.53it/s]
Animation 40: LaggedStart(Group), etc.:   6%|▋         | 6/94 [00:00<00:04, 21.40it/s]
Animation 40: LaggedStart(Group), etc.:  10%|▉         | 9/94 [00:00<00:03, 21.63it/s]
Animation 40: LaggedStart(Group), etc.:  13%|█▎        | 12/94 [00:00<00:03, 21.38it/s]
Animation 40: LaggedStart(Group), etc.:  16%|█▌        | 15/94 [00:00<00:03, 21.61it/s]
Animation 40: LaggedStart(Group), etc.:  19%|█▉        | 18/94 [00:00<00:03, 21.57it/s]
Animation 40: LaggedStart(Group), etc.:  22%|██▏       | 21/94 [00:00<00:03, 21.82it/s]
Animation 40: LaggedStart(Group), etc.:  26%|██▌       | 24/94 [00:01<00:03, 22.27it/s]
Animation 40: LaggedStart(Group), etc.:  29%|██▊       | 27/94 [00:01<00:03, 22.03it/s]
Animation 40: LaggedStart(Group), etc.:  32%|███▏      | 30/94 [00:01<00:02, 22.17it/s]
Animation 40: LaggedStart(Group), etc.:  35%|███▌      | 33/94 [00:01<00:02, 22.02it/s]
Animation 40: LaggedStart(Group), etc.:  38%|███▊      | 36/94 [00:01<00:02, 21.34it/s]
Animation 40: LaggedStart(Group), etc.:  41%|████▏     | 39/94 [00:01<00:02, 21.69it/s]
Animation 40: LaggedStart(Group), etc.:  45%|████▍     | 42/94 [00:01<00:02, 21.31it/s]
Animation 40: LaggedStart(Group), etc.:  48%|████▊     | 45/94 [00:02<00:02, 20.60it/s]
Animation 40: LaggedStart(Group), etc.:  51%|█████     | 48/94 [00:02<00:02, 20.53it/s]
Animation 40: LaggedStart(Group), etc.:  54%|█████▍    | 51/94 [00:02<00:02, 20.38it/s]
Animation 40: LaggedStart(Group), etc.:  57%|█████▋    | 54/94 [00:02<00:01, 20.13it/s]
Animation 40: LaggedStart(Group), etc.:  61%|██████    | 57/94 [00:02<00:01, 19.73it/s]
Animation 40: LaggedStart(Group), etc.:  63%|██████▎   | 59/94 [00:02<00:01, 19.47it/s]
Animation 40: LaggedStart(Group), etc.:  65%|██████▍   | 61/94 [00:02<00:01, 19.40it/s]
Animation 40: LaggedStart(Group), etc.:  67%|██████▋   | 63/94 [00:03<00:01, 19.53it/s]
Animation 40: LaggedStart(Group), etc.:  69%|██████▉   | 65/94 [00:03<00:01, 19.52it/s]
Animation 40: LaggedStart(Group), etc.:  72%|███████▏  | 68/94 [00:03<00:01, 20.04it/s]
Animation 40: LaggedStart(Group), etc.:  76%|███████▌  | 71/94 [00:03<00:01, 20.20it/s]
Animation 40: LaggedStart(Group), etc.:  79%|███████▊  | 74/94 [00:03<00:01, 19.53it/s]
Animation 40: LaggedStart(Group), etc.:  82%|████████▏ | 77/94 [00:03<00:00, 19.93it/s]
Animation 40: LaggedStart(Group), etc.:  85%|████████▌ | 80/94 [00:03<00:00, 20.02it/s]
Animation 40: LaggedStart(Group), etc.:  88%|████████▊ | 83/94 [00:04<00:00, 20.30it/s]
Animation 40: LaggedStart(Group), etc.:  91%|█████████▏| 86/94 [00:04<00:00, 20.31it/s]
Animation 40: LaggedStart(Group), etc.:  95%|█████████▍| 89/94 [00:04<00:00, 20.45it/s]
Animation 40: LaggedStart(Group), etc.:  98%|█████████▊| 92/94 [00:04<00:00, 20.46it/s]
                                                                                       

Animation 42: LaggedStart(Group), etc.:   0%|          | 0/120 [00:00<?, ?it/s]
Animation 42: LaggedStart(Group), etc.:   2%|▏         | 2/120 [00:00<00:06, 18.39it/s]
Animation 42: LaggedStart(Group), etc.:   3%|▎         | 4/120 [00:00<00:07, 15.47it/s]
Animation 42: LaggedStart(Group), etc.:   5%|▌         | 6/120 [00:00<00:08, 13.90it/s]
Animation 42: LaggedStart(Group), etc.:   7%|▋         | 8/120 [00:00<00:08, 13.41it/s]
Animation 42: LaggedStart(Group), etc.:   8%|▊         | 10/120 [00:00<00:08, 13.46it/s]
Animation 42: LaggedStart(Group), etc.:  10%|█         | 12/120 [00:00<00:07, 14.27it/s]
Animation 42: LaggedStart(Group), etc.:  12%|█▏        | 14/120 [00:00<00:07, 14.50it/s]
Animation 42: LaggedStart(Group), etc.:  13%|█▎        | 16/120 [00:01<00:07, 14.74it/s]
Animation 42: LaggedStart(Group), etc.:  15%|█▌        | 18/120 [00:01<00:06, 14.65it/s]
Animation 42: LaggedStart(Group), etc.:  17%|█▋        | 20/120 [00:01<00:06, 15.94it/s]
Animation 42: LaggedStart(Group), etc.:  19%|█▉        | 23/120 [00:01<00:05, 18.11it/s]
Animation 42: LaggedStart(Group), etc.:  22%|██▏       | 26/120 [00:01<00:04, 19.61it/s]
Animation 42: LaggedStart(Group), etc.:  24%|██▍       | 29/120 [00:01<00:04, 20.46it/s]
Animation 42: LaggedStart(Group), etc.:  27%|██▋       | 32/120 [00:01<00:04, 20.74it/s]
Animation 42: LaggedStart(Group), etc.:  29%|██▉       | 35/120 [00:02<00:04, 20.83it/s]
Animation 42: LaggedStart(Group), etc.:  32%|███▏      | 38/120 [00:02<00:04, 19.91it/s]
Animation 42: LaggedStart(Group), etc.:  34%|███▍      | 41/120 [00:02<00:04, 19.67it/s]
Animation 42: LaggedStart(Group), etc.:  36%|███▌      | 43/120 [00:02<00:03, 19.55it/s]
Animation 42: LaggedStart(Group), etc.:  38%|███▊      | 46/120 [00:02<00:03, 20.06it/s]
Animation 42: LaggedStart(Group), etc.:  41%|████      | 49/120 [00:02<00:03, 20.07it/s]
Animation 42: LaggedStart(Group), etc.:  43%|████▎     | 52/120 [00:02<00:03, 20.40it/s]
Animation 42: LaggedStart(Group), etc.:  46%|████▌     | 55/120 [00:03<00:03, 20.29it/s]
Animation 42: LaggedStart(Group), etc.:  48%|████▊     | 58/120 [00:03<00:03, 19.68it/s]
Animation 42: LaggedStart(Group), etc.:  50%|█████     | 60/120 [00:03<00:03, 19.40it/s]
Animation 42: LaggedStart(Group), etc.:  52%|█████▏    | 62/120 [00:03<00:02, 19.37it/s]
Animation 42: LaggedStart(Group), etc.:  54%|█████▍    | 65/120 [00:03<00:02, 19.82it/s]
Animation 42: LaggedStart(Group), etc.:  57%|█████▋    | 68/120 [00:03<00:02, 19.89it/s]
Animation 42: LaggedStart(Group), etc.:  58%|█████▊    | 70/120 [00:03<00:02, 19.55it/s]
Animation 42: LaggedStart(Group), etc.:  60%|██████    | 72/120 [00:03<00:02, 19.47it/s]
Animation 42: LaggedStart(Group), etc.:  62%|██████▏   | 74/120 [00:04<00:02, 18.95it/s]
Animation 42: LaggedStart(Group), etc.:  63%|██████▎   | 76/120 [00:04<00:02, 19.22it/s]
Animation 42: LaggedStart(Group), etc.:  65%|██████▌   | 78/120 [00:04<00:02, 19.14it/s]
Animation 42: LaggedStart(Group), etc.:  67%|██████▋   | 80/120 [00:04<00:02, 19.32it/s]
Animation 42: LaggedStart(Group), etc.:  69%|██████▉   | 83/120 [00:04<00:01, 20.02it/s]
Animation 42: LaggedStart(Group), etc.:  72%|███████▏  | 86/120 [00:04<00:01, 20.59it/s]
Animation 42: LaggedStart(Group), etc.:  74%|███████▍  | 89/120 [00:04<00:01, 20.50it/s]
Animation 42: LaggedStart(Group), etc.:  77%|███████▋  | 92/120 [00:04<00:01, 20.93it/s]
Animation 42: LaggedStart(Group), etc.:  79%|███████▉  | 95/120 [00:05<00:01, 20.49it/s]
Animation 42: LaggedStart(Group), etc.:  82%|████████▏ | 98/120 [00:05<00:01, 20.85it/s]
Animation 42: LaggedStart(Group), etc.:  84%|████████▍ | 101/120 [00:05<00:00, 21.33it/s]
Animation 42: LaggedStart(Group), etc.:  87%|████████▋ | 104/120 [00:05<00:00, 19.48it/s]
Animation 42: LaggedStart(Group), etc.:  88%|████████▊ | 106/120 [00:05<00:00, 18.24it/s]
Animation 42: LaggedStart(Group), etc.:  91%|█████████ | 109/120 [00:05<00:00, 18.73it/s]
Animation 42: LaggedStart(Group), etc.:  93%|█████████▎| 112/120 [00:05<00:00, 19.39it/s]
Animation 42: LaggedStart(Group), etc.:  96%|█████████▌| 115/120 [00:06<00:00, 19.77it/s]
Animation 42: LaggedStart(Group), etc.:  98%|█████████▊| 118/120 [00:06<00:00, 19.80it/s]
Animation 42: LaggedStart(Group), etc.: 100%|██████████| 120/120 [00:06<00:00, 19.62it/s]
                                                                                         

Animation 44: Create(ParametricFunction):   0%|          | 0/138 [00:00<?, ?it/s]
Animation 44: Create(ParametricFunction):   5%|▌         | 7/138 [00:00<00:02, 63.13it/s]
Animation 44: Create(ParametricFunction):  10%|█         | 14/138 [00:00<00:01, 65.90it/s]
Animation 44: Create(ParametricFunction):  16%|█▌        | 22/138 [00:00<00:01, 71.34it/s]
Animation 44: Create(ParametricFunction):  22%|██▏       | 31/138 [00:00<00:01, 76.43it/s]
Animation 44: Create(ParametricFunction):  30%|██▉       | 41/138 [00:00<00:01, 83.35it/s]
Animation 44: Create(ParametricFunction):  38%|███▊      | 53/138 [00:00<00:00, 94.15it/s]
Animation 44: Create(ParametricFunction):  46%|████▌     | 63/138 [00:00<00:00, 87.37it/s]
Animation 44: Create(ParametricFunction):  52%|█████▏    | 72/138 [00:00<00:00, 79.28it/s]
Animation 44: Create(ParametricFunction):  59%|█████▊    | 81/138 [00:01<00:00, 69.77it/s]
Animation 44: Create(ParametricFunction):  64%|██████▍   | 89/138 [00:01<00:00, 67.89it/s]
Animation 44: Create(ParametricFunction):  71%|███████   | 98/138 [00:01<00:00, 71.38it/s]
Animation 44: Create(ParametricFunction):  78%|███████▊  | 107/138 [00:01<00:00, 73.80it/s]
Animation 44: Create(ParametricFunction):  83%|████████▎ | 115/138 [00:01<00:00, 68.97it/s]
Animation 44: Create(ParametricFunction):  89%|████████▉ | 123/138 [00:01<00:00, 68.79it/s]
Animation 44: Create(ParametricFunction):  95%|█████████▍| 131/138 [00:01<00:00, 70.55it/s]
                                                                                           

Animation 46: FadeIn(Rectangle):   0%|          | 0/72 [00:00<?, ?it/s]
Animation 46: FadeIn(Rectangle):  14%|█▍        | 10/72 [00:00<00:00, 88.23it/s]
Animation 46: FadeIn(Rectangle):  26%|██▋       | 19/72 [00:00<00:00, 82.01it/s]
Animation 46: FadeIn(Rectangle):  39%|███▉      | 28/72 [00:00<00:00, 84.88it/s]
Animation 46: FadeIn(Rectangle):  51%|█████▏    | 37/72 [00:00<00:00, 84.98it/s]
Animation 46: FadeIn(Rectangle):  65%|██████▌   | 47/72 [00:00<00:00, 90.09it/s]
Animation 46: FadeIn(Rectangle):  79%|███████▉  | 57/72 [00:00<00:00, 92.14it/s]
Animation 46: FadeIn(Rectangle):  93%|█████████▎| 67/72 [00:00<00:00, 90.06it/s]
                                                                                

Animation 48: FadeOut(Rectangle):   0%|          | 0/24 [00:00<?, ?it/s]
Animation 48: FadeOut(Rectangle):  42%|████▏     | 10/24 [00:00<00:00, 93.06it/s]
Animation 48: FadeOut(Rectangle):  88%|████████▊ | 21/24 [00:00<00:00, 96.72it/s]
                                                                                 

Animation 49: Write(Text('one at a time')):   0%|          | 0/84 [00:00<?, ?it/s]
Animation 49: Write(Text('one at a time')):   8%|▊         | 7/84 [00:00<00:01, 69.18it/s]
Animation 49: Write(Text('one at a time')):  17%|█▋        | 14/84 [00:00<00:01, 69.51it/s]
Animation 49: Write(Text('one at a time')):  26%|██▌       | 22/84 [00:00<00:00, 71.17it/s]
Animation 49: Write(Text('one at a time')):  36%|███▌      | 30/84 [00:00<00:00, 66.66it/s]
Animation 49: Write(Text('one at a time')):  45%|████▌     | 38/84 [00:00<00:00, 69.29it/s]
Animation 49: Write(Text('one at a time')):  55%|█████▍    | 46/84 [00:00<00:00, 70.55it/s]
Animation 49: Write(Text('one at a time')):  64%|██████▍   | 54/84 [00:00<00:00, 63.10it/s]
Animation 49: Write(Text('one at a time')):  73%|███████▎  | 61/84 [00:00<00:00, 61.39it/s]
Animation 49: Write(Text('one at a time')):  81%|████████  | 68/84 [00:01<00:00, 60.37it/s]
Animation 49: Write(Text('one at a time')):  89%|████████▉ | 75/84 [00:01<00:00, 60.14it/s]
Animation 49: Write(Text('one at a time')):  98%|█████████▊| 82/84 [00:01<00:00, 57.94it/s]
                                                                                           

Animation 50: Indicate(RoundedRectangle):   0%|          | 0/36 [00:00<?, ?it/s]
Animation 50: Indicate(RoundedRectangle):   6%|▌         | 2/36 [00:00<00:01, 18.33it/s]
Animation 50: Indicate(RoundedRectangle):  11%|█         | 4/36 [00:00<00:01, 18.26it/s]
Animation 50: Indicate(RoundedRectangle):  17%|█▋        | 6/36 [00:00<00:01, 18.71it/s]
Animation 50: Indicate(RoundedRectangle):  22%|██▏       | 8/36 [00:00<00:01, 18.50it/s]
Animation 50: Indicate(RoundedRectangle):  28%|██▊       | 10/36 [00:00<00:01, 18.56it/s]
Animation 50: Indicate(RoundedRectangle):  33%|███▎      | 12/36 [00:00<00:01, 18.04it/s]
Animation 50: Indicate(RoundedRectangle):  39%|███▉      | 14/36 [00:00<00:01, 18.40it/s]
Animation 50: Indicate(RoundedRectangle):  44%|████▍     | 16/36 [00:00<00:01, 18.24it/s]
Animation 50: Indicate(RoundedRectangle):  50%|█████     | 18/36 [00:00<00:00, 18.43it/s]
Animation 50: Indicate(RoundedRectangle):  56%|█████▌    | 20/36 [00:01<00:00, 18.35it/s]
Animation 50: Indicate(RoundedRectangle):  61%|██████    | 22/36 [00:01<00:00, 18.40it/s]
Animation 50: Indicate(RoundedRectangle):  67%|██████▋   | 24/36 [00:01<00:00, 18.78it/s]
Animation 50: Indicate(RoundedRectangle):  75%|███████▌  | 27/36 [00:01<00:00, 19.23it/s]
Animation 50: Indicate(RoundedRectangle):  81%|████████  | 29/36 [00:01<00:00, 19.21it/s]
Animation 50: Indicate(RoundedRectangle):  89%|████████▉ | 32/36 [00:01<00:00, 19.45it/s]
Animation 50: Indicate(RoundedRectangle):  97%|█████████▋| 35/36 [00:01<00:00, 19.65it/s]
                                                                                         

Animation 52: FadeIn(VGroup of 4 submobjects), etc.:   0%|          | 0/120 [00:00<?, ?it/s]
Animation 52: FadeIn(VGroup of 4 submobjects), etc.:   7%|▋         | 8/120 [00:00<00:01, 77.57it/s]
Animation 52: FadeIn(VGroup of 4 submobjects), etc.:  13%|█▎        | 16/120 [00:00<00:01, 73.51it/s]
Animation 52: FadeIn(VGroup of 4 submobjects), etc.:  20%|██        | 24/120 [00:00<00:01, 70.73it/s]
Animation 52: FadeIn(VGroup of 4 submobjects), etc.:  27%|██▋       | 32/120 [00:00<00:01, 69.39it/s]
Animation 52: FadeIn(VGroup of 4 submobjects), etc.:  32%|███▎      | 39/120 [00:00<00:01, 68.54it/s]
Animation 52: FadeIn(VGroup of 4 submobjects), etc.:  40%|████      | 48/120 [00:00<00:00, 74.90it/s]
Animation 52: FadeIn(VGroup of 4 submobjects), etc.:  47%|████▋     | 56/120 [00:00<00:00, 70.41it/s]
Animation 52: FadeIn(VGroup of 4 submobjects), etc.:  53%|█████▎    | 64/120 [00:00<00:00, 73.01it/s]
Animation 52: FadeIn(VGroup of 4 submobjects), etc.:  60%|██████    | 72/120 [00:00<00:00, 72.88it/s]
Animation 52: FadeIn(VGroup of 4 submobjects), etc.:  67%|██████▋   | 80/120 [00:01<00:00, 71.95it/s]
Animation 52: FadeIn(VGroup of 4 submobjects), etc.:  73%|███████▎  | 88/120 [00:01<00:00, 72.85it/s]
Animation 52: FadeIn(VGroup of 4 submobjects), etc.:  80%|████████  | 96/120 [00:01<00:00, 68.62it/s]
Animation 52: FadeIn(VGroup of 4 submobjects), etc.:  86%|████████▌ | 103/120 [00:01<00:00, 66.81it/s]
Animation 52: FadeIn(VGroup of 4 submobjects), etc.:  92%|█████████▏| 110/120 [00:01<00:00, 67.56it/s]
Animation 52: FadeIn(VGroup of 4 submobjects), etc.:  98%|█████████▊| 117/120 [00:01<00:00, 67.84it/s]
                                                                                                      

Animation 54: _MethodAnimation(VGroup of 4 submobjects), etc.:   0%|          | 0/30 [00:00<?, ?it/s]
Animation 54: _MethodAnimation(VGroup of 4 submobjects), etc.:  27%|██▋       | 8/30 [00:00<00:00, 79.34it/s]
Animation 54: _MethodAnimation(VGroup of 4 submobjects), etc.:  53%|█████▎    | 16/30 [00:00<00:00, 67.55it/s]
Animation 54: _MethodAnimation(VGroup of 4 submobjects), etc.:  77%|███████▋  | 23/30 [00:00<00:00, 67.74it/s]
                                                                                                              

Animation 55: Write(VGroup of 1 submobjects):   0%|          | 0/72 [00:00<?, ?it/s]
Animation 55: Write(VGroup of 1 submobjects):  10%|▉         | 7/72 [00:00<00:01, 64.63it/s]
Animation 55: Write(VGroup of 1 submobjects):  19%|█▉        | 14/72 [00:00<00:00, 60.46it/s]
Animation 55: Write(VGroup of 1 submobjects):  29%|██▉       | 21/72 [00:00<00:00, 58.39it/s]
Animation 55: Write(VGroup of 1 submobjects):  38%|███▊      | 27/72 [00:00<00:00, 57.63it/s]
Animation 55: Write(VGroup of 1 submobjects):  46%|████▌     | 33/72 [00:00<00:00, 56.40it/s]
Animation 55: Write(VGroup of 1 submobjects):  54%|█████▍    | 39/72 [00:00<00:00, 57.16it/s]
Animation 55: Write(VGroup of 1 submobjects):  62%|██████▎   | 45/72 [00:00<00:00, 57.74it/s]
Animation 55: Write(VGroup of 1 submobjects):  71%|███████   | 51/72 [00:00<00:00, 56.11it/s]
Animation 55: Write(VGroup of 1 submobjects):  79%|███████▉  | 57/72 [00:01<00:00, 54.93it/s]
Animation 55: Write(VGroup of 1 submobjects):  88%|████████▊ | 63/72 [00:01<00:00, 54.30it/s]
Animation 55: Write(VGroup of 1 submobjects):  96%|█████████▌| 69/72 [00:01<00:00, 52.84it/s]
                                                                                             

Animation 56: Write(VGroup of 2 submobjects):   0%|          | 0/72 [00:00<?, ?it/s]
Animation 56: Write(VGroup of 2 submobjects):  10%|▉         | 7/72 [00:00<00:01, 59.38it/s]
Animation 56: Write(VGroup of 2 submobjects):  18%|█▊        | 13/72 [00:00<00:01, 57.84it/s]
Animation 56: Write(VGroup of 2 submobjects):  26%|██▋       | 19/72 [00:00<00:00, 55.12it/s]
Animation 56: Write(VGroup of 2 submobjects):  35%|███▍      | 25/72 [00:00<00:00, 54.69it/s]
Animation 56: Write(VGroup of 2 submobjects):  43%|████▎     | 31/72 [00:00<00:00, 51.66it/s]
Animation 56: Write(VGroup of 2 submobjects):  51%|█████▏    | 37/72 [00:00<00:00, 49.73it/s]
Animation 56: Write(VGroup of 2 submobjects):  60%|█████▉    | 43/72 [00:00<00:00, 48.15it/s]
Animation 56: Write(VGroup of 2 submobjects):  67%|██████▋   | 48/72 [00:00<00:00, 44.84it/s]
Animation 56: Write(VGroup of 2 submobjects):  74%|███████▎  | 53/72 [00:01<00:00, 44.13it/s]
Animation 56: Write(VGroup of 2 submobjects):  81%|████████  | 58/72 [00:01<00:00, 43.32it/s]
Animation 56: Write(VGroup of 2 submobjects):  88%|████████▊ | 63/72 [00:01<00:00, 43.59it/s]
Animation 56: Write(VGroup of 2 submobjects):  94%|█████████▍| 68/72 [00:01<00:00, 42.57it/s]
                                                                                             

Animation 58: Write(MathTex('|\\psi|^2')):   0%|          | 0/120 [00:00<?, ?it/s]
Animation 58: Write(MathTex('|\\psi|^2')):   8%|▊         | 9/120 [00:00<00:01, 81.62it/s]
Animation 58: Write(MathTex('|\\psi|^2')):  15%|█▌        | 18/120 [00:00<00:01, 86.00it/s]
Animation 58: Write(MathTex('|\\psi|^2')):  22%|██▎       | 27/120 [00:00<00:01, 87.74it/s]
Animation 58: Write(MathTex('|\\psi|^2')):  32%|███▏      | 38/120 [00:00<00:00, 92.41it/s]
Animation 58: Write(MathTex('|\\psi|^2')):  42%|████▎     | 51/120 [00:00<00:00, 101.55it/s]
Animation 58: Write(MathTex('|\\psi|^2')):  52%|█████▏    | 62/120 [00:00<00:00, 95.25it/s] 
Animation 58: Write(MathTex('|\\psi|^2')):  60%|██████    | 72/120 [00:00<00:00, 92.05it/s]
Animation 58: Write(MathTex('|\\psi|^2')):  68%|██████▊   | 82/120 [00:00<00:00, 87.55it/s]
Animation 58: Write(MathTex('|\\psi|^2')):  77%|███████▋  | 92/120 [00:01<00:00, 90.98it/s]
Animation 58: Write(MathTex('|\\psi|^2')):  85%|████████▌ | 102/120 [00:01<00:00, 86.36it/s]
Animation 58: Write(MathTex('|\\psi|^2')):  92%|█████████▎| 111/120 [00:01<00:00, 85.63it/s]
Animation 58: Write(MathTex('|\\psi|^2')): 100%|██████████| 120/120 [00:01<00:00, 84.61it/s]
                                                                                            

Animation 60: Write(MathTex('\\lambda = h/p')):   0%|          | 0/120 [00:00<?, ?it/s]
Animation 60: Write(MathTex('\\lambda = h/p')):   8%|▊         | 9/120 [00:00<00:01, 80.02it/s]
Animation 60: Write(MathTex('\\lambda = h/p')):  15%|█▌        | 18/120 [00:00<00:01, 68.05it/s]
Animation 60: Write(MathTex('\\lambda = h/p')):  21%|██        | 25/120 [00:00<00:01, 68.59it/s]
Animation 60: Write(MathTex('\\lambda = h/p')):  28%|██▊       | 33/120 [00:00<00:01, 69.67it/s]
Animation 60: Write(MathTex('\\lambda = h/p')):  34%|███▍      | 41/120 [00:00<00:01, 70.37it/s]
Animation 60: Write(MathTex('\\lambda = h/p')):  42%|████▎     | 51/120 [00:00<00:00, 75.80it/s]
Animation 60: Write(MathTex('\\lambda = h/p')):  49%|████▉     | 59/120 [00:00<00:00, 69.61it/s]
Animation 60: Write(MathTex('\\lambda = h/p')):  56%|█████▌    | 67/120 [00:00<00:00, 68.20it/s]
Animation 60: Write(MathTex('\\lambda = h/p')):  62%|██████▏   | 74/120 [00:01<00:00, 64.45it/s]
Animation 60: Write(MathTex('\\lambda = h/p')):  68%|██████▊   | 81/120 [00:01<00:00, 60.97it/s]
Animation 60: Write(MathTex('\\lambda = h/p')):  74%|███████▍  | 89/120 [00:01<00:00, 63.39it/s]
Animation 60: Write(MathTex('\\lambda = h/p')):  80%|████████  | 96/120 [00:01<00:00, 64.59it/s]
Animation 60: Write(MathTex('\\lambda = h/p')):  86%|████████▌ | 103/120 [00:01<00:00, 64.01it/s]
Animation 60: Write(MathTex('\\lambda = h/p')):  92%|█████████▏| 110/120 [00:01<00:00, 63.63it/s]
Animation 60: Write(MathTex('\\lambda = h/p')):  98%|█████████▊| 117/120 [00:01<00:00, 62.54it/s]
                                                                                                 

Animation 62: _MethodAnimation(Dot), etc.:   0%|          | 0/72 [00:00<?, ?it/s]
Animation 62: _MethodAnimation(Dot), etc.:   4%|▍         | 3/72 [00:00<00:02, 29.95it/s]
Animation 62: _MethodAnimation(Dot), etc.:   8%|▊         | 6/72 [00:00<00:02, 23.47it/s]
Animation 62: _MethodAnimation(Dot), etc.:  12%|█▎        | 9/72 [00:00<00:02, 25.19it/s]
Animation 62: _MethodAnimation(Dot), etc.:  17%|█▋        | 12/72 [00:00<00:02, 25.53it/s]
Animation 62: _MethodAnimation(Dot), etc.:  21%|██        | 15/72 [00:00<00:02, 26.44it/s]
Animation 62: _MethodAnimation(Dot), etc.:  25%|██▌       | 18/72 [00:00<00:02, 26.41it/s]
Animation 62: _MethodAnimation(Dot), etc.:  29%|██▉       | 21/72 [00:00<00:01, 27.17it/s]
Animation 62: _MethodAnimation(Dot), etc.:  33%|███▎      | 24/72 [00:00<00:01, 24.94it/s]
Animation 62: _MethodAnimation(Dot), etc.:  38%|███▊      | 27/72 [00:01<00:01, 26.07it/s]
Animation 62: _MethodAnimation(Dot), etc.:  42%|████▏     | 30/72 [00:01<00:01, 26.13it/s]
Animation 62: _MethodAnimation(Dot), etc.:  46%|████▌     | 33/72 [00:01<00:01, 26.12it/s]
Animation 62: _MethodAnimation(Dot), etc.:  50%|█████     | 36/72 [00:01<00:01, 27.05it/s]
Animation 62: _MethodAnimation(Dot), etc.:  54%|█████▍    | 39/72 [00:01<00:01, 26.89it/s]
Animation 62: _MethodAnimation(Dot), etc.:  58%|█████▊    | 42/72 [00:01<00:01, 26.83it/s]
Animation 62: _MethodAnimation(Dot), etc.:  62%|██████▎   | 45/72 [00:01<00:01, 26.62it/s]
Animation 62: _MethodAnimation(Dot), etc.:  67%|██████▋   | 48/72 [00:01<00:00, 26.46it/s]
Animation 62: _MethodAnimation(Dot), etc.:  71%|███████   | 51/72 [00:01<00:00, 26.62it/s]
Animation 62: _MethodAnimation(Dot), etc.:  75%|███████▌  | 54/72 [00:02<00:00, 27.12it/s]
Animation 62: _MethodAnimation(Dot), etc.:  79%|███████▉  | 57/72 [00:02<00:00, 26.94it/s]
Animation 62: _MethodAnimation(Dot), etc.:  83%|████████▎ | 60/72 [00:02<00:00, 26.92it/s]
Animation 62: _MethodAnimation(Dot), etc.:  88%|████████▊ | 63/72 [00:02<00:00, 26.40it/s]
Animation 62: _MethodAnimation(Dot), etc.:  92%|█████████▏| 66/72 [00:02<00:00, 26.55it/s]
Animation 62: _MethodAnimation(Dot), etc.:  96%|█████████▌| 69/72 [00:02<00:00, 25.78it/s]
Animation 62: _MethodAnimation(Dot), etc.: 100%|██████████| 72/72 [00:02<00:00, 25.99it/s]
                                                                                          

Animation 63: _MethodAnimation(Dot), etc.:   0%|          | 0/72 [00:00<?, ?it/s]
Animation 63: _MethodAnimation(Dot), etc.:   4%|▍         | 3/72 [00:00<00:02, 26.78it/s]
Animation 63: _MethodAnimation(Dot), etc.:   8%|▊         | 6/72 [00:00<00:02, 26.39it/s]
Animation 63: _MethodAnimation(Dot), etc.:  12%|█▎        | 9/72 [00:00<00:02, 26.45it/s]
Animation 63: _MethodAnimation(Dot), etc.:  17%|█▋        | 12/72 [00:00<00:02, 26.11it/s]
Animation 63: _MethodAnimation(Dot), etc.:  21%|██        | 15/72 [00:00<00:02, 26.39it/s]
Animation 63: _MethodAnimation(Dot), etc.:  25%|██▌       | 18/72 [00:00<00:02, 26.45it/s]
Animation 63: _MethodAnimation(Dot), etc.:  29%|██▉       | 21/72 [00:00<00:01, 26.39it/s]
Animation 63: _MethodAnimation(Dot), etc.:  33%|███▎      | 24/72 [00:00<00:01, 26.32it/s]
Animation 63: _MethodAnimation(Dot), etc.:  38%|███▊      | 27/72 [00:01<00:01, 26.61it/s]
Animation 63: _MethodAnimation(Dot), etc.:  42%|████▏     | 30/72 [00:01<00:01, 26.36it/s]
Animation 63: _MethodAnimation(Dot), etc.:  46%|████▌     | 33/72 [00:01<00:01, 26.90it/s]
Animation 63: _MethodAnimation(Dot), etc.:  50%|█████     | 36/72 [00:01<00:01, 26.84it/s]
Animation 63: _MethodAnimation(Dot), etc.:  54%|█████▍    | 39/72 [00:01<00:01, 26.88it/s]
Animation 63: _MethodAnimation(Dot), etc.:  58%|█████▊    | 42/72 [00:01<00:01, 27.43it/s]
Animation 63: _MethodAnimation(Dot), etc.:  62%|██████▎   | 45/72 [00:01<00:01, 26.00it/s]
Animation 63: _MethodAnimation(Dot), etc.:  67%|██████▋   | 48/72 [00:01<00:00, 26.87it/s]
Animation 63: _MethodAnimation(Dot), etc.:  71%|███████   | 51/72 [00:01<00:00, 27.50it/s]
Animation 63: _MethodAnimation(Dot), etc.:  75%|███████▌  | 54/72 [00:02<00:00, 27.48it/s]
Animation 63: _MethodAnimation(Dot), etc.:  79%|███████▉  | 57/72 [00:02<00:00, 27.87it/s]
Animation 63: _MethodAnimation(Dot), etc.:  83%|████████▎ | 60/72 [00:02<00:00, 27.06it/s]
Animation 63: _MethodAnimation(Dot), etc.:  88%|████████▊ | 63/72 [00:02<00:00, 27.28it/s]
Animation 63: _MethodAnimation(Dot), etc.:  92%|█████████▏| 66/72 [00:02<00:00, 27.66it/s]
Animation 63: _MethodAnimation(Dot), etc.:  96%|█████████▌| 69/72 [00:02<00:00, 27.25it/s]
Animation 63: _MethodAnimation(Dot), etc.: 100%|██████████| 72/72 [00:02<00:00, 26.93it/s]
                                                                                          

Animation 64: Flash(VGroup of 8 submobjects):   0%|          | 0/30 [00:00<?, ?it/s]
Animation 64: Flash(VGroup of 8 submobjects):  27%|██▋       | 8/30 [00:00<00:00, 79.88it/s]
Animation 64: Flash(VGroup of 8 submobjects):  57%|█████▋    | 17/30 [00:00<00:00, 81.70it/s]
Animation 64: Flash(VGroup of 8 submobjects):  87%|████████▋ | 26/30 [00:00<00:00, 81.22it/s]
                                                                                             

Animation 66: FadeIn(VGroup of 2 submobjects):   0%|          | 0/48 [00:00<?, ?it/s]
Animation 66: FadeIn(VGroup of 2 submobjects):  15%|█▍        | 7/48 [00:00<00:00, 66.62it/s]
Animation 66: FadeIn(VGroup of 2 submobjects):  29%|██▉       | 14/48 [00:00<00:00, 67.91it/s]
Animation 66: FadeIn(VGroup of 2 submobjects):  46%|████▌     | 22/48 [00:00<00:00, 72.67it/s]
Animation 66: FadeIn(VGroup of 2 submobjects):  65%|██████▍   | 31/48 [00:00<00:00, 77.09it/s]
Animation 66: FadeIn(VGroup of 2 submobjects):  83%|████████▎ | 40/48 [00:00<00:00, 80.42it/s]
                                                                                              

Animation 67: ReplacementTransform(ParametricFunction), etc.:   0%|          | 0/96 [00:00<?, ?it/s]
Animation 67: ReplacementTransform(ParametricFunction), etc.:   2%|▏         | 2/96 [00:00<00:08, 11.75it/s]
Animation 67: ReplacementTransform(ParametricFunction), etc.:   4%|▍         | 4/96 [00:00<00:07, 11.89it/s]
Animation 67: ReplacementTransform(ParametricFunction), etc.:   6%|▋         | 6/96 [00:00<00:07, 12.05it/s]
Animation 67: ReplacementTransform(ParametricFunction), etc.:   8%|▊         | 8/96 [00:00<00:07, 11.97it/s]
Animation 67: ReplacementTransform(ParametricFunction), etc.:  10%|█         | 10/96 [00:00<00:07, 12.24it/s]
Animation 67: ReplacementTransform(ParametricFunction), etc.:  12%|█▎        | 12/96 [00:00<00:06, 12.10it/s]
Animation 67: ReplacementTransform(ParametricFunction), etc.:  15%|█▍        | 14/96 [00:01<00:06, 12.10it/s]
Animation 67: ReplacementTransform(ParametricFunction), etc.:  17%|█▋        | 16/96 [00:01<00:06, 12.10it/s]
Animation 67: ReplacementTransform(ParametricFunction), etc.:  19%|█▉        | 18/96 [00:01<00:06, 12.07it/s]
Animation 67: ReplacementTransform(ParametricFunction), etc.:  21%|██        | 20/96 [00:01<00:06, 12.30it/s]
Animation 67: ReplacementTransform(ParametricFunction), etc.:  23%|██▎       | 22/96 [00:01<00:05, 12.51it/s]
Animation 67: ReplacementTransform(ParametricFunction), etc.:  25%|██▌       | 24/96 [00:01<00:05, 12.55it/s]
Animation 67: ReplacementTransform(ParametricFunction), etc.:  27%|██▋       | 26/96 [00:02<00:05, 12.58it/s]
Animation 67: ReplacementTransform(ParametricFunction), etc.:  29%|██▉       | 28/96 [00:02<00:05, 11.61it/s]
Animation 67: ReplacementTransform(ParametricFunction), etc.:  31%|███▏      | 30/96 [00:02<00:05, 11.89it/s]
Animation 67: ReplacementTransform(ParametricFunction), etc.:  33%|███▎      | 32/96 [00:02<00:05, 12.29it/s]
Animation 67: ReplacementTransform(ParametricFunction), etc.:  35%|███▌      | 34/96 [00:02<00:04, 12.56it/s]
Animation 67: ReplacementTransform(ParametricFunction), etc.:  38%|███▊      | 36/96 [00:02<00:04, 12.62it/s]
Animation 67: ReplacementTransform(ParametricFunction), etc.:  40%|███▉      | 38/96 [00:03<00:04, 12.59it/s]
Animation 67: ReplacementTransform(ParametricFunction), etc.:  42%|████▏     | 40/96 [00:03<00:04, 12.70it/s]
Animation 67: ReplacementTransform(ParametricFunction), etc.:  44%|████▍     | 42/96 [00:03<00:04, 12.89it/s]
Animation 67: ReplacementTransform(ParametricFunction), etc.:  46%|████▌     | 44/96 [00:03<00:04, 12.70it/s]
Animation 67: ReplacementTransform(ParametricFunction), etc.:  48%|████▊     | 46/96 [00:03<00:03, 12.81it/s]
Animation 67: ReplacementTransform(ParametricFunction), etc.:  50%|█████     | 48/96 [00:03<00:03, 12.74it/s]
Animation 67: ReplacementTransform(ParametricFunction), etc.:  52%|█████▏    | 50/96 [00:04<00:03, 12.51it/s]
Animation 67: ReplacementTransform(ParametricFunction), etc.:  54%|█████▍    | 52/96 [00:04<00:03, 12.60it/s]
Animation 67: ReplacementTransform(ParametricFunction), etc.:  56%|█████▋    | 54/96 [00:04<00:03, 12.60it/s]
Animation 67: ReplacementTransform(ParametricFunction), etc.:  58%|█████▊    | 56/96 [00:04<00:03, 11.75it/s]
Animation 67: ReplacementTransform(ParametricFunction), etc.:  60%|██████    | 58/96 [00:04<00:03, 12.03it/s]
Animation 67: ReplacementTransform(ParametricFunction), etc.:  62%|██████▎   | 60/96 [00:04<00:02, 12.15it/s]
Animation 67: ReplacementTransform(ParametricFunction), etc.:  65%|██████▍   | 62/96 [00:05<00:02, 12.34it/s]
Animation 67: ReplacementTransform(ParametricFunction), etc.:  67%|██████▋   | 64/96 [00:05<00:02, 12.25it/s]
Animation 67: ReplacementTransform(ParametricFunction), etc.:  69%|██████▉   | 66/96 [00:05<00:02, 12.32it/s]
Animation 67: ReplacementTransform(ParametricFunction), etc.:  71%|███████   | 68/96 [00:05<00:02, 12.24it/s]
Animation 67: ReplacementTransform(ParametricFunction), etc.:  73%|███████▎  | 70/96 [00:05<00:02, 12.48it/s]
Animation 67: ReplacementTransform(ParametricFunction), etc.:  75%|███████▌  | 72/96 [00:05<00:01, 12.48it/s]
Animation 67: ReplacementTransform(ParametricFunction), etc.:  77%|███████▋  | 74/96 [00:06<00:01, 12.31it/s]
Animation 67: ReplacementTransform(ParametricFunction), etc.:  79%|███████▉  | 76/96 [00:06<00:01, 12.57it/s]
Animation 67: ReplacementTransform(ParametricFunction), etc.:  81%|████████▏ | 78/96 [00:06<00:01, 11.85it/s]
Animation 67: ReplacementTransform(ParametricFunction), etc.:  83%|████████▎ | 80/96 [00:06<00:01, 11.80it/s]
Animation 67: ReplacementTransform(ParametricFunction), etc.:  85%|████████▌ | 82/96 [00:06<00:01, 11.93it/s]
Animation 67: ReplacementTransform(ParametricFunction), etc.:  88%|████████▊ | 84/96 [00:06<00:00, 12.24it/s]
Animation 67: ReplacementTransform(ParametricFunction), etc.:  90%|████████▉ | 86/96 [00:06<00:00, 12.47it/s]
Animation 67: ReplacementTransform(ParametricFunction), etc.:  92%|█████████▏| 88/96 [00:07<00:00, 12.71it/s]
Animation 67: ReplacementTransform(ParametricFunction), etc.:  94%|█████████▍| 90/96 [00:07<00:00, 12.81it/s]
Animation 67: ReplacementTransform(ParametricFunction), etc.:  96%|█████████▌| 92/96 [00:07<00:00, 13.12it/s]
Animation 67: ReplacementTransform(ParametricFunction), etc.:  98%|█████████▊| 94/96 [00:07<00:00, 12.78it/s]
Animation 67: ReplacementTransform(ParametricFunction), etc.: 100%|██████████| 96/96 [00:07<00:00, 12.97it/s]
                                                                                                             

Animation 69: FadeOut(VGroup of 3 submobjects):   0%|          | 0/18 [00:00<?, ?it/s]
Animation 69: FadeOut(VGroup of 3 submobjects):  22%|██▏       | 4/18 [00:00<00:00, 30.36it/s]
Animation 69: FadeOut(VGroup of 3 submobjects):  44%|████▍     | 8/18 [00:00<00:00, 29.49it/s]
Animation 69: FadeOut(VGroup of 3 submobjects):  61%|██████    | 11/18 [00:00<00:00, 29.09it/s]
Animation 69: FadeOut(VGroup of 3 submobjects):  78%|███████▊  | 14/18 [00:00<00:00, 27.50it/s]
Animation 69: FadeOut(VGroup of 3 submobjects):  94%|█████████▍| 17/18 [00:00<00:00, 27.37it/s]
                                                                                               

Animation 70: Write(VGroup of 2 submobjects):   0%|          | 0/120 [00:00<?, ?it/s]
Animation 70: Write(VGroup of 2 submobjects):   5%|▌         | 6/120 [00:00<00:02, 48.83it/s]
Animation 70: Write(VGroup of 2 submobjects):   9%|▉         | 11/120 [00:00<00:02, 47.38it/s]
Animation 70: Write(VGroup of 2 submobjects):  13%|█▎        | 16/120 [00:00<00:02, 42.98it/s]
Animation 70: Write(VGroup of 2 submobjects):  18%|█▊        | 21/120 [00:00<00:02, 42.89it/s]
Animation 70: Write(VGroup of 2 submobjects):  22%|██▏       | 26/120 [00:00<00:02, 43.35it/s]
Animation 70: Write(VGroup of 2 submobjects):  26%|██▌       | 31/120 [00:00<00:02, 43.86it/s]
Animation 70: Write(VGroup of 2 submobjects):  30%|███       | 36/120 [00:00<00:01, 43.28it/s]
Animation 70: Write(VGroup of 2 submobjects):  34%|███▍      | 41/120 [00:00<00:01, 44.03it/s]
Animation 70: Write(VGroup of 2 submobjects):  38%|███▊      | 46/120 [00:01<00:01, 42.63it/s]
Animation 70: Write(VGroup of 2 submobjects):  42%|████▎     | 51/120 [00:01<00:01, 43.59it/s]
Animation 70: Write(VGroup of 2 submobjects):  47%|████▋     | 56/120 [00:01<00:01, 42.62it/s]
Animation 70: Write(VGroup of 2 submobjects):  51%|█████     | 61/120 [00:01<00:01, 42.07it/s]
Animation 70: Write(VGroup of 2 submobjects):  55%|█████▌    | 66/120 [00:01<00:01, 40.19it/s]
Animation 70: Write(VGroup of 2 submobjects):  59%|█████▉    | 71/120 [00:01<00:01, 40.20it/s]
Animation 70: Write(VGroup of 2 submobjects):  63%|██████▎   | 76/120 [00:01<00:01, 39.68it/s]
Animation 70: Write(VGroup of 2 submobjects):  67%|██████▋   | 80/120 [00:01<00:01, 39.19it/s]
Animation 70: Write(VGroup of 2 submobjects):  70%|███████   | 84/120 [00:02<00:00, 38.19it/s]
Animation 70: Write(VGroup of 2 submobjects):  73%|███████▎  | 88/120 [00:02<00:00, 37.50it/s]
Animation 70: Write(VGroup of 2 submobjects):  77%|███████▋  | 92/120 [00:02<00:00, 37.80it/s]
Animation 70: Write(VGroup of 2 submobjects):  80%|████████  | 96/120 [00:02<00:00, 37.09it/s]
Animation 70: Write(VGroup of 2 submobjects):  83%|████████▎ | 100/120 [00:02<00:00, 36.45it/s]
Animation 70: Write(VGroup of 2 submobjects):  87%|████████▋ | 104/120 [00:02<00:00, 35.69it/s]
Animation 70: Write(VGroup of 2 submobjects):  90%|█████████ | 108/120 [00:02<00:00, 35.67it/s]
Animation 70: Write(VGroup of 2 submobjects):  93%|█████████▎| 112/120 [00:02<00:00, 35.26it/s]
Animation 70: Write(VGroup of 2 submobjects):  97%|█████████▋| 116/120 [00:02<00:00, 35.80it/s]
Animation 70: Write(VGroup of 2 submobjects): 100%|██████████| 120/120 [00:03<00:00, 36.30it/s]
                                                                                               

Animation 72: FadeIn(Text('you, walking:')):   0%|          | 0/60 [00:00<?, ?it/s]
Animation 72: FadeIn(Text('you, walking:')):  10%|█         | 6/60 [00:00<00:01, 51.74it/s]
Animation 72: FadeIn(Text('you, walking:')):  20%|██        | 12/60 [00:00<00:00, 51.18it/s]
Animation 72: FadeIn(Text('you, walking:')):  30%|███       | 18/60 [00:00<00:00, 52.25it/s]
Animation 72: FadeIn(Text('you, walking:')):  40%|████      | 24/60 [00:00<00:00, 52.44it/s]
Animation 72: FadeIn(Text('you, walking:')):  50%|█████     | 30/60 [00:00<00:00, 51.65it/s]
Animation 72: FadeIn(Text('you, walking:')):  60%|██████    | 36/60 [00:00<00:00, 51.54it/s]
Animation 72: FadeIn(Text('you, walking:')):  70%|███████   | 42/60 [00:00<00:00, 52.28it/s]
Animation 72: FadeIn(Text('you, walking:')):  80%|████████  | 48/60 [00:00<00:00, 51.62it/s]
Animation 72: FadeIn(Text('you, walking:')):  90%|█████████ | 54/60 [00:01<00:00, 50.04it/s]
Animation 72: FadeIn(Text('you, walking:')): 100%|██████████| 60/60 [00:01<00:00, 50.68it/s]
                                                                                            

Animation 73: Write(MathTex('\\lambda \\approx 10^{-35}\\ \\mathrm{m}')):   0%|          | 0/84 [00:00<?, ?it/s]
Animation 73: Write(MathTex('\\lambda \\approx 10^{-35}\\ \\mathrm{m}')):  10%|▉         | 8/84 [00:00<00:01, 71.31it/s]
Animation 73: Write(MathTex('\\lambda \\approx 10^{-35}\\ \\mathrm{m}')):  19%|█▉        | 16/84 [00:00<00:01, 67.98it/s]
Animation 73: Write(MathTex('\\lambda \\approx 10^{-35}\\ \\mathrm{m}')):  27%|██▋       | 23/84 [00:00<00:00, 62.16it/s]
Animation 73: Write(MathTex('\\lambda \\approx 10^{-35}\\ \\mathrm{m}')):  37%|███▋      | 31/84 [00:00<00:00, 66.65it/s]
Animation 73: Write(MathTex('\\lambda \\approx 10^{-35}\\ \\mathrm{m}')):  45%|████▌     | 38/84 [00:00<00:00, 67.18it/s]
Animation 73: Write(MathTex('\\lambda \\approx 10^{-35}\\ \\mathrm{m}')):  54%|█████▎    | 45/84 [00:00<00:00, 67.28it/s]
Animation 73: Write(MathTex('\\lambda \\approx 10^{-35}\\ \\mathrm{m}')):  62%|██████▏   | 52/84 [00:00<00:00, 59.55it/s]
Animation 73: Write(MathTex('\\lambda \\approx 10^{-35}\\ \\mathrm{m}')):  70%|███████   | 59/84 [00:00<00:00, 61.55it/s]
Animation 73: Write(MathTex('\\lambda \\approx 10^{-35}\\ \\mathrm{m}')):  80%|███████▉  | 67/84 [00:01<00:00, 64.03it/s]
Animation 73: Write(MathTex('\\lambda \\approx 10^{-35}\\ \\mathrm{m}')):  88%|████████▊ | 74/84 [00:01<00:00, 60.70it/s]
Animation 73: Write(MathTex('\\lambda \\approx 10^{-35}\\ \\mathrm{m}')):  96%|█████████▋| 81/84 [00:01<00:00, 61.13it/s]
                                                                                                                         

Animation 75: FadeOut(Group):   0%|          | 0/24 [00:00<?, ?it/s]
Animation 75: FadeOut(Group):   8%|▊         | 2/24 [00:00<00:01, 12.33it/s]
Animation 75: FadeOut(Group):  17%|█▋        | 4/24 [00:00<00:01, 11.84it/s]
Animation 75: FadeOut(Group):  25%|██▌       | 6/24 [00:00<00:01, 11.70it/s]
Animation 75: FadeOut(Group):  33%|███▎      | 8/24 [00:00<00:01, 11.70it/s]
Animation 75: FadeOut(Group):  42%|████▏     | 10/24 [00:00<00:01, 11.82it/s]
Animation 75: FadeOut(Group):  50%|█████     | 12/24 [00:01<00:01, 11.75it/s]
Animation 75: FadeOut(Group):  58%|█████▊    | 14/24 [00:01<00:00, 11.92it/s]
Animation 75: FadeOut(Group):  67%|██████▋   | 16/24 [00:01<00:00, 11.90it/s]
Animation 75: FadeOut(Group):  75%|███████▌  | 18/24 [00:01<00:00, 11.78it/s]
Animation 75: FadeOut(Group):  83%|████████▎ | 20/24 [00:01<00:00, 11.97it/s]
Animation 75: FadeOut(Group):  92%|█████████▏| 22/24 [00:01<00:00, 12.22it/s]
Animation 75: FadeOut(Group): 100%|██████████| 24/24 [00:01<00:00, 12.56it/s]
                                                                             

Animation 77: Write(MathTex('|\\psi|^2')):   0%|          | 0/60 [00:00<?, ?it/s]
Animation 77: Write(MathTex('|\\psi|^2')):  15%|█▌        | 9/60 [00:00<00:00, 87.29it/s]
Animation 77: Write(MathTex('|\\psi|^2')):  30%|███       | 18/60 [00:00<00:00, 84.43it/s]
Animation 77: Write(MathTex('|\\psi|^2')):  45%|████▌     | 27/60 [00:00<00:00, 82.93it/s]
Animation 77: Write(MathTex('|\\psi|^2')):  60%|██████    | 36/60 [00:00<00:00, 80.83it/s]
Animation 77: Write(MathTex('|\\psi|^2')):  82%|████████▏ | 49/60 [00:00<00:00, 96.56it/s]
                                                                                          

Animation 78: Write(MathTex('\\lambda = h/p')):   0%|          | 0/60 [00:00<?, ?it/s]
Animation 78: Write(MathTex('\\lambda = h/p')):  15%|█▌        | 9/60 [00:00<00:00, 84.86it/s]
Animation 78: Write(MathTex('\\lambda = h/p')):  30%|███       | 18/60 [00:00<00:00, 76.69it/s]
Animation 78: Write(MathTex('\\lambda = h/p')):  45%|████▌     | 27/60 [00:00<00:00, 79.51it/s]
Animation 78: Write(MathTex('\\lambda = h/p')):  60%|██████    | 36/60 [00:00<00:00, 82.71it/s]
Animation 78: Write(MathTex('\\lambda = h/p')):  78%|███████▊  | 47/60 [00:00<00:00, 90.84it/s]
Animation 78: Write(MathTex('\\lambda = h/p')):  98%|█████████▊| 59/60 [00:00<00:00, 97.89it/s]
                                                                                               

Animation 79: LaggedStart(Group):   0%|          | 0/60 [00:00<?, ?it/s]
Animation 79: LaggedStart(Group):   8%|▊         | 5/60 [00:00<00:01, 40.62it/s]
Animation 79: LaggedStart(Group):  17%|█▋        | 10/60 [00:00<00:01, 36.18it/s]
Animation 79: LaggedStart(Group):  23%|██▎       | 14/60 [00:00<00:01, 37.53it/s]
Animation 79: LaggedStart(Group):  30%|███       | 18/60 [00:00<00:01, 36.15it/s]
Animation 79: LaggedStart(Group):  37%|███▋      | 22/60 [00:00<00:01, 36.46it/s]
Animation 79: LaggedStart(Group):  43%|████▎     | 26/60 [00:00<00:00, 36.40it/s]
Animation 79: LaggedStart(Group):  50%|█████     | 30/60 [00:00<00:00, 35.88it/s]
Animation 79: LaggedStart(Group):  57%|█████▋    | 34/60 [00:00<00:00, 36.21it/s]
Animation 79: LaggedStart(Group):  63%|██████▎   | 38/60 [00:01<00:00, 36.69it/s]
Animation 79: LaggedStart(Group):  70%|███████   | 42/60 [00:01<00:00, 36.80it/s]
Animation 79: LaggedStart(Group):  77%|███████▋  | 46/60 [00:01<00:00, 37.03it/s]
Animation 79: LaggedStart(Group):  83%|████████▎ | 50/60 [00:01<00:00, 37.72it/s]
Animation 79: LaggedStart(Group):  90%|█████████ | 54/60 [00:01<00:00, 38.22it/s]
Animation 79: LaggedStart(Group):  97%|█████████▋| 58/60 [00:01<00:00, 38.62it/s]
                                                                                 

Animation 81: FadeOut(VGroup of 2 submobjects):   0%|          | 0/24 [00:00<?, ?it/s]
Animation 81: FadeOut(VGroup of 2 submobjects):  17%|█▋        | 4/24 [00:00<00:00, 32.77it/s]
Animation 81: FadeOut(VGroup of 2 submobjects):  33%|███▎      | 8/24 [00:00<00:00, 34.08it/s]
Animation 81: FadeOut(VGroup of 2 submobjects):  50%|█████     | 12/24 [00:00<00:00, 34.25it/s]
Animation 81: FadeOut(VGroup of 2 submobjects):  67%|██████▋   | 16/24 [00:00<00:00, 35.22it/s]
Animation 81: FadeOut(VGroup of 2 submobjects):  83%|████████▎ | 20/24 [00:00<00:00, 34.23it/s]
                                                                                               

Animation 82: _MethodAnimation(VGroup of 2 submobjects):   0%|          | 0/30 [00:00<?, ?it/s]
Animation 82: _MethodAnimation(VGroup of 2 submobjects):  30%|███       | 9/30 [00:00<00:00, 86.84it/s]
Animation 82: _MethodAnimation(VGroup of 2 submobjects):  60%|██████    | 18/30 [00:00<00:00, 75.60it/s]
Animation 82: _MethodAnimation(VGroup of 2 submobjects):  87%|████████▋ | 26/30 [00:00<00:00, 69.52it/s]
                                                                                                        

Animation 83: Write(VGroup of 3 submobjects):   0%|          | 0/120 [00:00<?, ?it/s]
Animation 83: Write(VGroup of 3 submobjects):   4%|▍         | 5/120 [00:00<00:02, 43.76it/s]
Animation 83: Write(VGroup of 3 submobjects):   8%|▊         | 10/120 [00:00<00:02, 43.47it/s]
Animation 83: Write(VGroup of 3 submobjects):  12%|█▎        | 15/120 [00:00<00:02, 42.81it/s]
Animation 83: Write(VGroup of 3 submobjects):  17%|█▋        | 20/120 [00:00<00:02, 41.41it/s]
Animation 83: Write(VGroup of 3 submobjects):  21%|██        | 25/120 [00:00<00:02, 40.56it/s]
Animation 83: Write(VGroup of 3 submobjects):  25%|██▌       | 30/120 [00:00<00:02, 38.36it/s]
Animation 83: Write(VGroup of 3 submobjects):  28%|██▊       | 34/120 [00:00<00:02, 37.84it/s]
Animation 83: Write(VGroup of 3 submobjects):  32%|███▏      | 38/120 [00:00<00:02, 38.12it/s]
Animation 83: Write(VGroup of 3 submobjects):  35%|███▌      | 42/120 [00:01<00:02, 36.47it/s]
Animation 83: Write(VGroup of 3 submobjects):  38%|███▊      | 46/120 [00:01<00:02, 35.69it/s]
Animation 83: Write(VGroup of 3 submobjects):  42%|████▏     | 50/120 [00:01<00:01, 35.85it/s]
Animation 83: Write(VGroup of 3 submobjects):  45%|████▌     | 54/120 [00:01<00:01, 35.63it/s]
Animation 83: Write(VGroup of 3 submobjects):  48%|████▊     | 58/120 [00:01<00:01, 35.04it/s]
Animation 83: Write(VGroup of 3 submobjects):  52%|█████▏    | 62/120 [00:01<00:01, 33.49it/s]
Animation 83: Write(VGroup of 3 submobjects):  55%|█████▌    | 66/120 [00:01<00:01, 33.18it/s]
Animation 83: Write(VGroup of 3 submobjects):  58%|█████▊    | 70/120 [00:01<00:01, 32.30it/s]
Animation 83: Write(VGroup of 3 submobjects):  62%|██████▏   | 74/120 [00:02<00:01, 32.81it/s]
Animation 83: Write(VGroup of 3 submobjects):  65%|██████▌   | 78/120 [00:02<00:01, 33.34it/s]
Animation 83: Write(VGroup of 3 submobjects):  68%|██████▊   | 82/120 [00:02<00:01, 32.71it/s]
Animation 83: Write(VGroup of 3 submobjects):  72%|███████▏  | 86/120 [00:02<00:01, 33.13it/s]
Animation 83: Write(VGroup of 3 submobjects):  75%|███████▌  | 90/120 [00:02<00:00, 32.38it/s]
Animation 83: Write(VGroup of 3 submobjects):  78%|███████▊  | 94/120 [00:02<00:00, 30.37it/s]
Animation 83: Write(VGroup of 3 submobjects):  82%|████████▏ | 98/120 [00:02<00:00, 29.62it/s]
Animation 83: Write(VGroup of 3 submobjects):  84%|████████▍ | 101/120 [00:02<00:00, 29.12it/s]
Animation 83: Write(VGroup of 3 submobjects):  88%|████████▊ | 105/120 [00:03<00:00, 29.75it/s]
Animation 83: Write(VGroup of 3 submobjects):  90%|█████████ | 108/120 [00:03<00:00, 29.63it/s]
Animation 83: Write(VGroup of 3 submobjects):  92%|█████████▎| 111/120 [00:03<00:00, 29.59it/s]
Animation 83: Write(VGroup of 3 submobjects):  95%|█████████▌| 114/120 [00:03<00:00, 29.40it/s]
Animation 83: Write(VGroup of 3 submobjects):  98%|█████████▊| 118/120 [00:03<00:00, 29.74it/s]
                                                                                               

Animation 85: FadeIn(VGroup of 2 submobjects):   0%|          | 0/30 [00:00<?, ?it/s]
Animation 85: FadeIn(VGroup of 2 submobjects):  17%|█▋        | 5/30 [00:00<00:00, 46.58it/s]
Animation 85: FadeIn(VGroup of 2 submobjects):  33%|███▎      | 10/30 [00:00<00:00, 41.53it/s]
Animation 85: FadeIn(VGroup of 2 submobjects):  50%|█████     | 15/30 [00:00<00:00, 38.90it/s]
Animation 85: FadeIn(VGroup of 2 submobjects):  63%|██████▎   | 19/30 [00:00<00:00, 39.20it/s]
Animation 85: FadeIn(VGroup of 2 submobjects):  77%|███████▋  | 23/30 [00:00<00:00, 39.05it/s]
Animation 85: FadeIn(VGroup of 2 submobjects):  93%|█████████▎| 28/30 [00:00<00:00, 41.01it/s]
                                                                                              


===== STEP: LONG: assemble 9:16 → double-slit-one-electron-bb-short.mp4
$ /Users/nik/ai/bin/python3 /Users/nik/Documents/Cowork/quantum-mechanics-vol1/youtube/scripts/assemble.py /Users/nik/Documents/Cowork/quantum-mechanics-vol1/youtube/double-slit-one-electron-bb --mode manim --portrait
cwd: /Users/nik/Documents/Cowork/unreal-reels
exit: 0
[ffmpeg] ffmpeg -y -f concat -safe 0 -i /Users/nik/Documents/Cowork/quantum-mechanics-vol1/youtube/double-slit-one-electron-bb/mp3/_concat.txt -c:a aac -b:a 192k /Users/nik/Documents/Cowork/quantum-mechanics-vol1/youtube/double-slit-one-electron-bb/mp4/_voiceover.m4a
[ffmpeg] ffmpeg -y -i /Users/nik/Documents/Cowork/quantum-mechanics-vol1/youtube/double-slit-one-electron-bb/media/videos/double_slit_one_electron_bb/1920p60/BearsDoodlesVideo.mp4 -i /Users/nik/Documents/Cowork/quantum-mechanics-vol1/youtube/double-slit-one-electron-bb/mp4/_voiceover.m4a -filter_complex [0:v]tpad=stop_mode=clone:stop_duration=1.0[v] -map [v] -map 1:a:0 -c:v libx264 -pix_fmt yuv420p -crf 18 -preset medium -c:a aac -b:a 192k /Users/nik/Documents/Cowork/quantum-mechanics-vol1/youtube/double-slit-one-electron-bb/mp4/double-slit-one-electron-bb-short.mp4
[ok] final → /Users/nik/Documents/Cowork/quantum-mechanics-vol1/youtube/double-slit-one-electron-bb/mp4/double-slit-one-electron-bb-short.mp4
ffmpeg version 7.0 Copyright (c) 2000-2024 the FFmpeg developers
  built with Apple clang version 15.0.0 (clang-1500.1.0.2.5)
  configuration: --prefix=/usr/local/Cellar/ffmpeg/7.0 --enable-shared --enable-pthreads --enable-version3 --cc=clang --host-cflags= --host-ldflags='-Wl,-ld_classic' --enable-ffplay --enable-gnutls --enable-gpl --enable-libaom --enable-libaribb24 --enable-libbluray --enable-libdav1d --enable-libharfbuzz --enable-libjxl --enable-libmp3lame --enable-libopus --enable-librav1e --enable-librist --enable-librubberband --enable-libsnappy --enable-libsrt --enable-libssh --enable-libsvtav1 --enable-libtesseract --enable-libtheora --enable-libvidstab --enable-libvmaf --enable-libvorbis --enable-libvpx --enable-libwebp --enable-libx264 --enable-libx265 --enable-libxml2 --enable-libxvid --enable-lzma --enable-libfontconfig --enable-libfreetype --enable-frei0r --enable-libass --enable-libopencore-amrnb --enable-libopencore-amrwb --enable-libopenjpeg --enable-libopenvino --enable-libspeex --enable-libsoxr --enable-libzmq --enable-libzimg --disable-libjack --disable-indev=jack --enable-videotoolbox --enable-audiotoolbox
  libavutil      59.  8.100 / 59.  8.100
  libavcodec     61.  3.100 / 61.  3.100
  libavformat    61.  1.100 / 61.  1.100
  libavdevice    61.  1.100 / 61.  1.100
  libavfilter    10.  1.100 / 10.  1.100
  libswscale      8.  1.100 /  8.  1.100
  libswresample   5.  1.100 /  5.  1.100
  libpostproc    58.  1.100 / 58.  1.100
Input #0, concat, from '/Users/nik/Documents/Cowork/quantum-mechanics-vol1/youtube/double-slit-one-electron-bb/mp3/_concat.txt':
  Duration: N/A, start: -0.025057, bitrate: 128 kb/s
  Stream #0:0: Audio: mp3 (mp3float), 44100 Hz, mono, fltp, 128 kb/s
Stream mapping:
  Stream #0:0 -> #0:0 (mp3 (mp3float) -> aac (native))
Press [q] to stop, [?] for help
Output #0, ipod, to '/Users/nik/Documents/Cowork/quantum-mechanics-vol1/youtube/double-slit-one-electron-bb/mp4/_voiceover.m4a':
  Metadata:
    encoder         : Lavf61.1.100
  Stream #0:0: Audio: aac (LC) (mp4a / 0x6134706D), 44100 Hz, mono, fltp, 192 kb/s
      Metadata:
        encoder         : Lavc61.3.100 aac
size=     256KiB time=00:00:17.46 bitrate= 120.1kbits/s speed=34.6x    
size=     768KiB time=00:00:39.63 bitrate= 158.7kbits/s speed=39.4x    
size=    1280KiB time=00:01:01.72 bitrate= 169.9kbits/s speed=40.9x    
size=    1792KiB time=00:01:24.01 bitrate= 174.7kbits/s speed=41.7x    
size=    2304KiB time=00:01:46.12 bitrate= 177.9kbits/s speed=42.2x    
size=    3072KiB time=00:02:08.78 bitrate= 195.4kbits/s speed=42.7x    
[out#0/ipod @ 0x7fe6b690a1c0] video:0KiB audio:3196KiB subtitle:0KiB other streams:0KiB global headers:0KiB muxing overhead: 0.734732%
size=    3220KiB time=00:02:13.19 bitrate= 198.0kbits/s speed=42.4x    
[aac @ 0x7fe6b6915a40] Qavg: 53401.188
ffmpeg version 7.0 Copyright (c) 2000-2024 the FFmpeg developers
  built with Apple clang version 15.0.0 (clang-1500.1.0.2.5)
  configuration: --prefix=/usr/local/Cellar/ffmpeg/7.0 --enable-shared --enable-pthreads --enable-version3 --cc=clang --host-cflags= --host-ldflags='-Wl,-ld_classic' --enable-ffplay --enable-gnutls --enable-gpl --enable-libaom --enable-libaribb24 --enable-libbluray --enable-libdav1d --enable-libharfbuzz --enable-libjxl --enable-libmp3lame --enable-libopus --enable-librav1e --enable-librist --enable-librubberband --enable-libsnappy --enable-libsrt --enable-libssh --enable-libsvtav1 --enable-libtesseract --enable-libtheora --enable-libvidstab --enable-libvmaf --enable-libvorbis --enable-libvpx --enable-libwebp --enable-libx264 --enable-libx265 --enable-libxml2 --enable-libxvid --enable-lzma --enable-libfontconfig --enable-libfreetype --enable-frei0r --enable-libass --enable-libopencore-amrnb --enable-libopencore-amrwb --enable-libopenjpeg --enable-libopenvino --enable-libspeex --enable-libsoxr --enable-libzmq --enable-libzimg --disable-libjack --disable-indev=jack --enable-videotoolbox --enable-audiotoolbox
  libavutil      59.  8.100 / 59.  8.100
  libavcodec     61.  3.100 / 61.  3.100
  libavformat    61.  1.100 / 61.  1.100
  libavdevice    61.  1.100 / 61.  1.100
  libavfilter    10.  1.100 / 10.  1.100
  libswscale      8.  1.100 /  8.  1.100
  libswresample   5.  1.100 /  5.  1.100
  libpostproc    58.  1.100 / 58.  1.100
Input #0, mov,mp4,m4a,3gp,3g2,mj2, from '/Users/nik/Documents/Cowork/quantum-mechanics-vol1/youtube/double-slit-one-electron-bb/media/videos/double_slit_one_electron_bb/1920p60/BearsDoodlesVideo.mp4':
  Metadata:
    major_brand     : isom
    minor_version   : 512
    compatible_brands: isomiso2avc1mp41
    encoder         : Lavf62.12.101
    comment         : Rendered with Manim Community v0.20.1
  Duration: 00:02:11.17, start: 0.000000, bitrate: 305 kb/s
  Stream #0:0[0x1](und): Video: h264 (High) (avc1 / 0x31637661), yuv420p(progressive), 1080x1920, 299 kb/s, 60 fps, 60 tbr, 15360 tbn (default)
      Metadata:
        handler_name    : VideoHandler
        vendor_id       : [0][0][0][0]
Input #1, mov,mp4,m4a,3gp,3g2,mj2, from '/Users/nik/Documents/Cowork/quantum-mechanics-vol1/youtube/double-slit-one-electron-bb/mp4/_voiceover.m4a':
  Metadata:
    major_brand     : M4A 
    minor_version   : 512
    compatible_brands: M4A isomiso2
    encoder         : Lavf61.1.100
  Duration: 00:02:13.20, start: 0.000998, bitrate: 198 kb/s
  Stream #1:0[0x1](und): Audio: aac (LC) (mp4a / 0x6134706D), 44100 Hz, mono, fltp, 196 kb/s (default)
      Metadata:
        handler_name    : SoundHandler
        vendor_id       : [0][0][0][0]
Stream mapping:
  Stream #0:0 (h264) -> tpad:default (graph 0)
  tpad:default (graph 0) -> Stream #0:0 (libx264)
  Stream #1:0 -> #0:1 (aac (native) -> aac (native))
Press [q] to stop, [?] for help
[libx264 @ 0x7fbfb5106b00] using cpu capabilities: MMX2 SSE2Fast SSSE3 SSE4.2 AVX FMA3 BMI2 AVX2
[libx264 @ 0x7fbfb5106b00] profile High, level 4.2, 4:2:0, 8-bit
[libx264 @ 0x7fbfb5106b00] 264 - core 164 r3108 31e19f9 - H.264/MPEG-4 AVC codec - Copyleft 2003-2023 - http://www.videolan.org/x264.html - options: cabac=1 ref=3 deblock=1:0:0 analyse=0x3:0x113 me=hex subme=7 psy=1 psy_rd=1.00:0.00 mixed_ref=1 me_range=16 chroma_me=1 trellis=1 8x8dct=1 cqm=0 deadzone=21,11 fast_pskip=1 chroma_qp_offset=-2 threads=24 lookahead_threads=4 sliced_threads=0 nr=0 decimate=1 interlaced=0 bluray_compat=0 constrained_intra=0 bframes=3 b_pyramid=2 b_adapt=1 b_bias=0 direct=1 weightb=1 open_gop=0 weightp=2 keyint=250 keyint_min=25 scenecut=40 intra_refresh=0 rc_lookahead=40 rc=crf mbtree=1 crf=18.0 qcomp=0.60 qpmin=0 qpmax=69 qpstep=4 ip_ratio=1.40 aq=1:1.00
Output #0, mp4, to '/Users/nik/Documents/Cowork/quantum-mechanics-vol1/youtube/double-slit-one-electron-bb/mp4/double-slit-one-electron-bb-short.mp4':
  Metadata:
    major_brand     : isom
    minor_version   : 512
    compatible_brands: isomiso2avc1mp41
    comment         : Rendered with Manim Community v0.20.1
    encoder         : Lavf61.1.100
  Stream #0:0: Video: h264 (avc1 / 0x31637661), yuv420p(progressive), 1080x1920, q=2-31, 60 fps, 15360 tbn
      Metadata:
        encoder         : Lavc61.3.100 libx264
      Side data:
        cpb: bitrate max/min/avg: 0/0/0 buffer size: 0 vbv_delay: N/A
  Stream #0:1(und): Audio: aac (LC) (mp4a / 0x6134706D), 44100 Hz, mono, fltp, 192 kb/s (default)
      Metadata:
        handler_name    : SoundHandler
        vendor_id       : [0][0][0][0]
        encoder         : Lavc61.3.100 aac
frame=   32 fps=0.0 q=26.0 size=       0KiB time=00:00:00.50 bitrate=   0.8kbits/s speed=0.993x    
frame=  192 fps=191 q=26.0 size=       0KiB time=00:00:03.16 bitrate=   0.1kbits/s speed=3.15x    
frame=  349 fps=231 q=26.0 size=     256KiB time=00:00:05.78 bitrate= 362.7kbits/s speed=3.83x    
frame=  531 fps=264 q=26.0 size=     256KiB time=00:00:08.81 bitrate= 237.9kbits/s speed=4.38x    
frame=  704 fps=280 q=26.0 size=     256KiB time=00:00:11.70 bitrate= 179.3kbits/s speed=4.65x    
frame=  893 fps=296 q=26.0 size=     512KiB time=00:00:14.85 bitrate= 282.5kbits/s speed=4.93x    
frame= 1076 fps=306 q=26.0 size=     512KiB time=00:00:17.90 bitrate= 234.3kbits/s speed=5.09x    
frame= 1250 fps=311 q=26.0 size=     768KiB time=00:00:20.80 bitrate= 302.5kbits/s speed=5.18x    
frame= 1431 fps=317 q=26.0 size=     768KiB time=00:00:23.81 bitrate= 264.2kbits/s speed=5.27x    
frame= 1609 fps=320 q=26.0 size=    1024KiB time=00:00:26.78 bitrate= 313.2kbits/s speed=5.33x    
frame= 1768 fps=320 q=26.0 size=    1024KiB time=00:00:29.43 bitrate= 285.0kbits/s speed=5.33x    
frame= 1948 fps=323 q=26.0 size=    1280KiB time=00:00:32.43 bitrate= 323.3kbits/s speed=5.38x    
frame= 2110 fps=323 q=26.0 size=    1280KiB time=00:00:35.13 bitrate= 298.5kbits/s speed=5.38x    
frame= 2256 fps=321 q=26.0 size=    1536KiB time=00:00:37.56 bitrate= 335.0kbits/s speed=5.34x    
frame= 2439 fps=324 q=26.0 size=    1792KiB time=00:00:40.61 bitrate= 361.4kbits/s speed=5.39x    
frame= 2607 fps=324 q=26.0 size=    1792KiB time=00:00:43.41 bitrate= 338.1kbits/s speed= 5.4x    
frame= 2790 fps=326 q=26.0 size=    2048KiB time=00:00:46.46 bitrate= 361.1kbits/s speed=5.44x    
frame= 2977 fps=329 q=26.0 size=    2048KiB time=00:00:49.58 bitrate= 338.4kbits/s speed=5.48x    
frame= 3161 fps=331 q=26.0 size=    2304KiB time=00:00:52.65 bitrate= 358.5kbits/s speed=5.52x    
frame= 3332 fps=332 q=26.0 size=    2304KiB time=00:00:55.50 bitrate= 340.1kbits/s speed=5.52x    
frame= 3486 fps=330 q=26.0 size=    2304KiB time=00:00:58.06 bitrate= 325.1kbits/s speed= 5.5x    
frame= 3662 fps=331 q=26.0 size=    2560KiB time=00:01:01.00 bitrate= 343.8kbits/s speed=5.52x    
frame= 3831 fps=332 q=26.0 size=    2560KiB time=00:01:03.81 bitrate= 328.6kbits/s speed=5.52x    
frame= 4002 fps=332 q=26.0 size=    2816KiB time=00:01:06.66 bitrate= 346.0kbits/s speed=5.53x    
frame= 4178 fps=333 q=26.0 size=    2816KiB time=00:01:09.60 bitrate= 331.5kbits/s speed=5.54x    
frame= 4338 fps=332 q=26.0 size=    3072KiB time=00:01:12.26 bitrate= 348.2kbits/s speed=5.53x    
frame= 4467 fps=329 q=26.0 size=    3072KiB time=00:01:14.41 bitrate= 338.2kbits/s speed=5.49x    
frame= 4606 fps=327 q=26.0 size=    3328KiB time=00:01:16.73 bitrate= 355.3kbits/s speed=5.45x    
frame= 4783 fps=328 q=26.0 size=    3328KiB time=00:01:19.68 bitrate= 342.1kbits/s speed=5.47x    
frame= 4965 fps=329 q=26.0 size=    3328KiB time=00:01:22.71 bitrate= 329.6kbits/s speed=5.49x    
frame= 5143 fps=330 q=26.0 size=    3584KiB time=00:01:25.68 bitrate= 342.7kbits/s speed= 5.5x    
frame= 5318 fps=331 q=26.0 size=    3584KiB time=00:01:28.60 bitrate= 331.4kbits/s speed=5.51x    
frame= 5492 fps=331 q=26.0 size=    3840KiB time=00:01:31.50 bitrate= 343.8kbits/s speed=5.52x    
frame= 5673 fps=332 q=26.0 size=    4096KiB time=00:01:34.51 bitrate= 355.0kbits/s speed=5.53x    
frame= 5845 fps=332 q=26.0 size=    4096KiB time=00:01:37.38 bitrate= 344.6kbits/s speed=5.54x    
frame= 6024 fps=333 q=26.0 size=    4352KiB time=00:01:40.36 bitrate= 355.2kbits/s speed=5.55x    
frame= 6205 fps=334 q=26.0 size=    4352KiB time=00:01:43.38 bitrate= 344.9kbits/s speed=5.56x    
frame= 6379 fps=334 q=26.0 size=    4608KiB time=00:01:46.28 bitrate= 355.2kbits/s speed=5.57x    
frame= 6558 fps=335 q=26.0 size=    4608KiB time=00:01:49.26 bitrate= 345.5kbits/s speed=5.58x    
frame= 6712 fps=334 q=26.0 size=    4864KiB time=00:01:51.83 bitrate= 356.3kbits/s speed=5.56x    
frame= 6875 fps=334 q=26.0 size=    4864KiB time=00:01:54.55 bitrate= 347.9kbits/s speed=5.56x    
frame= 7061 fps=334 q=26.0 size=    5120KiB time=00:01:57.65 bitrate= 356.5kbits/s speed=5.57x    
frame= 7207 fps=333 q=26.0 size=    5120KiB time=00:02:00.08 bitrate= 349.3kbits/s speed=5.56x    
frame= 7387 fps=334 q=26.0 size=    5376KiB time=00:02:03.08 bitrate= 357.8kbits/s speed=5.56x    
frame= 7559 fps=334 q=26.0 size=    5632KiB time=00:02:05.95 bitrate= 366.3kbits/s speed=5.57x    
frame= 7742 fps=335 q=26.0 size=    5632KiB time=00:02:09.00 bitrate= 357.7kbits/s speed=5.58x    
[out#0/mp4 @ 0x7fbfb5111d40] video:2826KiB audio:3165KiB subtitle:0KiB other streams:0KiB global headers:0KiB muxing overhead: 3.558145%
frame= 7930 fps=337 q=-1.0 Lsize=    6204KiB time=00:02:12.13 bitrate= 384.6kbits/s speed=5.61x    
[libx264 @ 0x7fbfb5106b00] frame I:32    Avg QP: 4.46  size: 21900
[libx264 @ 0x7fbfb5106b00] frame P:2025  Avg QP:13.56  size:   699
[libx264 @ 0x7fbfb5106b00] frame B:5873  Avg QP:14.09  size:   132
[libx264 @ 0x7fbfb5106b00] consecutive B-frames:  0.8%  1.0%  0.9% 97.3%
[libx264 @ 0x7fbfb5106b00] mb I  I16..4: 87.8%  7.6%  4.6%
[libx264 @ 0x7fbfb5106b00] mb P  I16..4:  0.0%  0.1%  0.0%  P16..4:  0.5%  0.1%  0.1%  0.0%  0.0%    skip:99.2%
[libx264 @ 0x7fbfb5106b00] mb B  I16..4:  0.0%  0.0%  0.0%  B16..8:  0.4%  0.0%  0.0%  direct: 0.0%  skip:99.6%  L0:53.9% L1:43.5% BI: 2.6%
[libx264 @ 0x7fbfb5106b00] 8x8 transform intra:10.3% inter:35.6%
[libx264 @ 0x7fbfb5106b00] coded y,uvDC,uvAC intra: 5.5% 7.5% 5.8% inter: 0.1% 0.1% 0.0%
[libx264 @ 0x7fbfb5106b00] i16 v,h,dc,p: 97%  2%  1%  0%
[libx264 @ 0x7fbfb5106b00] i8 v,h,dc,ddl,ddr,vr,hd,vl,hu: 48%  5% 38%  2%  2%  2%  1%  1%  1%
[libx264 @ 0x7fbfb5106b00] i4 v,h,dc,ddl,ddr,vr,hd,vl,hu: 35% 17% 22%  4%  5%  5%  4%  4%  4%
[libx264 @ 0x7fbfb5106b00] i8c dc,h,v,p: 91%  4%  5%  0%
[libx264 @ 0x7fbfb5106b00] Weighted P-Frames: Y:1.4% UV:0.9%
[libx264 @ 0x7fbfb5106b00] ref P L0: 82.4%  8.1%  6.8%  2.6%  0.2%
[libx264 @ 0x7fbfb5106b00] ref B L0: 66.0% 32.5%  1.5%
[libx264 @ 0x7fbfb5106b00] ref B L1: 97.5%  2.5%
[libx264 @ 0x7fbfb5106b00] kb/s:175.11
[aac @ 0x7fbfb5107c80] Qavg: 54944.793


===== STEP: LONG: forced alignment (faster-whisper)
$ /Users/nik/ai/bin/python3 /Users/nik/Documents/Cowork/quantum-mechanics-vol1/youtube/scripts/align_captions.py /Users/nik/Documents/Cowork/quantum-mechanics-vol1/youtube/double-slit-one-electron-bb
cwd: /Users/nik/Documents/Cowork/unreal-reels
exit: 0
[ok] INTRO: 1 caption lines, 7 words aligned
[ok] H01: 3 caption lines, 22 words aligned
[ok] H02: 2 caption lines, 14 words aligned
[ok] H03: 2 caption lines, 13 words aligned
[ok] H04: 1 caption lines, 8 words aligned
[ok] W01: 2 caption lines, 15 words aligned
[ok] W02: 3 caption lines, 15 words aligned
[ok] L01: 2 caption lines, 13 words aligned
[ok] L02: 2 caption lines, 15 words aligned
[ok] T01: 2 caption lines, 13 words aligned
[ok] T02: 1 caption lines, 8 words aligned
[ok] T03: 3 caption lines, 13 words aligned
[ok] T04: 2 caption lines, 12 words aligned
[ok] T05: 2 caption lines, 16 words aligned
[ok] T06: 3 caption lines, 15 words aligned
[ok] A01: 2 caption lines, 14 words aligned
[ok] A02: 2 caption lines, 17 words aligned
[ok] A03: 2 caption lines, 15 words aligned
[ok] A04: 3 caption lines, 19 words aligned
[ok] Y01: 2 caption lines, 16 words aligned
[ok] Y02: 3 caption lines, 20 words aligned
[ok] N01: 3 caption lines, 14 words aligned
[ok] N02: 3 caption lines, 22 words aligned
[ok] B01: 3 caption lines, 22 words aligned
[ok] B02: 3 caption lines, 18 words aligned
[ok] OUTRO: 3 caption lines, 19 words aligned
[ok] wrote /Users/nik/Documents/Cowork/quantum-mechanics-vol1/youtube/double-slit-one-electron-bb/captions.json


===== STEP: LONG: karaoke 16:9
$ /Users/nik/ai/bin/python3 /Users/nik/Documents/Cowork/quantum-mechanics-vol1/youtube/scripts/burn_captions.py /Users/nik/Documents/Cowork/quantum-mechanics-vol1/youtube/double-slit-one-electron-bb --input mp4/double-slit-one-electron-bb.mp4
cwd: /Users/nik/Documents/Cowork/unreal-reels
exit: 0
[ok] wrote /Users/nik/Documents/Cowork/quantum-mechanics-vol1/youtube/double-slit-one-electron-bb/captions.ass (60 caption lines)
[run] ffmpeg -y -i /Users/nik/Documents/Cowork/quantum-mechanics-vol1/youtube/double-slit-one-electron-bb/mp4/double-slit-one-electron-bb.mp4 -vf subtitles=captions.ass -c:v libx264 -crf 18 -preset medium -c:a copy /Users/nik/Documents/Cowork/quantum-mechanics-vol1/youtube/double-slit-one-electron-bb/mp4/double-slit-one-electron-bb-caption.mp4
[ok] wrote /Users/nik/Documents/Cowork/quantum-mechanics-vol1/youtube/double-slit-one-electron-bb/mp4/double-slit-one-electron-bb-caption.mp4
ffmpeg version 7.0 Copyright (c) 2000-2024 the FFmpeg developers
  built with Apple clang version 15.0.0 (clang-1500.1.0.2.5)
  configuration: --prefix=/usr/local/Cellar/ffmpeg/7.0 --enable-shared --enable-pthreads --enable-version3 --cc=clang --host-cflags= --host-ldflags='-Wl,-ld_classic' --enable-ffplay --enable-gnutls --enable-gpl --enable-libaom --enable-libaribb24 --enable-libbluray --enable-libdav1d --enable-libharfbuzz --enable-libjxl --enable-libmp3lame --enable-libopus --enable-librav1e --enable-librist --enable-librubberband --enable-libsnappy --enable-libsrt --enable-libssh --enable-libsvtav1 --enable-libtesseract --enable-libtheora --enable-libvidstab --enable-libvmaf --enable-libvorbis --enable-libvpx --enable-libwebp --enable-libx264 --enable-libx265 --enable-libxml2 --enable-libxvid --enable-lzma --enable-libfontconfig --enable-libfreetype --enable-frei0r --enable-libass --enable-libopencore-amrnb --enable-libopencore-amrwb --enable-libopenjpeg --enable-libopenvino --enable-libspeex --enable-libsoxr --enable-libzmq --enable-libzimg --disable-libjack --disable-indev=jack --enable-videotoolbox --enable-audiotoolbox
  libavutil      59.  8.100 / 59.  8.100
  libavcodec     61.  3.100 / 61.  3.100
  libavformat    61.  1.100 / 61.  1.100
  libavdevice    61.  1.100 / 61.  1.100
  libavfilter    10.  1.100 / 10.  1.100
  libswscale      8.  1.100 /  8.  1.100
  libswresample   5.  1.100 /  5.  1.100
  libpostproc    58.  1.100 / 58.  1.100
Input #0, mov,mp4,m4a,3gp,3g2,mj2, from '/Users/nik/Documents/Cowork/quantum-mechanics-vol1/youtube/double-slit-one-electron-bb/mp4/double-slit-one-electron-bb.mp4':
  Metadata:
    major_brand     : isom
    minor_version   : 512
    compatible_brands: isomiso2avc1mp41
    encoder         : Lavf61.1.100
    comment         : Rendered with Manim Community v0.20.1
  Duration: 00:02:13.20, start: 0.000000, bitrate: 379 kb/s
  Stream #0:0[0x1](und): Video: h264 (High) (avc1 / 0x31637661), yuv420p(progressive), 1920x1080, 173 kb/s, 60 fps, 60 tbr, 15360 tbn (default)
      Metadata:
        handler_name    : VideoHandler
        vendor_id       : [0][0][0][0]
        encoder         : Lavc61.3.100 libx264
  Stream #0:1[0x2](und): Audio: aac (LC) (mp4a / 0x6134706D), 44100 Hz, mono, fltp, 194 kb/s (default)
      Metadata:
        handler_name    : SoundHandler
        vendor_id       : [0][0][0][0]
[Parsed_subtitles_0 @ 0x7fb74b012c40] libass API version: 0x1701000
[Parsed_subtitles_0 @ 0x7fb74b012c40] libass source: tarball: 0.17.1
[Parsed_subtitles_0 @ 0x7fb74b012c40] Shaper: FriBidi 1.0.13 (SIMPLE) HarfBuzz-ng 8.4.0 (COMPLEX)
[Parsed_subtitles_0 @ 0x7fb74b012c40] Using font provider coretext
Stream mapping:
  Stream #0:0 -> #0:0 (h264 (native) -> h264 (libx264))
  Stream #0:1 -> #0:1 (copy)
Press [q] to stop, [?] for help
[Parsed_subtitles_0 @ 0x7fb74b012e80] libass API version: 0x1701000
[Parsed_subtitles_0 @ 0x7fb74b012e80] libass source: tarball: 0.17.1
[Parsed_subtitles_0 @ 0x7fb74b012e80] Shaper: FriBidi 1.0.13 (SIMPLE) HarfBuzz-ng 8.4.0 (COMPLEX)
[Parsed_subtitles_0 @ 0x7fb74b012e80] Using font provider coretext
[Parsed_subtitles_0 @ 0x7fb74b012e80] fontselect: (EB Garamond, 400, 0) -> /Users/nik/Library/Fonts/EBGaramond-VariableFont_wght.ttf, -1, EBGaramond-Regular
[libx264 @ 0x7fb74b012200] using cpu capabilities: MMX2 SSE2Fast SSSE3 SSE4.2 AVX FMA3 BMI2 AVX2
[libx264 @ 0x7fb74b012200] profile High, level 4.2, 4:2:0, 8-bit
[libx264 @ 0x7fb74b012200] 264 - core 164 r3108 31e19f9 - H.264/MPEG-4 AVC codec - Copyleft 2003-2023 - http://www.videolan.org/x264.html - options: cabac=1 ref=3 deblock=1:0:0 analyse=0x3:0x113 me=hex subme=7 psy=1 psy_rd=1.00:0.00 mixed_ref=1 me_range=16 chroma_me=1 trellis=1 8x8dct=1 cqm=0 deadzone=21,11 fast_pskip=1 chroma_qp_offset=-2 threads=24 lookahead_threads=4 sliced_threads=0 nr=0 decimate=1 interlaced=0 bluray_compat=0 constrained_intra=0 bframes=3 b_pyramid=2 b_adapt=1 b_bias=0 direct=1 weightb=1 open_gop=0 weightp=2 keyint=250 keyint_min=25 scenecut=40 intra_refresh=0 rc_lookahead=40 rc=crf mbtree=1 crf=18.0 qcomp=0.60 qpmin=0 qpmax=69 qpstep=4 ip_ratio=1.40 aq=1:1.00
Output #0, mp4, to '/Users/nik/Documents/Cowork/quantum-mechanics-vol1/youtube/double-slit-one-electron-bb/mp4/double-slit-one-electron-bb-caption.mp4':
  Metadata:
    major_brand     : isom
    minor_version   : 512
    compatible_brands: isomiso2avc1mp41
    comment         : Rendered with Manim Community v0.20.1
    encoder         : Lavf61.1.100
  Stream #0:0(und): Video: h264 (avc1 / 0x31637661), yuv420p(progressive), 1920x1080, q=2-31, 60 fps, 15360 tbn (default)
      Metadata:
        handler_name    : VideoHandler
        vendor_id       : [0][0][0][0]
        encoder         : Lavc61.3.100 libx264
      Side data:
        cpb: bitrate max/min/avg: 0/0/0 buffer size: 0 vbv_delay: N/A
  Stream #0:1(und): Audio: aac (LC) (mp4a / 0x6134706D), 44100 Hz, mono, fltp, 194 kb/s (default)
      Metadata:
        handler_name    : SoundHandler
        vendor_id       : [0][0][0][0]
frame=    9 fps=0.0 q=26.0 size=       0KiB time=00:00:00.11 bitrate=   3.3kbits/s speed=0.232x    
frame=  121 fps=120 q=26.0 size=       0KiB time=00:00:01.98 bitrate=   0.2kbits/s speed=1.97x    
frame=  225 fps=149 q=26.0 size=     256KiB time=00:00:03.71 bitrate= 564.4kbits/s speed=2.46x    
frame=  334 fps=166 q=26.0 size=     256KiB time=00:00:05.53 bitrate= 379.1kbits/s speed=2.75x    
frame=  463 fps=184 q=26.0 size=     256KiB time=00:00:07.68 bitrate= 273.0kbits/s speed=3.05x    
frame=  584 fps=194 q=26.0 size=     256KiB time=00:00:09.70 bitrate= 216.2kbits/s speed=3.21x    
frame=  724 fps=206 q=26.0 size=     512KiB time=00:00:12.03 bitrate= 348.6kbits/s speed=3.42x    
frame=  862 fps=214 q=26.0 size=     512KiB time=00:00:14.33 bitrate= 292.7kbits/s speed=3.57x    
frame= 1006 fps=222 q=26.0 size=     512KiB time=00:00:16.73 bitrate= 250.7kbits/s speed= 3.7x    
frame= 1154 fps=230 q=26.0 size=     768KiB time=00:00:19.20 bitrate= 327.7kbits/s speed=3.82x    
frame= 1298 fps=235 q=26.0 size=     768KiB time=00:00:21.60 bitrate= 291.3kbits/s speed=3.91x    
frame= 1444 fps=239 q=26.0 size=    1024KiB time=00:00:24.03 bitrate= 349.1kbits/s speed=3.98x    
frame= 1582 fps=242 q=26.0 size=    1024KiB time=00:00:26.33 bitrate= 318.6kbits/s speed=4.03x    
frame= 1727 fps=245 q=26.0 size=    1024KiB time=00:00:28.75 bitrate= 291.8kbits/s speed=4.09x    
frame= 1867 fps=248 q=26.0 size=    1280KiB time=00:00:31.08 bitrate= 337.4kbits/s speed=4.12x    
frame= 1999 fps=249 q=26.0 size=    1280KiB time=00:00:33.28 bitrate= 315.1kbits/s speed=4.14x    
frame= 2118 fps=248 q=26.0 size=    1536KiB time=00:00:35.26 bitrate= 356.8kbits/s speed=4.13x    
frame= 2244 fps=248 q=26.0 size=    1536KiB time=00:00:37.36 bitrate= 336.8kbits/s speed=4.13x    
frame= 2380 fps=249 q=26.0 size=    1792KiB time=00:00:39.63 bitrate= 370.4kbits/s speed=4.15x    
frame= 2513 fps=250 q=26.0 size=    2048KiB time=00:00:41.85 bitrate= 400.9kbits/s speed=4.16x    
frame= 2636 fps=250 q=26.0 size=    2048KiB time=00:00:43.90 bitrate= 382.2kbits/s speed=4.16x    
frame= 2776 fps=251 q=26.0 size=    2048KiB time=00:00:46.23 bitrate= 362.9kbits/s speed=4.18x    
frame= 2920 fps=253 q=26.0 size=    2304KiB time=00:00:48.63 bitrate= 388.1kbits/s speed=4.21x    
frame= 3057 fps=254 q=26.0 size=    2304KiB time=00:00:50.91 bitrate= 370.7kbits/s speed=4.22x    
frame= 3197 fps=255 q=26.0 size=    2560KiB time=00:00:53.25 bitrate= 393.8kbits/s speed=4.24x    
frame= 3338 fps=256 q=26.0 size=    2560KiB time=00:00:55.60 bitrate= 377.2kbits/s speed=4.26x    
frame= 3480 fps=257 q=26.0 size=    2560KiB time=00:00:57.96 bitrate= 361.8kbits/s speed=4.28x    
frame= 3627 fps=258 q=26.0 size=    2816KiB time=00:01:00.41 bitrate= 381.8kbits/s speed= 4.3x    
frame= 3768 fps=259 q=26.0 size=    2816KiB time=00:01:02.76 bitrate= 367.5kbits/s speed=4.31x    
frame= 3914 fps=260 q=26.0 size=    3072KiB time=00:01:05.20 bitrate= 386.0kbits/s speed=4.33x    
frame= 4049 fps=260 q=26.0 size=    3072KiB time=00:01:07.45 bitrate= 373.1kbits/s speed=4.33x    
frame= 4179 fps=260 q=26.0 size=    3328KiB time=00:01:09.61 bitrate= 391.6kbits/s speed=4.33x    
frame= 4305 fps=260 q=26.0 size=    3328KiB time=00:01:11.71 bitrate= 380.2kbits/s speed=4.33x    
frame= 4449 fps=260 q=26.0 size=    3584KiB time=00:01:14.11 bitrate= 396.1kbits/s speed=4.34x    
frame= 4589 fps=261 q=26.0 size=    3584KiB time=00:01:16.45 bitrate= 384.0kbits/s speed=4.35x    
frame= 4735 fps=262 q=26.0 size=    3840KiB time=00:01:18.88 bitrate= 398.8kbits/s speed=4.36x    
frame= 4882 fps=263 q=26.0 size=    3840KiB time=00:01:21.33 bitrate= 386.8kbits/s speed=4.38x    
frame= 5021 fps=263 q=26.0 size=    4096KiB time=00:01:23.65 bitrate= 401.1kbits/s speed=4.38x    
frame= 5171 fps=264 q=26.0 size=    4096KiB time=00:01:26.15 bitrate= 389.5kbits/s speed= 4.4x    
frame= 5311 fps=264 q=26.0 size=    4096KiB time=00:01:28.48 bitrate= 379.2kbits/s speed= 4.4x    
frame= 5444 fps=264 q=26.0 size=    4352KiB time=00:01:30.70 bitrate= 393.1kbits/s speed= 4.4x    
frame= 5584 fps=265 q=26.0 size=    4608KiB time=00:01:33.03 bitrate= 405.8kbits/s speed=4.41x    
frame= 5715 fps=265 q=26.0 size=    4608KiB time=00:01:35.21 bitrate= 396.5kbits/s speed=4.41x    
frame= 5852 fps=265 q=26.0 size=    4864KiB time=00:01:37.50 bitrate= 408.7kbits/s speed=4.41x    
frame= 5987 fps=265 q=26.0 size=    4864KiB time=00:01:39.75 bitrate= 399.5kbits/s speed=4.41x    
frame= 6133 fps=265 q=26.0 size=    5120KiB time=00:01:42.18 bitrate= 410.5kbits/s speed=4.42x    
frame= 6276 fps=266 q=26.0 size=    5120KiB time=00:01:44.56 bitrate= 401.1kbits/s speed=4.43x    
frame= 6424 fps=266 q=26.0 size=    5120KiB time=00:01:47.03 bitrate= 391.9kbits/s speed=4.44x    
frame= 6566 fps=267 q=26.0 size=    5376KiB time=00:01:49.40 bitrate= 402.6kbits/s speed=4.44x    
frame= 6686 fps=266 q=26.0 size=    5376KiB time=00:01:51.40 bitrate= 395.3kbits/s speed=4.43x    
frame= 6794 fps=265 q=26.0 size=    5632KiB time=00:01:53.20 bitrate= 407.6kbits/s speed=4.42x    
frame= 6931 fps=265 q=26.0 size=    5632KiB time=00:01:55.48 bitrate= 399.5kbits/s speed=4.42x    
frame= 7068 fps=265 q=26.0 size=    5632KiB time=00:01:57.76 bitrate= 391.8kbits/s speed=4.42x    
frame= 7183 fps=265 q=26.0 size=    5888KiB time=00:01:59.68 bitrate= 403.0kbits/s speed=4.41x    
frame= 7314 fps=265 q=26.0 size=    5888KiB time=00:02:01.86 bitrate= 395.8kbits/s speed=4.41x    
frame= 7452 fps=265 q=26.0 size=    6144KiB time=00:02:04.16 bitrate= 405.4kbits/s speed=4.41x    
frame= 7585 fps=265 q=26.0 size=    6144KiB time=00:02:06.40 bitrate= 398.2kbits/s speed=4.41x    
frame= 7728 fps=265 q=24.0 size=    6400KiB time=00:02:08.76 bitrate= 407.2kbits/s speed=4.42x    
frame= 7903 fps=267 q=26.0 size=    6400KiB time=00:02:11.68 bitrate= 398.1kbits/s speed=4.44x    
[out#0/mp4 @ 0x7fb74b019040] video:3460KiB audio:3165KiB subtitle:0KiB other streams:0KiB global headers:0KiB muxing overhead: 3.217433%
frame= 7930 fps=267 q=-1.0 Lsize=    6838KiB time=00:02:12.13 bitrate= 423.9kbits/s speed=4.45x    
[libx264 @ 0x7fb74b012200] frame I:32    Avg QP: 5.79  size: 28616
[libx264 @ 0x7fb74b012200] frame P:2064  Avg QP:12.75  size:   892
[libx264 @ 0x7fb74b012200] frame B:5834  Avg QP:13.71  size:   135
[libx264 @ 0x7fb74b012200] consecutive B-frames:  0.9%  2.6%  1.5% 95.0%
[libx264 @ 0x7fb74b012200] mb I  I16..4: 83.5% 11.1%  5.4%
[libx264 @ 0x7fb74b012200] mb P  I16..4:  0.1%  0.2%  0.1%  P16..4:  0.4%  0.1%  0.1%  0.0%  0.0%    skip:99.0%
[libx264 @ 0x7fb74b012200] mb B  I16..4:  0.0%  0.0%  0.0%  B16..8:  0.5%  0.0%  0.0%  direct: 0.0%  skip:99.5%  L0:54.3% L1:43.5% BI: 2.1%
[libx264 @ 0x7fb74b012200] 8x8 transform intra:18.4% inter:35.1%
[libx264 @ 0x7fb74b012200] coded y,uvDC,uvAC intra: 6.4% 8.4% 6.4% inter: 0.1% 0.1% 0.0%
[libx264 @ 0x7fb74b012200] i16 v,h,dc,p: 96%  2%  2%  0%
[libx264 @ 0x7fb74b012200] i8 v,h,dc,ddl,ddr,vr,hd,vl,hu: 42%  4% 49%  1%  1%  1%  1%  1%  1%
[libx264 @ 0x7fb74b012200] i4 v,h,dc,ddl,ddr,vr,hd,vl,hu: 35% 16% 22%  4%  5%  5%  4%  4%  4%
[libx264 @ 0x7fb74b012200] i8c dc,h,v,p: 89%  5%  5%  1%
[libx264 @ 0x7fb74b012200] Weighted P-Frames: Y:1.1% UV:0.6%
[libx264 @ 0x7fb74b012200] ref P L0: 75.5%  9.2% 11.2%  3.9%  0.3%
[libx264 @ 0x7fb74b012200] ref B L0: 64.3% 34.3%  1.4%
[libx264 @ 0x7fb74b012200] ref B L1: 97.4%  2.6%
[libx264 @ 0x7fb74b012200] kb/s:214.41


===== STEP: LONG: karaoke 9:16
$ /Users/nik/ai/bin/python3 /Users/nik/Documents/Cowork/quantum-mechanics-vol1/youtube/scripts/burn_captions.py /Users/nik/Documents/Cowork/quantum-mechanics-vol1/youtube/double-slit-one-electron-bb --input mp4/double-slit-one-electron-bb-short.mp4 --portrait --allow-long
cwd: /Users/nik/Documents/Cowork/unreal-reels
exit: 0
[ok] wrote /Users/nik/Documents/Cowork/quantum-mechanics-vol1/youtube/double-slit-one-electron-bb/captions-portrait.ass (60 caption lines)
[run] ffmpeg -y -i /Users/nik/Documents/Cowork/quantum-mechanics-vol1/youtube/double-slit-one-electron-bb/mp4/double-slit-one-electron-bb-short.mp4 -vf subtitles=captions-portrait.ass -c:v libx264 -crf 18 -preset medium -c:a copy /Users/nik/Documents/Cowork/quantum-mechanics-vol1/youtube/double-slit-one-electron-bb/mp4/double-slit-one-electron-bb-short-caption.mp4
[ok] wrote /Users/nik/Documents/Cowork/quantum-mechanics-vol1/youtube/double-slit-one-electron-bb/mp4/double-slit-one-electron-bb-short-caption.mp4
ffmpeg version 7.0 Copyright (c) 2000-2024 the FFmpeg developers
  built with Apple clang version 15.0.0 (clang-1500.1.0.2.5)
  configuration: --prefix=/usr/local/Cellar/ffmpeg/7.0 --enable-shared --enable-pthreads --enable-version3 --cc=clang --host-cflags= --host-ldflags='-Wl,-ld_classic' --enable-ffplay --enable-gnutls --enable-gpl --enable-libaom --enable-libaribb24 --enable-libbluray --enable-libdav1d --enable-libharfbuzz --enable-libjxl --enable-libmp3lame --enable-libopus --enable-librav1e --enable-librist --enable-librubberband --enable-libsnappy --enable-libsrt --enable-libssh --enable-libsvtav1 --enable-libtesseract --enable-libtheora --enable-libvidstab --enable-libvmaf --enable-libvorbis --enable-libvpx --enable-libwebp --enable-libx264 --enable-libx265 --enable-libxml2 --enable-libxvid --enable-lzma --enable-libfontconfig --enable-libfreetype --enable-frei0r --enable-libass --enable-libopencore-amrnb --enable-libopencore-amrwb --enable-libopenjpeg --enable-libopenvino --enable-libspeex --enable-libsoxr --enable-libzmq --enable-libzimg --disable-libjack --disable-indev=jack --enable-videotoolbox --enable-audiotoolbox
  libavutil      59.  8.100 / 59.  8.100
  libavcodec     61.  3.100 / 61.  3.100
  libavformat    61.  1.100 / 61.  1.100
  libavdevice    61.  1.100 / 61.  1.100
  libavfilter    10.  1.100 / 10.  1.100
  libswscale      8.  1.100 /  8.  1.100
  libswresample   5.  1.100 /  5.  1.100
  libpostproc    58.  1.100 / 58.  1.100
Input #0, mov,mp4,m4a,3gp,3g2,mj2, from '/Users/nik/Documents/Cowork/quantum-mechanics-vol1/youtube/double-slit-one-electron-bb/mp4/double-slit-one-electron-bb-short.mp4':
  Metadata:
    major_brand     : isom
    minor_version   : 512
    compatible_brands: isomiso2avc1mp41
    encoder         : Lavf61.1.100
    comment         : Rendered with Manim Community v0.20.1
  Duration: 00:02:13.20, start: 0.000000, bitrate: 381 kb/s
  Stream #0:0[0x1](und): Video: h264 (High) (avc1 / 0x31637661), yuv420p(progressive), 1080x1920, 175 kb/s, 60 fps, 60 tbr, 15360 tbn (default)
      Metadata:
        handler_name    : VideoHandler
        vendor_id       : [0][0][0][0]
        encoder         : Lavc61.3.100 libx264
  Stream #0:1[0x2](und): Audio: aac (LC) (mp4a / 0x6134706D), 44100 Hz, mono, fltp, 194 kb/s (default)
      Metadata:
        handler_name    : SoundHandler
        vendor_id       : [0][0][0][0]
[Parsed_subtitles_0 @ 0x7f78fdf07000] libass API version: 0x1701000
[Parsed_subtitles_0 @ 0x7f78fdf07000] libass source: tarball: 0.17.1
[Parsed_subtitles_0 @ 0x7f78fdf07000] Shaper: FriBidi 1.0.13 (SIMPLE) HarfBuzz-ng 8.4.0 (COMPLEX)
[Parsed_subtitles_0 @ 0x7f78fdf07000] Using font provider coretext
Stream mapping:
  Stream #0:0 -> #0:0 (h264 (native) -> h264 (libx264))
  Stream #0:1 -> #0:1 (copy)
Press [q] to stop, [?] for help
[Parsed_subtitles_0 @ 0x7f78bdf06880] libass API version: 0x1701000
[Parsed_subtitles_0 @ 0x7f78bdf06880] libass source: tarball: 0.17.1
[Parsed_subtitles_0 @ 0x7f78bdf06880] Shaper: FriBidi 1.0.13 (SIMPLE) HarfBuzz-ng 8.4.0 (COMPLEX)
[Parsed_subtitles_0 @ 0x7f78bdf06880] Using font provider coretext
[Parsed_subtitles_0 @ 0x7f78bdf06880] fontselect: (EB Garamond, 400, 0) -> /Users/nik/Library/Fonts/EBGaramond-VariableFont_wght.ttf, -1, EBGaramond-Regular
[libx264 @ 0x7f78fdf061c0] using cpu capabilities: MMX2 SSE2Fast SSSE3 SSE4.2 AVX FMA3 BMI2 AVX2
[libx264 @ 0x7f78fdf061c0] profile High, level 4.2, 4:2:0, 8-bit
[libx264 @ 0x7f78fdf061c0] 264 - core 164 r3108 31e19f9 - H.264/MPEG-4 AVC codec - Copyleft 2003-2023 - http://www.videolan.org/x264.html - options: cabac=1 ref=3 deblock=1:0:0 analyse=0x3:0x113 me=hex subme=7 psy=1 psy_rd=1.00:0.00 mixed_ref=1 me_range=16 chroma_me=1 trellis=1 8x8dct=1 cqm=0 deadzone=21,11 fast_pskip=1 chroma_qp_offset=-2 threads=24 lookahead_threads=4 sliced_threads=0 nr=0 decimate=1 interlaced=0 bluray_compat=0 constrained_intra=0 bframes=3 b_pyramid=2 b_adapt=1 b_bias=0 direct=1 weightb=1 open_gop=0 weightp=2 keyint=250 keyint_min=25 scenecut=40 intra_refresh=0 rc_lookahead=40 rc=crf mbtree=1 crf=18.0 qcomp=0.60 qpmin=0 qpmax=69 qpstep=4 ip_ratio=1.40 aq=1:1.00
Output #0, mp4, to '/Users/nik/Documents/Cowork/quantum-mechanics-vol1/youtube/double-slit-one-electron-bb/mp4/double-slit-one-electron-bb-short-caption.mp4':
  Metadata:
    major_brand     : isom
    minor_version   : 512
    compatible_brands: isomiso2avc1mp41
    comment         : Rendered with Manim Community v0.20.1
    encoder         : Lavf61.1.100
  Stream #0:0(und): Video: h264 (avc1 / 0x31637661), yuv420p(progressive), 1080x1920, q=2-31, 60 fps, 15360 tbn (default)
      Metadata:
        handler_name    : VideoHandler
        vendor_id       : [0][0][0][0]
        encoder         : Lavc61.3.100 libx264
      Side data:
        cpb: bitrate max/min/avg: 0/0/0 buffer size: 0 vbv_delay: N/A
  Stream #0:1(und): Audio: aac (LC) (mp4a / 0x6134706D), 44100 Hz, mono, fltp, 194 kb/s (default)
      Metadata:
        handler_name    : SoundHandler
        vendor_id       : [0][0][0][0]
frame=    8 fps=0.0 q=26.0 size=       0KiB time=00:00:00.10 bitrate=   3.8kbits/s speed=0.198x    
frame=  130 fps=129 q=26.0 size=       0KiB time=00:00:02.13 bitrate=   0.2kbits/s speed=2.12x    
frame=  236 fps=156 q=26.0 size=     256KiB time=00:00:03.90 bitrate= 537.8kbits/s speed=2.59x    
frame=  357 fps=177 q=26.0 size=     256KiB time=00:00:05.91 bitrate= 354.5kbits/s speed=2.94x    
frame=  480 fps=191 q=26.0 size=     256KiB time=00:00:07.96 bitrate= 263.3kbits/s speed=3.17x    
frame=  614 fps=204 q=26.0 size=     512KiB time=00:00:10.20 bitrate= 411.2kbits/s speed=3.38x    
frame=  744 fps=211 q=26.0 size=     512KiB time=00:00:12.36 bitrate= 339.2kbits/s speed=3.52x    
frame=  887 fps=221 q=26.0 size=     512KiB time=00:00:14.75 bitrate= 284.4kbits/s speed=3.67x    
frame= 1028 fps=227 q=26.0 size=     768KiB time=00:00:17.10 bitrate= 367.9kbits/s speed=3.78x    
frame= 1175 fps=234 q=26.0 size=     768KiB time=00:00:19.55 bitrate= 321.8kbits/s speed=3.89x    
frame= 1313 fps=237 q=26.0 size=     768KiB time=00:00:21.85 bitrate= 288.0kbits/s speed=3.95x    
frame= 1457 fps=241 q=26.0 size=    1024KiB time=00:00:24.25 bitrate= 345.9kbits/s speed=4.02x    
frame= 1599 fps=244 q=26.0 size=    1024KiB time=00:00:26.61 bitrate= 315.2kbits/s speed=4.07x    
frame= 1740 fps=247 q=26.0 size=    1024KiB time=00:00:28.96 bitrate= 289.6kbits/s speed=4.11x    
frame= 1878 fps=249 q=26.0 size=    1280KiB time=00:00:31.26 bitrate= 335.4kbits/s speed=4.14x    
frame= 2005 fps=249 q=26.0 size=    1280KiB time=00:00:33.38 bitrate= 314.1kbits/s speed=4.15x    
frame= 2140 fps=250 q=26.0 size=    1536KiB time=00:00:35.63 bitrate= 353.1kbits/s speed=4.17x    
frame= 2268 fps=251 q=26.0 size=    1792KiB time=00:00:37.76 bitrate= 388.7kbits/s speed=4.17x    
frame= 2406 fps=252 q=26.0 size=    1792KiB time=00:00:40.06 bitrate= 366.4kbits/s speed=4.19x    
frame= 2533 fps=252 q=26.0 size=    2048KiB time=00:00:42.18 bitrate= 397.7kbits/s speed=4.19x    
frame= 2663 fps=252 q=26.0 size=    2048KiB time=00:00:44.35 bitrate= 378.3kbits/s speed= 4.2x    
frame= 2801 fps=253 q=26.0 size=    2048KiB time=00:00:46.65 bitrate= 359.6kbits/s speed=4.22x    
frame= 2944 fps=254 q=26.0 size=    2304KiB time=00:00:49.03 bitrate= 384.9kbits/s speed=4.24x    
frame= 3074 fps=255 q=26.0 size=    2304KiB time=00:00:51.20 bitrate= 368.6kbits/s speed=4.24x    
frame= 3210 fps=255 q=26.0 size=    2560KiB time=00:00:53.46 bitrate= 392.2kbits/s speed=4.25x    
frame= 3351 fps=256 q=26.0 size=    2560KiB time=00:00:55.81 bitrate= 375.7kbits/s speed=4.27x    
frame= 3486 fps=257 q=26.0 size=    2560KiB time=00:00:58.06 bitrate= 361.2kbits/s speed=4.28x    
frame= 3630 fps=258 q=26.0 size=    2816KiB time=00:01:00.46 bitrate= 381.5kbits/s speed= 4.3x    
frame= 3769 fps=259 q=26.0 size=    2816KiB time=00:01:02.78 bitrate= 367.4kbits/s speed=4.31x    
frame= 3911 fps=259 q=26.0 size=    2816KiB time=00:01:05.15 bitrate= 354.1kbits/s speed=4.32x    
frame= 4048 fps=260 q=26.0 size=    3072KiB time=00:01:07.43 bitrate= 373.2kbits/s speed=4.33x    
frame= 4186 fps=260 q=26.0 size=    3072KiB time=00:01:09.73 bitrate= 360.9kbits/s speed=4.33x    
frame= 4315 fps=260 q=26.0 size=    3328KiB time=00:01:11.88 bitrate= 379.3kbits/s speed=4.33x    
frame= 4451 fps=260 q=26.0 size=    3328KiB time=00:01:14.15 bitrate= 367.7kbits/s speed=4.34x    
frame= 4575 fps=260 q=26.0 size=    3584KiB time=00:01:16.21 bitrate= 385.2kbits/s speed=4.33x    
frame= 4711 fps=260 q=26.0 size=    3584KiB time=00:01:18.48 bitrate= 374.1kbits/s speed=4.34x    
frame= 4842 fps=260 q=26.0 size=    3840KiB time=00:01:20.66 bitrate= 390.0kbits/s speed=4.34x    
frame= 4981 fps=261 q=26.0 size=    3840KiB time=00:01:22.98 bitrate= 379.1kbits/s speed=4.34x    
frame= 5116 fps=261 q=26.0 size=    3840KiB time=00:01:25.23 bitrate= 369.1kbits/s speed=4.35x    
frame= 5248 fps=261 q=26.0 size=    4096KiB time=00:01:27.43 bitrate= 383.8kbits/s speed=4.35x    
frame= 5381 fps=261 q=26.0 size=    4096KiB time=00:01:29.65 bitrate= 374.3kbits/s speed=4.35x    
frame= 5499 fps=260 q=26.0 size=    4352KiB time=00:01:31.61 bitrate= 389.1kbits/s speed=4.34x    
frame= 5633 fps=261 q=26.0 size=    4352KiB time=00:01:33.85 bitrate= 379.9kbits/s speed=4.34x    
frame= 5760 fps=260 q=26.0 size=    4608KiB time=00:01:35.96 bitrate= 393.4kbits/s speed=4.34x    
frame= 5900 fps=261 q=26.0 size=    4608KiB time=00:01:38.30 bitrate= 384.0kbits/s speed=4.34x    
frame= 6037 fps=261 q=26.0 size=    4864KiB time=00:01:40.58 bitrate= 396.2kbits/s speed=4.35x    
frame= 6180 fps=261 q=26.0 size=    4864KiB time=00:01:42.96 bitrate= 387.0kbits/s speed=4.36x    
frame= 6316 fps=262 q=26.0 size=    5120KiB time=00:01:45.23 bitrate= 398.6kbits/s speed=4.36x    
frame= 6455 fps=262 q=26.0 size=    5120KiB time=00:01:47.55 bitrate= 390.0kbits/s speed=4.36x    
frame= 6592 fps=262 q=26.0 size=    5120KiB time=00:01:49.83 bitrate= 381.9kbits/s speed=4.37x    
frame= 6690 fps=261 q=26.0 size=    5376KiB time=00:01:51.46 bitrate= 395.1kbits/s speed=4.35x    
frame= 6809 fps=260 q=26.0 size=    5376KiB time=00:01:53.45 bitrate= 388.2kbits/s speed=4.34x    
frame= 6941 fps=260 q=26.0 size=    5632KiB time=00:01:55.65 bitrate= 398.9kbits/s speed=4.34x    
frame= 7069 fps=260 q=26.0 size=    5632KiB time=00:01:57.78 bitrate= 391.7kbits/s speed=4.34x    
frame= 7176 fps=259 q=26.0 size=    5632KiB time=00:01:59.56 bitrate= 385.9kbits/s speed=4.32x    
frame= 7306 fps=259 q=26.0 size=    5888KiB time=00:02:01.73 bitrate= 396.2kbits/s speed=4.32x    
frame= 7441 fps=260 q=26.0 size=    5888KiB time=00:02:03.98 bitrate= 389.0kbits/s speed=4.33x    
frame= 7579 fps=260 q=26.0 size=    6144KiB time=00:02:06.28 bitrate= 398.6kbits/s speed=4.33x    
frame= 7723 fps=260 q=26.0 size=    6144KiB time=00:02:08.68 bitrate= 391.1kbits/s speed=4.34x    
frame= 7880 fps=261 q=26.0 size=    6400KiB time=00:02:11.30 bitrate= 399.3kbits/s speed=4.35x    
[out#0/mp4 @ 0x7f78fdf05280] video:3409KiB audio:3165KiB subtitle:0KiB other streams:0KiB global headers:0KiB muxing overhead: 3.243436%
frame= 7930 fps=262 q=-1.0 Lsize=    6787KiB time=00:02:12.13 bitrate= 420.8kbits/s speed=4.37x    
[libx264 @ 0x7f78fdf061c0] frame I:32    Avg QP: 4.96  size: 28131
[libx264 @ 0x7f78fdf061c0] frame P:2020  Avg QP:13.30  size:   889
[libx264 @ 0x7f78fdf061c0] frame B:5878  Avg QP:14.09  size:   135
[libx264 @ 0x7f78fdf061c0] consecutive B-frames:  0.7%  1.0%  1.0% 97.3%
[libx264 @ 0x7f78fdf061c0] mb I  I16..4: 90.8%  3.7%  5.5%
[libx264 @ 0x7f78fdf061c0] mb P  I16..4:  0.1%  0.1%  0.1%  P16..4:  0.5%  0.1%  0.1%  0.0%  0.0%    skip:99.1%
[libx264 @ 0x7f78fdf061c0] mb B  I16..4:  0.0%  0.0%  0.0%  B16..8:  0.4%  0.0%  0.0%  direct: 0.0%  skip:99.6%  L0:54.8% L1:43.0% BI: 2.2%
[libx264 @ 0x7f78fdf061c0] 8x8 transform intra:9.5% inter:35.4%
[libx264 @ 0x7f78fdf061c0] coded y,uvDC,uvAC intra: 6.5% 9.1% 7.1% inter: 0.1% 0.1% 0.0%
[libx264 @ 0x7f78fdf061c0] i16 v,h,dc,p: 97%  2%  1%  0%
[libx264 @ 0x7f78fdf061c0] i8 v,h,dc,ddl,ddr,vr,hd,vl,hu: 33%  6% 51%  2%  2%  2%  2%  1%  1%
[libx264 @ 0x7f78fdf061c0] i4 v,h,dc,ddl,ddr,vr,hd,vl,hu: 37% 17% 21%  4%  5%  5%  4%  4%  4%
[libx264 @ 0x7f78fdf061c0] i8c dc,h,v,p: 91%  4%  5%  0%
[libx264 @ 0x7f78fdf061c0] Weighted P-Frames: Y:0.8% UV:0.7%
[libx264 @ 0x7f78fdf061c0] ref P L0: 80.4%  9.2%  7.2%  3.1%  0.1%
[libx264 @ 0x7f78fdf061c0] ref B L0: 66.6% 32.2%  1.2%
[libx264 @ 0x7f78fdf061c0] ref B L1: 97.8%  2.2%
[libx264 @ 0x7f78fdf061c0] kb/s:211.24


===== STEP: LONG: transcripts
$ /Users/nik/ai/bin/python3 /Users/nik/Documents/Cowork/quantum-mechanics-vol1/youtube/scripts/emit_transcript.py /Users/nik/Documents/Cowork/quantum-mechanics-vol1/youtube/double-slit-one-electron-bb
cwd: /Users/nik/Documents/Cowork/unreal-reels
exit: 0
[ok] 26 cues → double-slit-one-electron-bb.srt, double-slit-one-electron-bb.vtt, double-slit-one-electron-bb-transcript.txt
[i] total 00:02:13,210 — upload double-slit-one-electron-bb.srt in YouTube Studio → Subtitles → Add → Upload (with timing).


===== STEP: LONG: YouTube metadata
$ /Users/nik/ai/bin/python3 /Users/nik/Documents/Cowork/quantum-mechanics-vol1/youtube/scripts/emit_youtube.py /Users/nik/Documents/Cowork/quantum-mechanics-vol1/youtube/double-slit-one-electron-bb
cwd: /Users/nik/Documents/Cowork/unreal-reels
exit: 0
[ok] double-slit-one-electron-bb-youtube.md  (7 chapters)
[ok] double-slit-one-electron-bb-youtube.json  (autoposter manifest, privacy=private)


===== STEP: SHORT: short guard (<3:00)
$ /Users/nik/ai/bin/python3 /Users/nik/Documents/Cowork/quantum-mechanics-vol1/youtube/scripts/short_guard.py /Users/nik/Documents/Cowork/quantum-mechanics-vol1/youtube/double-slit-one-electron-bb/short
cwd: /Users/nik/Documents/Cowork/unreal-reels
exit: 0
[ok] Short duration 1:01.90 < 3:00 (audio total) — safe to render 9:16.


===== STEP: SHORT: PRE-RENDER layout audit 16:9
$ /Users/nik/ai/bin/python3 /Users/nik/Documents/Cowork/quantum-mechanics-vol1/youtube/scripts/manim_layout_audit.py double_slit_one_electron_short_bb.py --curve-strict
cwd: /Users/nik/Documents/Cowork/quantum-mechanics-vol1/youtube/double-slit-one-electron-bb/short
exit: 0
[bn_layout] mode=LANDSCAPE pixels=1920x1080 frame=14.22x8.00
[audit] double_slit_one_electron_short_bb: 44 snapshots → CLEAN
[audit] report: /Users/nik/Documents/Cowork/quantum-mechanics-vol1/youtube/double-slit-one-electron-bb/short/layout_audit.md

Animation 0: FadeIn(Text("Bear's Notes")):   0%|          | 0/8 [00:00<?, ?it/s]
                                                                                

Animation 1: Write(VGroup of 1 submobjects):   0%|          | 0/21 [00:00<?, ?it/s]
Animation 1: Write(VGroup of 1 submobjects):  52%|█████▏    | 11/21 [00:00<00:00, 107.57it/s]
                                                                                             

Animation 2: Create(Line), etc.:   0%|          | 0/8 [00:00<?, ?it/s]
                                                                      
/Users/nik/Documents/Cowork/quantum-mechanics-vol1/youtube/scripts/manim_layout_audit.py:145: DeprecationWarning: This method is not guaranteed to stay around. Please prefer getting the attribute normally.
  if float(mob.get_stroke_opacity()) <= 0.02:

Animation 4: FadeOut(Group):   0%|          | 0/6 [00:00<?, ?it/s]
Animation 4: FadeOut(Group): 100%|██████████| 6/6 [00:00<00:00, 51.78it/s]
                                                                          

Animation 5: FadeOut(Mobject):   0%|          | 0/6 [00:00<?, ?it/s]
                                                                    

Animation 7: Create(RoundedRectangle), etc.:   0%|          | 0/30 [00:00<?, ?it/s]
                                                                                   

Animation 8: _MethodAnimation(Dot):   0%|          | 0/9 [00:00<?, ?it/s]
                                                                         

Animation 9: _MethodAnimation(Dot):   0%|          | 0/9 [00:00<?, ?it/s]
                                                                         

Animation 11: _MethodAnimation(Dot):   0%|          | 0/9 [00:00<?, ?it/s]
                                                                          

Animation 12: _MethodAnimation(Dot):   0%|          | 0/9 [00:00<?, ?it/s]
                                                                          

Animation 14: LaggedStart(Group), etc.:   0%|          | 0/30 [00:00<?, ?it/s]
Animation 14: LaggedStart(Group), etc.:  57%|█████▋    | 17/30 [00:00<00:00, 164.31it/s]
                                                                                        

Animation 15: Create(DashedVMobject):   0%|          | 0/18 [00:00<?, ?it/s]
                                                                            

Animation 17: LaggedStart(Group), etc.:   0%|          | 0/30 [00:00<?, ?it/s]
Animation 17: LaggedStart(Group), etc.:  13%|█▎        | 4/30 [00:00<00:00, 37.44it/s]
Animation 17: LaggedStart(Group), etc.:  27%|██▋       | 8/30 [00:00<00:00, 35.62it/s]
Animation 17: LaggedStart(Group), etc.:  40%|████      | 12/30 [00:00<00:00, 29.27it/s]
Animation 17: LaggedStart(Group), etc.:  53%|█████▎    | 16/30 [00:00<00:00, 29.71it/s]
Animation 17: LaggedStart(Group), etc.:  67%|██████▋   | 20/30 [00:00<00:00, 29.77it/s]
Animation 17: LaggedStart(Group), etc.:  80%|████████  | 24/30 [00:00<00:00, 30.26it/s]
Animation 17: LaggedStart(Group), etc.:  93%|█████████▎| 28/30 [00:00<00:00, 31.08it/s]
                                                                                       

Animation 19: Create(VGroup of 4 submobjects), etc.:   0%|          | 0/21 [00:00<?, ?it/s]
                                                                                           

Animation 20: Create(ParametricFunction):   0%|          | 0/18 [00:00<?, ?it/s]
                                                                                

Animation 22: _MethodAnimation(VGroup of 4 submobjects), etc.:   0%|          | 0/6 [00:00<?, ?it/s]
                                                                                                    

Animation 23: _MethodAnimation(Dot):   0%|          | 0/16 [00:00<?, ?it/s]
                                                                           

Animation 24: _MethodAnimation(Dot):   0%|          | 0/16 [00:00<?, ?it/s]
                                                                           

Animation 25: _MethodAnimation(DashedVMobject):   0%|          | 0/5 [00:00<?, ?it/s]
Animation 25: _MethodAnimation(DashedVMobject): 100%|██████████| 5/5 [00:00<00:00, 40.01it/s]
                                                                                             

Animation 26: FadeOut(Dot), etc.:   0%|          | 0/6 [00:00<?, ?it/s]
Animation 26: FadeOut(Dot), etc.:  67%|██████▋   | 4/6 [00:00<00:00, 39.00it/s]
                                                                               

Animation 27: Write(Text('one at a time')):   0%|          | 0/21 [00:00<?, ?it/s]
                                                                                  

Animation 28: Indicate(RoundedRectangle):   0%|          | 0/9 [00:00<?, ?it/s]
Animation 28: Indicate(RoundedRectangle):  33%|███▎      | 3/9 [00:00<00:00, 28.95it/s]
Animation 28: Indicate(RoundedRectangle):  67%|██████▋   | 6/9 [00:00<00:00, 28.76it/s]
Animation 28: Indicate(RoundedRectangle): 100%|██████████| 9/9 [00:00<00:00, 28.71it/s]
                                                                                       

Animation 30: _MethodAnimation(VGroup of 4 submobjects), etc.:   0%|          | 0/30 [00:00<?, ?it/s]
Animation 30: _MethodAnimation(VGroup of 4 submobjects), etc.:  37%|███▋      | 11/30 [00:00<00:00, 109.16it/s]
Animation 30: _MethodAnimation(VGroup of 4 submobjects), etc.:  73%|███████▎  | 22/30 [00:00<00:00, 107.54it/s]
                                                                                                               

Animation 32: _MethodAnimation(VGroup of 4 submobjects), etc.:   0%|          | 0/8 [00:00<?, ?it/s]
                                                                                                    

Animation 33: Write(MathTex('|\\psi|^2')):   0%|          | 0/30 [00:00<?, ?it/s]
                                                                                 

Animation 35: FadeIn(VGroup of 2 submobjects):   0%|          | 0/12 [00:00<?, ?it/s]
                                                                                     

Animation 36: ReplacementTransform(ParametricFunction), etc.:   0%|          | 0/24 [00:00<?, ?it/s]
Animation 36: ReplacementTransform(ParametricFunction), etc.:  12%|█▎        | 3/24 [00:00<00:00, 26.95it/s]
Animation 36: ReplacementTransform(ParametricFunction), etc.:  25%|██▌       | 6/24 [00:00<00:00, 26.66it/s]
Animation 36: ReplacementTransform(ParametricFunction), etc.:  38%|███▊      | 9/24 [00:00<00:00, 26.66it/s]
Animation 36: ReplacementTransform(ParametricFunction), etc.:  50%|█████     | 12/24 [00:00<00:00, 26.67it/s]
Animation 36: ReplacementTransform(ParametricFunction), etc.:  62%|██████▎   | 15/24 [00:00<00:00, 26.44it/s]
Animation 36: ReplacementTransform(ParametricFunction), etc.:  75%|███████▌  | 18/24 [00:00<00:00, 26.54it/s]
Animation 36: ReplacementTransform(ParametricFunction), etc.:  88%|████████▊ | 21/24 [00:00<00:00, 26.51it/s]
Animation 36: ReplacementTransform(ParametricFunction), etc.: 100%|██████████| 24/24 [00:00<00:00, 26.89it/s]
                                                                                                             

Animation 38: FadeOut(MathTex('|\\psi|^2')):   0%|          | 0/5 [00:00<?, ?it/s]
                                                                                  

Animation 39: Write(VGroup of 3 submobjects):   0%|          | 0/35 [00:00<?, ?it/s]
Animation 39: Write(VGroup of 3 submobjects):  31%|███▏      | 11/35 [00:00<00:00, 105.57it/s]
Animation 39: Write(VGroup of 3 submobjects):  63%|██████▎   | 22/35 [00:00<00:00, 85.18it/s] 
Animation 39: Write(VGroup of 3 submobjects):  89%|████████▊ | 31/35 [00:00<00:00, 77.21it/s]
                                                                                             

Animation 41: FadeOut(VGroup of 3 submobjects):   0%|          | 0/5 [00:00<?, ?it/s]
                                                                                     

Animation 42: FadeIn(VGroup of 1 submobjects):   0%|          | 0/8 [00:00<?, ?it/s]
Animation 42: FadeIn(VGroup of 1 submobjects): 100%|██████████| 8/8 [00:00<00:00, 72.59it/s]
                                                                                            


===== STEP: SHORT: PRE-RENDER layout audit 9:16
$ /Users/nik/ai/bin/python3 /Users/nik/Documents/Cowork/quantum-mechanics-vol1/youtube/scripts/manim_layout_audit.py double_slit_one_electron_short_bb.py --portrait --curve-strict
cwd: /Users/nik/Documents/Cowork/quantum-mechanics-vol1/youtube/double-slit-one-electron-bb/short
exit: 0
[bn_layout] mode=PORTRAIT pixels=1080x1920 frame=4.50x8.00
[audit] double_slit_one_electron_short_bb: 44 snapshots → CLEAN
[audit] report: /Users/nik/Documents/Cowork/quantum-mechanics-vol1/youtube/double-slit-one-electron-bb/short/layout_audit.md

Animation 0: FadeIn(Text("Bear's Notes")):   0%|          | 0/30 [00:00<?, ?it/s]
Animation 0: FadeIn(Text("Bear's Notes")):  23%|██▎       | 7/30 [00:00<00:00, 69.40it/s]
Animation 0: FadeIn(Text("Bear's Notes")):  53%|█████▎    | 16/30 [00:00<00:00, 78.84it/s]
Animation 0: FadeIn(Text("Bear's Notes")):  87%|████████▋ | 26/30 [00:00<00:00, 83.92it/s]
                                                                                          

Animation 1: Write(VGroup of 4 submobjects):   0%|          | 0/84 [00:00<?, ?it/s]
Animation 1: Write(VGroup of 4 submobjects):  10%|▉         | 8/84 [00:00<00:01, 72.07it/s]
Animation 1: Write(VGroup of 4 submobjects):  19%|█▉        | 16/84 [00:00<00:00, 71.92it/s]
Animation 1: Write(VGroup of 4 submobjects):  29%|██▊       | 24/84 [00:00<00:00, 68.50it/s]
Animation 1: Write(VGroup of 4 submobjects):  37%|███▋      | 31/84 [00:00<00:00, 66.14it/s]
Animation 1: Write(VGroup of 4 submobjects):  45%|████▌     | 38/84 [00:00<00:00, 62.77it/s]
Animation 1: Write(VGroup of 4 submobjects):  54%|█████▎    | 45/84 [00:00<00:00, 60.40it/s]
Animation 1: Write(VGroup of 4 submobjects):  62%|██████▏   | 52/84 [00:00<00:00, 58.01it/s]
Animation 1: Write(VGroup of 4 submobjects):  69%|██████▉   | 58/84 [00:00<00:00, 54.34it/s]
Animation 1: Write(VGroup of 4 submobjects):  76%|███████▌  | 64/84 [00:01<00:00, 51.34it/s]
Animation 1: Write(VGroup of 4 submobjects):  83%|████████▎ | 70/84 [00:01<00:00, 50.16it/s]
Animation 1: Write(VGroup of 4 submobjects):  90%|█████████ | 76/84 [00:01<00:00, 48.51it/s]
Animation 1: Write(VGroup of 4 submobjects):  96%|█████████▋| 81/84 [00:01<00:00, 47.83it/s]
                                                                                            

Animation 2: Create(Line), etc.:   0%|          | 0/30 [00:00<?, ?it/s]
Animation 2: Create(Line), etc.:  60%|██████    | 18/30 [00:00<00:00, 178.60it/s]
                                                                                 
/Users/nik/Documents/Cowork/quantum-mechanics-vol1/youtube/scripts/manim_layout_audit.py:145: DeprecationWarning: This method is not guaranteed to stay around. Please prefer getting the attribute normally.
  if float(mob.get_stroke_opacity()) <= 0.02:

Animation 4: FadeOut(Group):   0%|          | 0/24 [00:00<?, ?it/s]
Animation 4: FadeOut(Group):  17%|█▋        | 4/24 [00:00<00:00, 36.03it/s]
Animation 4: FadeOut(Group):  33%|███▎      | 8/24 [00:00<00:00, 36.97it/s]
Animation 4: FadeOut(Group):  50%|█████     | 12/24 [00:00<00:00, 37.82it/s]
Animation 4: FadeOut(Group):  67%|██████▋   | 16/24 [00:00<00:00, 37.52it/s]
Animation 4: FadeOut(Group):  83%|████████▎ | 20/24 [00:00<00:00, 38.18it/s]
                                                                            

Animation 5: FadeOut(Mobject):   0%|          | 0/24 [00:00<?, ?it/s]
Animation 5: FadeOut(Mobject):  83%|████████▎ | 20/24 [00:00<00:00, 193.18it/s]
                                                                               

Animation 7: Create(RoundedRectangle), etc.:   0%|          | 0/120 [00:00<?, ?it/s]
Animation 7: Create(RoundedRectangle), etc.:  15%|█▌        | 18/120 [00:00<00:00, 174.23it/s]
Animation 7: Create(RoundedRectangle), etc.:  30%|███       | 36/120 [00:00<00:00, 166.35it/s]
Animation 7: Create(RoundedRectangle), etc.:  44%|████▍     | 53/120 [00:00<00:00, 138.86it/s]
Animation 7: Create(RoundedRectangle), etc.:  59%|█████▉    | 71/120 [00:00<00:00, 150.41it/s]
Animation 7: Create(RoundedRectangle), etc.:  73%|███████▎  | 88/120 [00:00<00:00, 153.84it/s]
Animation 7: Create(RoundedRectangle), etc.:  88%|████████▊ | 105/120 [00:00<00:00, 157.54it/s]
                                                                                               

Animation 8: _MethodAnimation(Dot):   0%|          | 0/36 [00:00<?, ?it/s]
Animation 8: _MethodAnimation(Dot):  56%|█████▌    | 20/36 [00:00<00:00, 192.62it/s]
                                                                                    

Animation 9: _MethodAnimation(Dot):   0%|          | 0/36 [00:00<?, ?it/s]
Animation 9: _MethodAnimation(Dot):  53%|█████▎    | 19/36 [00:00<00:00, 181.45it/s]
                                                                                    

Animation 11: _MethodAnimation(Dot):   0%|          | 0/36 [00:00<?, ?it/s]
Animation 11: _MethodAnimation(Dot):  53%|█████▎    | 19/36 [00:00<00:00, 182.38it/s]
                                                                                     

Animation 12: _MethodAnimation(Dot):   0%|          | 0/36 [00:00<?, ?it/s]
Animation 12: _MethodAnimation(Dot):  56%|█████▌    | 20/36 [00:00<00:00, 192.31it/s]
                                                                                     

Animation 14: LaggedStart(Group), etc.:   0%|          | 0/120 [00:00<?, ?it/s]
Animation 14: LaggedStart(Group), etc.:   8%|▊         | 10/120 [00:00<00:01, 94.28it/s]
Animation 14: LaggedStart(Group), etc.:  17%|█▋        | 20/120 [00:00<00:01, 91.56it/s]
Animation 14: LaggedStart(Group), etc.:  25%|██▌       | 30/120 [00:00<00:01, 89.07it/s]
Animation 14: LaggedStart(Group), etc.:  32%|███▎      | 39/120 [00:00<00:00, 87.98it/s]
Animation 14: LaggedStart(Group), etc.:  40%|████      | 48/120 [00:00<00:00, 87.35it/s]
Animation 14: LaggedStart(Group), etc.:  48%|████▊     | 57/120 [00:00<00:00, 86.92it/s]
Animation 14: LaggedStart(Group), etc.:  55%|█████▌    | 66/120 [00:00<00:00, 86.21it/s]
Animation 14: LaggedStart(Group), etc.:  62%|██████▎   | 75/120 [00:00<00:00, 86.47it/s]
Animation 14: LaggedStart(Group), etc.:  70%|███████   | 84/120 [00:00<00:00, 86.12it/s]
Animation 14: LaggedStart(Group), etc.:  78%|███████▊  | 93/120 [00:01<00:00, 87.00it/s]
Animation 14: LaggedStart(Group), etc.:  85%|████████▌ | 102/120 [00:01<00:00, 86.93it/s]
Animation 14: LaggedStart(Group), etc.:  92%|█████████▎| 111/120 [00:01<00:00, 87.78it/s]
Animation 14: LaggedStart(Group), etc.: 100%|██████████| 120/120 [00:01<00:00, 88.24it/s]
                                                                                         

Animation 15: Create(DashedVMobject):   0%|          | 0/72 [00:00<?, ?it/s]
Animation 15: Create(DashedVMobject):  18%|█▊        | 13/72 [00:00<00:00, 126.54it/s]
Animation 15: Create(DashedVMobject):  36%|███▌      | 26/72 [00:00<00:00, 123.95it/s]
Animation 15: Create(DashedVMobject):  54%|█████▍    | 39/72 [00:00<00:00, 121.97it/s]
Animation 15: Create(DashedVMobject):  72%|███████▏  | 52/72 [00:00<00:00, 120.91it/s]
Animation 15: Create(DashedVMobject):  90%|█████████ | 65/72 [00:00<00:00, 117.07it/s]
                                                                                      

Animation 17: LaggedStart(Group), etc.:   0%|          | 0/120 [00:00<?, ?it/s]
Animation 17: LaggedStart(Group), etc.:   2%|▎         | 3/120 [00:00<00:04, 27.42it/s]
Animation 17: LaggedStart(Group), etc.:   5%|▌         | 6/120 [00:00<00:03, 28.70it/s]
Animation 17: LaggedStart(Group), etc.:   8%|▊         | 10/120 [00:00<00:03, 29.72it/s]
Animation 17: LaggedStart(Group), etc.:  11%|█         | 13/120 [00:00<00:03, 29.74it/s]
Animation 17: LaggedStart(Group), etc.:  14%|█▍        | 17/120 [00:00<00:03, 30.12it/s]
Animation 17: LaggedStart(Group), etc.:  18%|█▊        | 21/120 [00:00<00:03, 30.12it/s]
Animation 17: LaggedStart(Group), etc.:  21%|██        | 25/120 [00:00<00:03, 30.06it/s]
Animation 17: LaggedStart(Group), etc.:  24%|██▍       | 29/120 [00:00<00:03, 29.96it/s]
Animation 17: LaggedStart(Group), etc.:  27%|██▋       | 32/120 [00:01<00:02, 29.79it/s]
Animation 17: LaggedStart(Group), etc.:  29%|██▉       | 35/120 [00:01<00:02, 28.74it/s]
Animation 17: LaggedStart(Group), etc.:  32%|███▏      | 38/120 [00:01<00:02, 28.30it/s]
Animation 17: LaggedStart(Group), etc.:  34%|███▍      | 41/120 [00:01<00:02, 27.56it/s]
Animation 17: LaggedStart(Group), etc.:  37%|███▋      | 44/120 [00:01<00:02, 27.66it/s]
Animation 17: LaggedStart(Group), etc.:  39%|███▉      | 47/120 [00:01<00:02, 27.47it/s]
Animation 17: LaggedStart(Group), etc.:  42%|████▏     | 50/120 [00:01<00:02, 27.47it/s]
Animation 17: LaggedStart(Group), etc.:  44%|████▍     | 53/120 [00:01<00:02, 27.24it/s]
Animation 17: LaggedStart(Group), etc.:  47%|████▋     | 56/120 [00:01<00:02, 26.55it/s]
Animation 17: LaggedStart(Group), etc.:  49%|████▉     | 59/120 [00:02<00:02, 26.33it/s]
Animation 17: LaggedStart(Group), etc.:  52%|█████▏    | 62/120 [00:02<00:02, 25.96it/s]
Animation 17: LaggedStart(Group), etc.:  54%|█████▍    | 65/120 [00:02<00:02, 25.74it/s]
Animation 17: LaggedStart(Group), etc.:  57%|█████▋    | 68/120 [00:02<00:02, 23.06it/s]
Animation 17: LaggedStart(Group), etc.:  59%|█████▉    | 71/120 [00:02<00:02, 23.90it/s]
Animation 17: LaggedStart(Group), etc.:  62%|██████▏   | 74/120 [00:02<00:01, 24.55it/s]
Animation 17: LaggedStart(Group), etc.:  64%|██████▍   | 77/120 [00:02<00:01, 25.17it/s]
Animation 17: LaggedStart(Group), etc.:  67%|██████▋   | 80/120 [00:02<00:01, 25.27it/s]
Animation 17: LaggedStart(Group), etc.:  69%|██████▉   | 83/120 [00:03<00:01, 25.37it/s]
Animation 17: LaggedStart(Group), etc.:  72%|███████▏  | 86/120 [00:03<00:01, 25.01it/s]
Animation 17: LaggedStart(Group), etc.:  74%|███████▍  | 89/120 [00:03<00:01, 25.26it/s]
Animation 17: LaggedStart(Group), etc.:  77%|███████▋  | 92/120 [00:03<00:01, 25.76it/s]
Animation 17: LaggedStart(Group), etc.:  79%|███████▉  | 95/120 [00:03<00:00, 25.83it/s]
Animation 17: LaggedStart(Group), etc.:  82%|████████▏ | 98/120 [00:03<00:00, 26.29it/s]
Animation 17: LaggedStart(Group), etc.:  84%|████████▍ | 101/120 [00:03<00:00, 26.70it/s]
Animation 17: LaggedStart(Group), etc.:  87%|████████▋ | 104/120 [00:03<00:00, 26.75it/s]
Animation 17: LaggedStart(Group), etc.:  89%|████████▉ | 107/120 [00:03<00:00, 26.71it/s]
Animation 17: LaggedStart(Group), etc.:  92%|█████████▏| 110/120 [00:04<00:00, 27.29it/s]
Animation 17: LaggedStart(Group), etc.:  94%|█████████▍| 113/120 [00:04<00:00, 27.42it/s]
Animation 17: LaggedStart(Group), etc.:  97%|█████████▋| 116/120 [00:04<00:00, 27.85it/s]
Animation 17: LaggedStart(Group), etc.:  99%|█████████▉| 119/120 [00:04<00:00, 28.26it/s]
                                                                                         

Animation 19: Create(VGroup of 4 submobjects), etc.:   0%|          | 0/84 [00:00<?, ?it/s]
Animation 19: Create(VGroup of 4 submobjects), etc.:  20%|██        | 17/84 [00:00<00:00, 167.97it/s]
Animation 19: Create(VGroup of 4 submobjects), etc.:  40%|████      | 34/84 [00:00<00:00, 164.32it/s]
Animation 19: Create(VGroup of 4 submobjects), etc.:  61%|██████    | 51/84 [00:00<00:00, 155.42it/s]
Animation 19: Create(VGroup of 4 submobjects), etc.:  80%|███████▉  | 67/84 [00:00<00:00, 149.34it/s]
Animation 19: Create(VGroup of 4 submobjects), etc.:  98%|█████████▊| 82/84 [00:00<00:00, 142.33it/s]
                                                                                                     

Animation 20: Create(ParametricFunction):   0%|          | 0/72 [00:00<?, ?it/s]
Animation 20: Create(ParametricFunction):  26%|██▋       | 19/72 [00:00<00:00, 184.75it/s]
Animation 20: Create(ParametricFunction):  53%|█████▎    | 38/72 [00:00<00:00, 172.40it/s]
Animation 20: Create(ParametricFunction):  78%|███████▊  | 56/72 [00:00<00:00, 144.72it/s]
Animation 20: Create(ParametricFunction):  99%|█████████▊| 71/72 [00:00<00:00, 133.83it/s]
                                                                                          

Animation 22: _MethodAnimation(VGroup of 4 submobjects), etc.:   0%|          | 0/24 [00:00<?, ?it/s]
Animation 22: _MethodAnimation(VGroup of 4 submobjects), etc.:  38%|███▊      | 9/24 [00:00<00:00, 89.03it/s]
Animation 22: _MethodAnimation(VGroup of 4 submobjects), etc.:  75%|███████▌  | 18/24 [00:00<00:00, 89.19it/s]
                                                                                                              

Animation 23: _MethodAnimation(Dot):   0%|          | 0/64 [00:00<?, ?it/s]
Animation 23: _MethodAnimation(Dot):  28%|██▊       | 18/64 [00:00<00:00, 179.75it/s]
Animation 23: _MethodAnimation(Dot):  58%|█████▊    | 37/64 [00:00<00:00, 182.43it/s]
Animation 23: _MethodAnimation(Dot):  88%|████████▊ | 56/64 [00:00<00:00, 183.02it/s]
                                                                                     

Animation 24: _MethodAnimation(Dot):   0%|          | 0/64 [00:00<?, ?it/s]
Animation 24: _MethodAnimation(Dot):  28%|██▊       | 18/64 [00:00<00:00, 176.65it/s]
Animation 24: _MethodAnimation(Dot):  58%|█████▊    | 37/64 [00:00<00:00, 180.49it/s]
Animation 24: _MethodAnimation(Dot):  88%|████████▊ | 56/64 [00:00<00:00, 181.94it/s]
                                                                                     

Animation 25: _MethodAnimation(DashedVMobject):   0%|          | 0/18 [00:00<?, ?it/s]
Animation 25: _MethodAnimation(DashedVMobject):  17%|█▋        | 3/18 [00:00<00:00, 27.57it/s]
Animation 25: _MethodAnimation(DashedVMobject):  33%|███▎      | 6/18 [00:00<00:00, 28.58it/s]
Animation 25: _MethodAnimation(DashedVMobject):  50%|█████     | 9/18 [00:00<00:00, 26.87it/s]
Animation 25: _MethodAnimation(DashedVMobject):  67%|██████▋   | 12/18 [00:00<00:00, 27.34it/s]
Animation 25: _MethodAnimation(DashedVMobject):  89%|████████▉ | 16/18 [00:00<00:00, 28.38it/s]
                                                                                               

Animation 26: FadeOut(Dot), etc.:   0%|          | 0/24 [00:00<?, ?it/s]
Animation 26: FadeOut(Dot), etc.:  12%|█▎        | 3/24 [00:00<00:00, 29.58it/s]
Animation 26: FadeOut(Dot), etc.:  29%|██▉       | 7/24 [00:00<00:00, 29.77it/s]
Animation 26: FadeOut(Dot), etc.:  46%|████▌     | 11/24 [00:00<00:00, 29.36it/s]
Animation 26: FadeOut(Dot), etc.:  58%|█████▊    | 14/24 [00:00<00:00, 28.99it/s]
Animation 26: FadeOut(Dot), etc.:  71%|███████   | 17/24 [00:00<00:00, 29.15it/s]
Animation 26: FadeOut(Dot), etc.:  88%|████████▊ | 21/24 [00:00<00:00, 29.74it/s]
Animation 26: FadeOut(Dot), etc.: 100%|██████████| 24/24 [00:00<00:00, 29.74it/s]
                                                                                 

Animation 27: Write(Text('one at a time')):   0%|          | 0/84 [00:00<?, ?it/s]
Animation 27: Write(Text('one at a time')):  17%|█▋        | 14/84 [00:00<00:00, 131.59it/s]
Animation 27: Write(Text('one at a time')):  33%|███▎      | 28/84 [00:00<00:00, 121.36it/s]
Animation 27: Write(Text('one at a time')):  49%|████▉     | 41/84 [00:00<00:00, 112.50it/s]
Animation 27: Write(Text('one at a time')):  63%|██████▎   | 53/84 [00:00<00:00, 106.47it/s]
Animation 27: Write(Text('one at a time')):  76%|███████▌  | 64/84 [00:00<00:00, 100.38it/s]
Animation 27: Write(Text('one at a time')):  89%|████████▉ | 75/84 [00:00<00:00, 96.36it/s] 
                                                                                           

Animation 28: Indicate(RoundedRectangle):   0%|          | 0/36 [00:00<?, ?it/s]
Animation 28: Indicate(RoundedRectangle):   8%|▊         | 3/36 [00:00<00:01, 21.48it/s]
Animation 28: Indicate(RoundedRectangle):  17%|█▋        | 6/36 [00:00<00:01, 22.41it/s]
Animation 28: Indicate(RoundedRectangle):  25%|██▌       | 9/36 [00:00<00:01, 23.20it/s]
Animation 28: Indicate(RoundedRectangle):  33%|███▎      | 12/36 [00:00<00:01, 22.92it/s]
Animation 28: Indicate(RoundedRectangle):  42%|████▏     | 15/36 [00:00<00:00, 22.97it/s]
Animation 28: Indicate(RoundedRectangle):  50%|█████     | 18/36 [00:00<00:00, 22.14it/s]
Animation 28: Indicate(RoundedRectangle):  58%|█████▊    | 21/36 [00:00<00:00, 22.03it/s]
Animation 28: Indicate(RoundedRectangle):  67%|██████▋   | 24/36 [00:01<00:00, 22.30it/s]
Animation 28: Indicate(RoundedRectangle):  75%|███████▌  | 27/36 [00:01<00:00, 22.76it/s]
Animation 28: Indicate(RoundedRectangle):  83%|████████▎ | 30/36 [00:01<00:00, 23.20it/s]
Animation 28: Indicate(RoundedRectangle):  92%|█████████▏| 33/36 [00:01<00:00, 23.44it/s]
Animation 28: Indicate(RoundedRectangle): 100%|██████████| 36/36 [00:01<00:00, 23.65it/s]
                                                                                         

Animation 30: _MethodAnimation(VGroup of 4 submobjects), etc.:   0%|          | 0/120 [00:00<?, ?it/s]
Animation 30: _MethodAnimation(VGroup of 4 submobjects), etc.:   6%|▌         | 7/120 [00:00<00:01, 61.80it/s]
Animation 30: _MethodAnimation(VGroup of 4 submobjects), etc.:  12%|█▏        | 14/120 [00:00<00:01, 60.67it/s]
Animation 30: _MethodAnimation(VGroup of 4 submobjects), etc.:  18%|█▊        | 21/120 [00:00<00:01, 60.82it/s]
Animation 30: _MethodAnimation(VGroup of 4 submobjects), etc.:  23%|██▎       | 28/120 [00:00<00:01, 61.82it/s]
Animation 30: _MethodAnimation(VGroup of 4 submobjects), etc.:  29%|██▉       | 35/120 [00:00<00:01, 64.21it/s]
Animation 30: _MethodAnimation(VGroup of 4 submobjects), etc.:  35%|███▌      | 42/120 [00:00<00:01, 64.59it/s]
Animation 30: _MethodAnimation(VGroup of 4 submobjects), etc.:  41%|████      | 49/120 [00:00<00:01, 63.04it/s]
Animation 30: _MethodAnimation(VGroup of 4 submobjects), etc.:  47%|████▋     | 56/120 [00:00<00:01, 63.37it/s]
Animation 30: _MethodAnimation(VGroup of 4 submobjects), etc.:  52%|█████▎    | 63/120 [00:00<00:00, 64.20it/s]
Animation 30: _MethodAnimation(VGroup of 4 submobjects), etc.:  58%|█████▊    | 70/120 [00:01<00:00, 64.27it/s]
Animation 30: _MethodAnimation(VGroup of 4 submobjects), etc.:  64%|██████▍   | 77/120 [00:01<00:00, 64.23it/s]
Animation 30: _MethodAnimation(VGroup of 4 submobjects), etc.:  70%|███████   | 84/120 [00:01<00:00, 65.59it/s]
Animation 30: _MethodAnimation(VGroup of 4 submobjects), etc.:  76%|███████▌  | 91/120 [00:01<00:00, 64.13it/s]
Animation 30: _MethodAnimation(VGroup of 4 submobjects), etc.:  82%|████████▏ | 98/120 [00:01<00:00, 65.67it/s]
Animation 30: _MethodAnimation(VGroup of 4 submobjects), etc.:  88%|████████▊ | 105/120 [00:01<00:00, 66.79it/s]
Animation 30: _MethodAnimation(VGroup of 4 submobjects), etc.:  94%|█████████▍| 113/120 [00:01<00:00, 68.00it/s]
Animation 30: _MethodAnimation(VGroup of 4 submobjects), etc.: 100%|██████████| 120/120 [00:02<00:00, 35.69it/s]
                                                                                                                

Animation 32: _MethodAnimation(VGroup of 4 submobjects), etc.:   0%|          | 0/30 [00:00<?, ?it/s]
Animation 32: _MethodAnimation(VGroup of 4 submobjects), etc.:  27%|██▋       | 8/30 [00:00<00:00, 73.57it/s]
Animation 32: _MethodAnimation(VGroup of 4 submobjects), etc.:  53%|█████▎    | 16/30 [00:00<00:00, 74.01it/s]
Animation 32: _MethodAnimation(VGroup of 4 submobjects), etc.:  80%|████████  | 24/30 [00:00<00:00, 73.52it/s]
                                                                                                              

Animation 33: Write(MathTex('|\\psi|^2')):   0%|          | 0/120 [00:00<?, ?it/s]
Animation 33: Write(MathTex('|\\psi|^2')):  14%|█▍        | 17/120 [00:00<00:00, 169.43it/s]
Animation 33: Write(MathTex('|\\psi|^2')):  28%|██▊       | 34/120 [00:00<00:00, 150.25it/s]
Animation 33: Write(MathTex('|\\psi|^2')):  42%|████▏     | 50/120 [00:00<00:00, 135.50it/s]
Animation 33: Write(MathTex('|\\psi|^2')):  53%|█████▎    | 64/120 [00:00<00:00, 135.11it/s]
Animation 33: Write(MathTex('|\\psi|^2')):  65%|██████▌   | 78/120 [00:00<00:00, 134.71it/s]
Animation 33: Write(MathTex('|\\psi|^2')):  78%|███████▊  | 93/120 [00:00<00:00, 139.08it/s]
Animation 33: Write(MathTex('|\\psi|^2')):  91%|█████████ | 109/120 [00:00<00:00, 144.25it/s]
                                                                                             

Animation 35: FadeIn(VGroup of 2 submobjects):   0%|          | 0/48 [00:00<?, ?it/s]
Animation 35: FadeIn(VGroup of 2 submobjects):  38%|███▊      | 18/48 [00:00<00:00, 174.57it/s]
Animation 35: FadeIn(VGroup of 2 submobjects):  75%|███████▌  | 36/48 [00:00<00:00, 169.35it/s]
                                                                                               

Animation 36: ReplacementTransform(ParametricFunction), etc.:   0%|          | 0/96 [00:00<?, ?it/s]
Animation 36: ReplacementTransform(ParametricFunction), etc.:   3%|▎         | 3/96 [00:00<00:04, 22.81it/s]
Animation 36: ReplacementTransform(ParametricFunction), etc.:   6%|▋         | 6/96 [00:00<00:03, 23.09it/s]
Animation 36: ReplacementTransform(ParametricFunction), etc.:   9%|▉         | 9/96 [00:00<00:03, 22.81it/s]
Animation 36: ReplacementTransform(ParametricFunction), etc.:  12%|█▎        | 12/96 [00:00<00:03, 22.69it/s]
Animation 36: ReplacementTransform(ParametricFunction), etc.:  16%|█▌        | 15/96 [00:00<00:03, 21.52it/s]
Animation 36: ReplacementTransform(ParametricFunction), etc.:  19%|█▉        | 18/96 [00:00<00:03, 21.74it/s]
Animation 36: ReplacementTransform(ParametricFunction), etc.:  22%|██▏       | 21/96 [00:00<00:03, 21.89it/s]
Animation 36: ReplacementTransform(ParametricFunction), etc.:  25%|██▌       | 24/96 [00:01<00:03, 21.89it/s]
Animation 36: ReplacementTransform(ParametricFunction), etc.:  28%|██▊       | 27/96 [00:01<00:03, 21.89it/s]
Animation 36: ReplacementTransform(ParametricFunction), etc.:  31%|███▏      | 30/96 [00:01<00:03, 21.38it/s]
Animation 36: ReplacementTransform(ParametricFunction), etc.:  34%|███▍      | 33/96 [00:01<00:02, 21.63it/s]
Animation 36: ReplacementTransform(ParametricFunction), etc.:  38%|███▊      | 36/96 [00:01<00:02, 21.90it/s]
Animation 36: ReplacementTransform(ParametricFunction), etc.:  41%|████      | 39/96 [00:01<00:02, 22.09it/s]
Animation 36: ReplacementTransform(ParametricFunction), etc.:  44%|████▍     | 42/96 [00:01<00:02, 21.42it/s]
Animation 36: ReplacementTransform(ParametricFunction), etc.:  47%|████▋     | 45/96 [00:02<00:02, 20.64it/s]
Animation 36: ReplacementTransform(ParametricFunction), etc.:  50%|█████     | 48/96 [00:02<00:02, 20.39it/s]
Animation 36: ReplacementTransform(ParametricFunction), etc.:  53%|█████▎    | 51/96 [00:02<00:02, 20.42it/s]
Animation 36: ReplacementTransform(ParametricFunction), etc.:  56%|█████▋    | 54/96 [00:02<00:02, 20.70it/s]
Animation 36: ReplacementTransform(ParametricFunction), etc.:  59%|█████▉    | 57/96 [00:02<00:01, 20.97it/s]
Animation 36: ReplacementTransform(ParametricFunction), etc.:  62%|██████▎   | 60/96 [00:02<00:01, 21.05it/s]
Animation 36: ReplacementTransform(ParametricFunction), etc.:  66%|██████▌   | 63/96 [00:02<00:01, 21.31it/s]
Animation 36: ReplacementTransform(ParametricFunction), etc.:  69%|██████▉   | 66/96 [00:03<00:01, 21.50it/s]
Animation 36: ReplacementTransform(ParametricFunction), etc.:  72%|███████▏  | 69/96 [00:03<00:01, 21.25it/s]
Animation 36: ReplacementTransform(ParametricFunction), etc.:  75%|███████▌  | 72/96 [00:03<00:01, 21.21it/s]
Animation 36: ReplacementTransform(ParametricFunction), etc.:  78%|███████▊  | 75/96 [00:03<00:00, 21.54it/s]
Animation 36: ReplacementTransform(ParametricFunction), etc.:  81%|████████▏ | 78/96 [00:03<00:00, 21.62it/s]
Animation 36: ReplacementTransform(ParametricFunction), etc.:  84%|████████▍ | 81/96 [00:03<00:00, 21.68it/s]
Animation 36: ReplacementTransform(ParametricFunction), etc.:  88%|████████▊ | 84/96 [00:03<00:00, 21.94it/s]
Animation 36: ReplacementTransform(ParametricFunction), etc.:  91%|█████████ | 87/96 [00:04<00:00, 21.81it/s]
Animation 36: ReplacementTransform(ParametricFunction), etc.:  94%|█████████▍| 90/96 [00:04<00:00, 22.00it/s]
Animation 36: ReplacementTransform(ParametricFunction), etc.:  97%|█████████▋| 93/96 [00:04<00:00, 22.14it/s]
Animation 36: ReplacementTransform(ParametricFunction), etc.: 100%|██████████| 96/96 [00:04<00:00, 22.34it/s]
                                                                                                             

Animation 38: FadeOut(MathTex('|\\psi|^2')):   0%|          | 0/18 [00:00<?, ?it/s]
Animation 38: FadeOut(MathTex('|\\psi|^2')):  22%|██▏       | 4/18 [00:00<00:00, 37.63it/s]
Animation 38: FadeOut(MathTex('|\\psi|^2')):  44%|████▍     | 8/18 [00:00<00:00, 38.69it/s]
Animation 38: FadeOut(MathTex('|\\psi|^2')):  67%|██████▋   | 12/18 [00:00<00:00, 38.62it/s]
Animation 38: FadeOut(MathTex('|\\psi|^2')):  89%|████████▉ | 16/18 [00:00<00:00, 38.75it/s]
                                                                                            

Animation 39: Write(VGroup of 3 submobjects):   0%|          | 0/138 [00:00<?, ?it/s]
Animation 39: Write(VGroup of 3 submobjects):   6%|▌         | 8/138 [00:00<00:01, 79.51it/s]
Animation 39: Write(VGroup of 3 submobjects):  12%|█▏        | 16/138 [00:00<00:01, 73.86it/s]
Animation 39: Write(VGroup of 3 submobjects):  17%|█▋        | 24/138 [00:00<00:01, 70.09it/s]
Animation 39: Write(VGroup of 3 submobjects):  23%|██▎       | 32/138 [00:00<00:01, 67.72it/s]
Animation 39: Write(VGroup of 3 submobjects):  28%|██▊       | 39/138 [00:00<00:01, 64.92it/s]
Animation 39: Write(VGroup of 3 submobjects):  33%|███▎      | 46/138 [00:00<00:01, 61.37it/s]
Animation 39: Write(VGroup of 3 submobjects):  38%|███▊      | 53/138 [00:00<00:01, 59.16it/s]
Animation 39: Write(VGroup of 3 submobjects):  43%|████▎     | 59/138 [00:00<00:01, 58.90it/s]
Animation 39: Write(VGroup of 3 submobjects):  48%|████▊     | 66/138 [00:01<00:01, 60.33it/s]
Animation 39: Write(VGroup of 3 submobjects):  53%|█████▎    | 73/138 [00:01<00:01, 58.63it/s]
Animation 39: Write(VGroup of 3 submobjects):  57%|█████▋    | 79/138 [00:01<00:01, 57.21it/s]
Animation 39: Write(VGroup of 3 submobjects):  62%|██████▏   | 85/138 [00:01<00:00, 56.64it/s]
Animation 39: Write(VGroup of 3 submobjects):  66%|██████▌   | 91/138 [00:01<00:00, 56.10it/s]
Animation 39: Write(VGroup of 3 submobjects):  70%|███████   | 97/138 [00:01<00:00, 55.91it/s]
Animation 39: Write(VGroup of 3 submobjects):  75%|███████▍  | 103/138 [00:01<00:00, 54.59it/s]
Animation 39: Write(VGroup of 3 submobjects):  79%|███████▉  | 109/138 [00:01<00:00, 54.06it/s]
Animation 39: Write(VGroup of 3 submobjects):  83%|████████▎ | 115/138 [00:01<00:00, 54.59it/s]
Animation 39: Write(VGroup of 3 submobjects):  88%|████████▊ | 121/138 [00:02<00:00, 55.38it/s]
Animation 39: Write(VGroup of 3 submobjects):  92%|█████████▏| 127/138 [00:02<00:00, 55.62it/s]
Animation 39: Write(VGroup of 3 submobjects):  96%|█████████▋| 133/138 [00:02<00:00, 55.48it/s]
                                                                                               

Animation 41: FadeOut(VGroup of 3 submobjects):   0%|          | 0/18 [00:00<?, ?it/s]
Animation 41: FadeOut(VGroup of 3 submobjects):  33%|███▎      | 6/18 [00:00<00:00, 52.02it/s]
Animation 41: FadeOut(VGroup of 3 submobjects):  67%|██████▋   | 12/18 [00:00<00:00, 53.01it/s]
Animation 41: FadeOut(VGroup of 3 submobjects): 100%|██████████| 18/18 [00:00<00:00, 53.54it/s]
                                                                                               

Animation 42: FadeIn(VGroup of 2 submobjects):   0%|          | 0/30 [00:00<?, ?it/s]
Animation 42: FadeIn(VGroup of 2 submobjects):  20%|██        | 6/30 [00:00<00:00, 53.49it/s]
Animation 42: FadeIn(VGroup of 2 submobjects):  40%|████      | 12/30 [00:00<00:00, 55.35it/s]
Animation 42: FadeIn(VGroup of 2 submobjects):  60%|██████    | 18/30 [00:00<00:00, 56.72it/s]
Animation 42: FadeIn(VGroup of 2 submobjects):  80%|████████  | 24/30 [00:00<00:00, 57.28it/s]
Animation 42: FadeIn(VGroup of 2 submobjects): 100%|██████████| 30/30 [00:00<00:00, 57.09it/s]
                                                                                              


===== STEP: SHORT: render 16:9
$ manim -qh double_slit_one_electron_short_bb.py BearsDoodlesVideo
cwd: /Users/nik/Documents/Cowork/quantum-mechanics-vol1/youtube/double-slit-one-electron-bb/short
exit: 0
Manim Community v0.20.1

[bn_layout] mode=LANDSCAPE pixels=1920x1080 frame=14.22x8.00
[07/03/26 17:14:16] INFO     Animation 0 : Using cached     cairo_renderer.py:94
                             data (hash :                                       
                             4238198153_4020777533_22313245                     
                             7)                                                 
                    INFO     Animation 1 : Using cached     cairo_renderer.py:94
                             data (hash :                                       
                             4286918275_1748242138_27716113                     
                             0)                                                 
[07/03/26 17:14:17] INFO     Animation 2 : Using cached     cairo_renderer.py:94
                             data (hash :                                       
                             4286918275_4055907142_40623214                     
                             54)                                                
                    INFO     Animation 3 : Using cached     cairo_renderer.py:94
                             data (hash :                                       
                             4286918275_1308862575_25808636                     
                             68)                                                
[07/03/26 17:14:18] INFO     Animation 4 : Using cached     cairo_renderer.py:94
                             data (hash :                                       
                             4286918275_2799382272_28737298                     
                             18)                                                
                    INFO     Animation 5 : Using cached     cairo_renderer.py:94
                             data (hash :                                       
                             4286918275_1031450123_63182989                     
                             6)                                                 
                    INFO     Animation 6 : Using cached     cairo_renderer.py:94
                             data (hash :                                       
                             4286918275_3052040169_63182989                     
                             6)                                                 
                    INFO     Animation 7 : Using cached     cairo_renderer.py:94
                             data (hash :                                       
                             4286918275_1468686898_16662803                     
                             14)                                                
                    INFO     Animation 8 : Using cached     cairo_renderer.py:94
                             data (hash :                                       
                             4286918275_793775067_300565203                     
                             4)                                                 
                    INFO     Animation 9 : Using cached     cairo_renderer.py:94
                             data (hash :                                       
                             4286918275_845724418_300565203                     
                             4)                                                 
                    INFO     Animation 10 : Using cached    cairo_renderer.py:94
                             data (hash :                                       
                             4286918275_1508144614_11391185                     
                             02)                                                
                    INFO     Animation 11 : Using cached    cairo_renderer.py:94
                             data (hash :                                       
                             4286918275_3985332295_66296692                     
                             3)                                                 
                    INFO     Animation 12 : Using cached    cairo_renderer.py:94
                             data (hash :                                       
                             4286918275_764012400_662966923                     
                             )                                                  
                    INFO     Animation 13 : Using cached    cairo_renderer.py:94
                             data (hash :                                       
                             4286918275_1508144614_17803621                     
                             01)                                                
[07/03/26 17:14:21] INFO     Animation 14 : Partial     scene_file_writer.py:601
                             movie file written in                              
                             '/Users/nik/Documents/Cowo                         
                             rk/quantum-mechanics-vol1/                         
                             youtube/double-slit-one-el                         
                             ectron-bb/short/media/vide                         
                             os/double_slit_one_electro                         
                             n_short_bb/1080p60/partial                         
                             _movie_files/BearsDoodlesV                         
                             ideo/4286918275_2194007315                         
                             _568224586.mp4'                                    
[07/03/26 17:14:22] INFO     Animation 15 : Partial     scene_file_writer.py:601
                             movie file written in                              
                             '/Users/nik/Documents/Cowo                         
                             rk/quantum-mechanics-vol1/                         
                             youtube/double-slit-one-el                         
                             ectron-bb/short/media/vide                         
                             os/double_slit_one_electro                         
                             n_short_bb/1080p60/partial                         
                             _movie_files/BearsDoodlesV                         
                             ideo/4286918275_2412907092                         
                             _938480735.mp4'                                    
[07/03/26 17:14:23] INFO     Animation 16 : Partial     scene_file_writer.py:601
                             movie file written in                              
                             '/Users/nik/Documents/Cowo                         
                             rk/quantum-mechanics-vol1/                         
                             youtube/double-slit-one-el                         
                             ectron-bb/short/media/vide                         
                             os/double_slit_one_electro                         
                             n_short_bb/1080p60/partial                         
                             _movie_files/BearsDoodlesV                         
                             ideo/4286918275_3295089398                         
                             _2282007809.mp4'                                   
[07/03/26 17:14:29] INFO     Animation 17 : Partial     scene_file_writer.py:601
                             movie file written in                              
                             '/Users/nik/Documents/Cowo                         
                             rk/quantum-mechanics-vol1/                         
                             youtube/double-slit-one-el                         
                             ectron-bb/short/media/vide                         
                             os/double_slit_one_electro                         
                             n_short_bb/1080p60/partial                         
                             _movie_files/BearsDoodlesV                         
                             ideo/4286918275_1802406126                         
                             _3800217889.mp4'                                   
[07/03/26 17:14:32] INFO     Animation 18 : Partial     scene_file_writer.py:601
                             movie file written in                              
                             '/Users/nik/Documents/Cowo                         
                             rk/quantum-mechanics-vol1/                         
                             youtube/double-slit-one-el                         
                             ectron-bb/short/media/vide                         
                             os/double_slit_one_electro                         
                             n_short_bb/1080p60/partial                         
                             _movie_files/BearsDoodlesV                         
                             ideo/4286918275_1021948171                         
                             _2607815229.mp4'                                   
[07/03/26 17:14:34] INFO     Animation 19 : Partial     scene_file_writer.py:601
                             movie file written in                              
                             '/Users/nik/Documents/Cowo                         
                             rk/quantum-mechanics-vol1/                         
                             youtube/double-slit-one-el                         
                             ectron-bb/short/media/vide                         
                             os/double_slit_one_electro                         
                             n_short_bb/1080p60/partial                         
                             _movie_files/BearsDoodlesV                         
                             ideo/4286918275_3850658446                         
                             _2642218266.mp4'                                   
[07/03/26 17:14:36] INFO     Animation 20 : Partial     scene_file_writer.py:601
                             movie file written in                              
                             '/Users/nik/Documents/Cowo                         
                             rk/quantum-mechanics-vol1/                         
                             youtube/double-slit-one-el                         
                             ectron-bb/short/media/vide                         
                             os/double_slit_one_electro                         
                             n_short_bb/1080p60/partial                         
                             _movie_files/BearsDoodlesV                         
                             ideo/4286918275_2948054468                         
                             _1643590656.mp4'                                   
[07/03/26 17:14:37] INFO     Animation 21 : Partial     scene_file_writer.py:601
                             movie file written in                              
                             '/Users/nik/Documents/Cowo                         
                             rk/quantum-mechanics-vol1/                         
                             youtube/double-slit-one-el                         
                             ectron-bb/short/media/vide                         
                             os/double_slit_one_electro                         
                             n_short_bb/1080p60/partial                         
                             _movie_files/BearsDoodlesV                         
                             ideo/4286918275_2423551095                         
                             _2038219975.mp4'                                   
[07/03/26 17:14:38] INFO     Animation 22 : Partial     scene_file_writer.py:601
                             movie file written in                              
                             '/Users/nik/Documents/Cowo                         
                             rk/quantum-mechanics-vol1/                         
                             youtube/double-slit-one-el                         
                             ectron-bb/short/media/vide                         
                             os/double_slit_one_electro                         
                             n_short_bb/1080p60/partial                         
                             _movie_files/BearsDoodlesV                         
                             ideo/4286918275_1195679113                         
                             _2805732766.mp4'                                   
[07/03/26 17:14:40] INFO     Animation 23 : Partial     scene_file_writer.py:601
                             movie file written in                              
                             '/Users/nik/Documents/Cowo                         
                             rk/quantum-mechanics-vol1/                         
                             youtube/double-slit-one-el                         
                             ectron-bb/short/media/vide                         
                             os/double_slit_one_electro                         
                             n_short_bb/1080p60/partial                         
                             _movie_files/BearsDoodlesV                         
                             ideo/4286918275_390978201_                         
                             1793186906.mp4'                                    
[07/03/26 17:14:41] INFO     Animation 24 : Partial     scene_file_writer.py:601
                             movie file written in                              
                             '/Users/nik/Documents/Cowo                         
                             rk/quantum-mechanics-vol1/                         
                             youtube/double-slit-one-el                         
                             ectron-bb/short/media/vide                         
                             os/double_slit_one_electro                         
                             n_short_bb/1080p60/partial                         
                             _movie_files/BearsDoodlesV                         
                             ideo/4286918275_2103186957                         
                             _1793186906.mp4'                                   
[07/03/26 17:14:43] INFO     Animation 25 : Partial     scene_file_writer.py:601
                             movie file written in                              
                             '/Users/nik/Documents/Cowo                         
                             rk/quantum-mechanics-vol1/                         
                             youtube/double-slit-one-el                         
                             ectron-bb/short/media/vide                         
                             os/double_slit_one_electro                         
                             n_short_bb/1080p60/partial                         
                             _movie_files/BearsDoodlesV                         
                             ideo/4286918275_2912412111                         
                             _3276863108.mp4'                                   
[07/03/26 17:14:44] INFO     Animation 26 : Partial     scene_file_writer.py:601
                             movie file written in                              
                             '/Users/nik/Documents/Cowo                         
                             rk/quantum-mechanics-vol1/                         
                             youtube/double-slit-one-el                         
                             ectron-bb/short/media/vide                         
                             os/double_slit_one_electro                         
                             n_short_bb/1080p60/partial                         
                             _movie_files/BearsDoodlesV                         
                             ideo/4286918275_2462451275                         
                             _1355025160.mp4'                                   
[07/03/26 17:14:47] INFO     Animation 27 : Partial     scene_file_writer.py:601
                             movie file written in                              
                             '/Users/nik/Documents/Cowo                         
                             rk/quantum-mechanics-vol1/                         
                             youtube/double-slit-one-el                         
                             ectron-bb/short/media/vide                         
                             os/double_slit_one_electro                         
                             n_short_bb/1080p60/partial                         
                             _movie_files/BearsDoodlesV                         
                             ideo/4286918275_2111237340                         
                             _3961279456.mp4'                                   
[07/03/26 17:14:49] INFO     Animation 28 : Partial     scene_file_writer.py:601
                             movie file written in                              
                             '/Users/nik/Documents/Cowo                         
                             rk/quantum-mechanics-vol1/                         
                             youtube/double-slit-one-el                         
                             ectron-bb/short/media/vide                         
                             os/double_slit_one_electro                         
                             n_short_bb/1080p60/partial                         
                             _movie_files/BearsDoodlesV                         
                             ideo/4286918275_1304589978                         
                             _862130215.mp4'                                    
[07/03/26 17:14:52] INFO     Animation 29 : Partial     scene_file_writer.py:601
                             movie file written in                              
                             '/Users/nik/Documents/Cowo                         
                             rk/quantum-mechanics-vol1/                         
                             youtube/double-slit-one-el                         
                             ectron-bb/short/media/vide                         
                             os/double_slit_one_electro                         
                             n_short_bb/1080p60/partial                         
                             _movie_files/BearsDoodlesV                         
                             ideo/4286918275_1418952320                         
                             _1467740068.mp4'                                   
[07/03/26 17:14:55] INFO     Animation 30 : Partial     scene_file_writer.py:601
                             movie file written in                              
                             '/Users/nik/Documents/Cowo                         
                             rk/quantum-mechanics-vol1/                         
                             youtube/double-slit-one-el                         
                             ectron-bb/short/media/vide                         
                             os/double_slit_one_electro                         
                             n_short_bb/1080p60/partial                         
                             _movie_files/BearsDoodlesV                         
                             ideo/4286918275_260151405_                         
                             1948983428.mp4'                                    
[07/03/26 17:14:57] INFO     Animation 31 : Partial     scene_file_writer.py:601
                             movie file written in                              
                             '/Users/nik/Documents/Cowo                         
                             rk/quantum-mechanics-vol1/                         
                             youtube/double-slit-one-el                         
                             ectron-bb/short/media/vide                         
                             os/double_slit_one_electro                         
                             n_short_bb/1080p60/partial                         
                             _movie_files/BearsDoodlesV                         
                             ideo/4286918275_1121807179                         
                             _2891297689.mp4'                                   
[07/03/26 17:14:59] INFO     Animation 32 : Partial     scene_file_writer.py:601
                             movie file written in                              
                             '/Users/nik/Documents/Cowo                         
                             rk/quantum-mechanics-vol1/                         
                             youtube/double-slit-one-el                         
                             ectron-bb/short/media/vide                         
                             os/double_slit_one_electro                         
                             n_short_bb/1080p60/partial                         
                             _movie_files/BearsDoodlesV                         
                             ideo/4286918275_2262082418                         
                             _229490355.mp4'                                    
[07/03/26 17:15:02] INFO     Animation 33 : Partial     scene_file_writer.py:601
                             movie file written in                              
                             '/Users/nik/Documents/Cowo                         
                             rk/quantum-mechanics-vol1/                         
                             youtube/double-slit-one-el                         
                             ectron-bb/short/media/vide                         
                             os/double_slit_one_electro                         
                             n_short_bb/1080p60/partial                         
                             _movie_files/BearsDoodlesV                         
                             ideo/4286918275_2693387222                         
                             _3565677659.mp4'                                   
[07/03/26 17:15:05] INFO     Animation 34 : Partial     scene_file_writer.py:601
                             movie file written in                              
                             '/Users/nik/Documents/Cowo                         
                             rk/quantum-mechanics-vol1/                         
                             youtube/double-slit-one-el                         
                             ectron-bb/short/media/vide                         
                             os/double_slit_one_electro                         
                             n_short_bb/1080p60/partial                         
                             _movie_files/BearsDoodlesV                         
                             ideo/4286918275_159713098_                         
                             2767303172.mp4'                                    
[07/03/26 17:15:07] INFO     Animation 35 : Partial     scene_file_writer.py:601
                             movie file written in                              
                             '/Users/nik/Documents/Cowo                         
                             rk/quantum-mechanics-vol1/                         
                             youtube/double-slit-one-el                         
                             ectron-bb/short/media/vide                         
                             os/double_slit_one_electro                         
                             n_short_bb/1080p60/partial                         
                             _movie_files/BearsDoodlesV                         
                             ideo/4286918275_3382142817                         
                             _2261435661.mp4'                                   
[07/03/26 17:15:13] INFO     Animation 36 : Partial     scene_file_writer.py:601
                             movie file written in                              
                             '/Users/nik/Documents/Cowo                         
                             rk/quantum-mechanics-vol1/                         
                             youtube/double-slit-one-el                         
                             ectron-bb/short/media/vide                         
                             os/double_slit_one_electro                         
                             n_short_bb/1080p60/partial                         
                             _movie_files/BearsDoodlesV                         
                             ideo/4286918275_1408611897                         
                             _2348703891.mp4'                                   
[07/03/26 17:15:15] INFO     Animation 37 : Partial     scene_file_writer.py:601
                             movie file written in                              
                             '/Users/nik/Documents/Cowo                         
                             rk/quantum-mechanics-vol1/                         
                             youtube/double-slit-one-el                         
                             ectron-bb/short/media/vide                         
                             os/double_slit_one_electro                         
                             n_short_bb/1080p60/partial                         
                             _movie_files/BearsDoodlesV                         
                             ideo/4286918275_1287723767                         
                             _1465497865.mp4'                                   
[07/03/26 17:15:17] INFO     Animation 38 : Partial     scene_file_writer.py:601
                             movie file written in                              
                             '/Users/nik/Documents/Cowo                         
                             rk/quantum-mechanics-vol1/                         
                             youtube/double-slit-one-el                         
                             ectron-bb/short/media/vide                         
                             os/double_slit_one_electro                         
                             n_short_bb/1080p60/partial                         
                             _movie_files/BearsDoodlesV                         
                             ideo/4286918275_3609170210                         
                             _1740229471.mp4'                                   
[07/03/26 17:15:22] INFO     Animation 39 : Partial     scene_file_writer.py:601
                             movie file written in                              
                             '/Users/nik/Documents/Cowo                         
                             rk/quantum-mechanics-vol1/                         
                             youtube/double-slit-one-el                         
                             ectron-bb/short/media/vide                         
                             os/double_slit_one_electro                         
                             n_short_bb/1080p60/partial                         
                             _movie_files/BearsDoodlesV                         
                             ideo/4286918275_2168369178                         
                             _229388452.mp4'                                    
[07/03/26 17:15:25] INFO     Animation 40 : Partial     scene_file_writer.py:601
                             movie file written in                              
                             '/Users/nik/Documents/Cowo                         
                             rk/quantum-mechanics-vol1/                         
                             youtube/double-slit-one-el                         
                             ectron-bb/short/media/vide                         
                             os/double_slit_one_electro                         
                             n_short_bb/1080p60/partial                         
                             _movie_files/BearsDoodlesV                         
                             ideo/4286918275_990791071_                         
                             981589279.mp4'                                     
[07/03/26 17:15:27] INFO     Animation 41 : Partial     scene_file_writer.py:601
                             movie file written in                              
                             '/Users/nik/Documents/Cowo                         
                             rk/quantum-mechanics-vol1/                         
                             youtube/double-slit-one-el                         
                             ectron-bb/short/media/vide                         
                             os/double_slit_one_electro                         
                             n_short_bb/1080p60/partial                         
                             _movie_files/BearsDoodlesV                         
                             ideo/4286918275_4218772294                         
                             _3272487782.mp4'                                   
[07/03/26 17:15:29] INFO     Animation 42 : Partial     scene_file_writer.py:601
                             movie file written in                              
                             '/Users/nik/Documents/Cowo                         
                             rk/quantum-mechanics-vol1/                         
                             youtube/double-slit-one-el                         
                             ectron-bb/short/media/vide                         
                             os/double_slit_one_electro                         
                             n_short_bb/1080p60/partial                         
                             _movie_files/BearsDoodlesV                         
                             ideo/4286918275_869933534_                         
                             3466414772.mp4'                                    
[07/03/26 17:15:37] INFO     Animation 43 : Partial     scene_file_writer.py:601
                             movie file written in                              
                             '/Users/nik/Documents/Cowo                         
                             rk/quantum-mechanics-vol1/                         
                             youtube/double-slit-one-el                         
                             ectron-bb/short/media/vide                         
                             os/double_slit_one_electro                         
                             n_short_bb/1080p60/partial                         
                             _movie_files/BearsDoodlesV                         
                             ideo/4286918275_3337703394                         
                             _4195748524.mp4'                                   
                    INFO     Combining to Movie file.   scene_file_writer.py:753
                    INFO                                scene_file_writer.py:904
                             File ready at                                      
                             '/Users/nik/Documents/Cowo                         
                             rk/quantum-mechanics-vol1/                         
                             youtube/double-slit-one-el                         
                             ectron-bb/short/media/vide                         
                             os/double_slit_one_electro                         
                             n_short_bb/1080p60/BearsDo                         
                             odlesVideo.mp4'                                    
                                                                                
                    INFO     Rendered BearsDoodlesVideo             scene.py:278
                             Played 44 animations                               
/Users/nik/Documents/Cowork/quantum-mechanics-vol1/youtube/double-slit-one-electron-bb/short/double_slit_one_electron_short_bb.py:93: DeprecationWarning: This method is not guaranteed to stay around. Please prefer setting the attribute normally or with Mobject.set().
  rule.set_width(min(title.width, rw(rrow) * 0.8)).move_to(center(rrow))

Animation 0: FadeIn(Text("Bear's Notes")):   0%|          | 0/1 [00:00<?, ?it/s]
                                                                                

Animation 1: Write(VGroup of 1 submobjects):   0%|          | 0/1 [00:00<?, ?it/s]
                                                                                  

Animation 2: Create(Line), etc.:   0%|          | 0/1 [00:00<?, ?it/s]
                                                                      

Animation 4: FadeOut(Group):   0%|          | 0/1 [00:00<?, ?it/s]
                                                                  

Animation 5: FadeOut(Mobject):   0%|          | 0/1 [00:00<?, ?it/s]
                                                                    

Animation 7: Create(RoundedRectangle), etc.:   0%|          | 0/1 [00:00<?, ?it/s]
                                                                                  

Animation 8: _MethodAnimation(Dot):   0%|          | 0/1 [00:00<?, ?it/s]
                                                                         

Animation 9: _MethodAnimation(Dot):   0%|          | 0/1 [00:00<?, ?it/s]
                                                                         

Animation 11: _MethodAnimation(Dot):   0%|          | 0/1 [00:00<?, ?it/s]
                                                                          

Animation 12: _MethodAnimation(Dot):   0%|          | 0/1 [00:00<?, ?it/s]
                                                                          

Animation 14: LaggedStart(Group), etc.:   0%|          | 0/120 [00:00<?, ?it/s]
Animation 14: LaggedStart(Group), etc.:   5%|▌         | 6/120 [00:00<00:02, 55.04it/s]
Animation 14: LaggedStart(Group), etc.:  10%|█         | 12/120 [00:00<00:01, 55.06it/s]
Animation 14: LaggedStart(Group), etc.:  15%|█▌        | 18/120 [00:00<00:01, 54.32it/s]
Animation 14: LaggedStart(Group), etc.:  20%|██        | 24/120 [00:00<00:01, 55.72it/s]
Animation 14: LaggedStart(Group), etc.:  25%|██▌       | 30/120 [00:00<00:01, 55.27it/s]
Animation 14: LaggedStart(Group), etc.:  30%|███       | 36/120 [00:00<00:01, 54.92it/s]
Animation 14: LaggedStart(Group), etc.:  35%|███▌      | 42/120 [00:00<00:01, 55.80it/s]
Animation 14: LaggedStart(Group), etc.:  40%|████      | 48/120 [00:00<00:01, 53.25it/s]
Animation 14: LaggedStart(Group), etc.:  45%|████▌     | 54/120 [00:00<00:01, 53.87it/s]
Animation 14: LaggedStart(Group), etc.:  50%|█████     | 60/120 [00:01<00:01, 54.60it/s]
Animation 14: LaggedStart(Group), etc.:  55%|█████▌    | 66/120 [00:01<00:00, 55.22it/s]
Animation 14: LaggedStart(Group), etc.:  60%|██████    | 72/120 [00:01<00:00, 55.35it/s]
Animation 14: LaggedStart(Group), etc.:  65%|██████▌   | 78/120 [00:01<00:00, 54.89it/s]
Animation 14: LaggedStart(Group), etc.:  70%|███████   | 84/120 [00:01<00:00, 55.83it/s]
Animation 14: LaggedStart(Group), etc.:  75%|███████▌  | 90/120 [00:01<00:00, 56.92it/s]
Animation 14: LaggedStart(Group), etc.:  81%|████████  | 97/120 [00:01<00:00, 58.71it/s]
Animation 14: LaggedStart(Group), etc.:  87%|████████▋ | 104/120 [00:01<00:00, 58.95it/s]
Animation 14: LaggedStart(Group), etc.:  92%|█████████▏| 110/120 [00:01<00:00, 58.19it/s]
Animation 14: LaggedStart(Group), etc.:  97%|█████████▋| 116/120 [00:02<00:00, 57.31it/s]
                                                                                         

Animation 15: Create(DashedVMobject):   0%|          | 0/72 [00:00<?, ?it/s]
Animation 15: Create(DashedVMobject):  10%|▉         | 7/72 [00:00<00:00, 66.28it/s]
Animation 15: Create(DashedVMobject):  21%|██        | 15/72 [00:00<00:00, 70.14it/s]
Animation 15: Create(DashedVMobject):  32%|███▏      | 23/72 [00:00<00:00, 73.49it/s]
Animation 15: Create(DashedVMobject):  43%|████▎     | 31/72 [00:00<00:00, 72.47it/s]
Animation 15: Create(DashedVMobject):  56%|█████▌    | 40/72 [00:00<00:00, 75.92it/s]
Animation 15: Create(DashedVMobject):  67%|██████▋   | 48/72 [00:00<00:00, 74.78it/s]
Animation 15: Create(DashedVMobject):  78%|███████▊  | 56/72 [00:00<00:00, 70.58it/s]
Animation 15: Create(DashedVMobject):  89%|████████▉ | 64/72 [00:00<00:00, 71.48it/s]
Animation 15: Create(DashedVMobject): 100%|██████████| 72/72 [00:01<00:00, 69.12it/s]
                                                                                     

Animation 17: LaggedStart(Group), etc.:   0%|          | 0/120 [00:00<?, ?it/s]
Animation 17: LaggedStart(Group), etc.:   2%|▎         | 3/120 [00:00<00:04, 25.10it/s]
Animation 17: LaggedStart(Group), etc.:   5%|▌         | 6/120 [00:00<00:04, 25.99it/s]
Animation 17: LaggedStart(Group), etc.:   8%|▊         | 9/120 [00:00<00:04, 25.90it/s]
Animation 17: LaggedStart(Group), etc.:  10%|█         | 12/120 [00:00<00:04, 25.57it/s]
Animation 17: LaggedStart(Group), etc.:  12%|█▎        | 15/120 [00:00<00:04, 25.53it/s]
Animation 17: LaggedStart(Group), etc.:  15%|█▌        | 18/120 [00:00<00:03, 25.53it/s]
Animation 17: LaggedStart(Group), etc.:  18%|█▊        | 21/120 [00:00<00:03, 25.03it/s]
Animation 17: LaggedStart(Group), etc.:  20%|██        | 24/120 [00:00<00:03, 24.55it/s]
Animation 17: LaggedStart(Group), etc.:  22%|██▎       | 27/120 [00:01<00:03, 24.70it/s]
Animation 17: LaggedStart(Group), etc.:  25%|██▌       | 30/120 [00:01<00:03, 24.64it/s]
Animation 17: LaggedStart(Group), etc.:  28%|██▊       | 33/120 [00:01<00:03, 25.02it/s]
Animation 17: LaggedStart(Group), etc.:  30%|███       | 36/120 [00:01<00:03, 24.52it/s]
Animation 17: LaggedStart(Group), etc.:  32%|███▎      | 39/120 [00:01<00:03, 23.96it/s]
Animation 17: LaggedStart(Group), etc.:  35%|███▌      | 42/120 [00:01<00:03, 23.67it/s]
Animation 17: LaggedStart(Group), etc.:  38%|███▊      | 45/120 [00:01<00:03, 22.84it/s]
Animation 17: LaggedStart(Group), etc.:  40%|████      | 48/120 [00:01<00:03, 22.61it/s]
Animation 17: LaggedStart(Group), etc.:  42%|████▎     | 51/120 [00:02<00:02, 23.06it/s]
Animation 17: LaggedStart(Group), etc.:  45%|████▌     | 54/120 [00:02<00:02, 22.73it/s]
Animation 17: LaggedStart(Group), etc.:  48%|████▊     | 57/120 [00:02<00:02, 22.89it/s]
Animation 17: LaggedStart(Group), etc.:  50%|█████     | 60/120 [00:02<00:02, 22.68it/s]
Animation 17: LaggedStart(Group), etc.:  52%|█████▎    | 63/120 [00:02<00:02, 22.51it/s]
Animation 17: LaggedStart(Group), etc.:  55%|█████▌    | 66/120 [00:02<00:02, 22.63it/s]
Animation 17: LaggedStart(Group), etc.:  57%|█████▊    | 69/120 [00:02<00:02, 22.52it/s]
Animation 17: LaggedStart(Group), etc.:  60%|██████    | 72/120 [00:03<00:02, 22.11it/s]
Animation 17: LaggedStart(Group), etc.:  62%|██████▎   | 75/120 [00:03<00:02, 22.45it/s]
Animation 17: LaggedStart(Group), etc.:  65%|██████▌   | 78/120 [00:03<00:01, 21.90it/s]
Animation 17: LaggedStart(Group), etc.:  68%|██████▊   | 81/120 [00:03<00:01, 21.46it/s]
Animation 17: LaggedStart(Group), etc.:  70%|███████   | 84/120 [00:03<00:01, 21.93it/s]
Animation 17: LaggedStart(Group), etc.:  72%|███████▎  | 87/120 [00:03<00:01, 21.97it/s]
Animation 17: LaggedStart(Group), etc.:  75%|███████▌  | 90/120 [00:03<00:01, 22.20it/s]
Animation 17: LaggedStart(Group), etc.:  78%|███████▊  | 93/120 [00:03<00:01, 22.77it/s]
Animation 17: LaggedStart(Group), etc.:  80%|████████  | 96/120 [00:04<00:01, 23.34it/s]
Animation 17: LaggedStart(Group), etc.:  82%|████████▎ | 99/120 [00:04<00:00, 23.53it/s]
Animation 17: LaggedStart(Group), etc.:  85%|████████▌ | 102/120 [00:04<00:00, 23.73it/s]
Animation 17: LaggedStart(Group), etc.:  88%|████████▊ | 105/120 [00:04<00:00, 23.53it/s]
Animation 17: LaggedStart(Group), etc.:  90%|█████████ | 108/120 [00:04<00:00, 22.39it/s]
Animation 17: LaggedStart(Group), etc.:  92%|█████████▎| 111/120 [00:04<00:00, 22.50it/s]
Animation 17: LaggedStart(Group), etc.:  95%|█████████▌| 114/120 [00:04<00:00, 23.07it/s]
Animation 17: LaggedStart(Group), etc.:  98%|█████████▊| 117/120 [00:05<00:00, 23.42it/s]
Animation 17: LaggedStart(Group), etc.: 100%|██████████| 120/120 [00:05<00:00, 24.49it/s]
                                                                                         

Animation 19: Create(VGroup of 4 submobjects), etc.:   0%|          | 0/84 [00:00<?, ?it/s]
Animation 19: Create(VGroup of 4 submobjects), etc.:  10%|▉         | 8/84 [00:00<00:01, 74.95it/s]
Animation 19: Create(VGroup of 4 submobjects), etc.:  19%|█▉        | 16/84 [00:00<00:00, 76.90it/s]
Animation 19: Create(VGroup of 4 submobjects), etc.:  29%|██▊       | 24/84 [00:00<00:00, 72.47it/s]
Animation 19: Create(VGroup of 4 submobjects), etc.:  38%|███▊      | 32/84 [00:00<00:00, 72.05it/s]
Animation 19: Create(VGroup of 4 submobjects), etc.:  48%|████▊     | 40/84 [00:00<00:00, 70.46it/s]
Animation 19: Create(VGroup of 4 submobjects), etc.:  62%|██████▏   | 52/84 [00:00<00:00, 85.37it/s]
Animation 19: Create(VGroup of 4 submobjects), etc.:  73%|███████▎  | 61/84 [00:00<00:00, 70.67it/s]
Animation 19: Create(VGroup of 4 submobjects), etc.:  82%|████████▏ | 69/84 [00:00<00:00, 67.64it/s]
Animation 19: Create(VGroup of 4 submobjects), etc.:  92%|█████████▏| 77/84 [00:01<00:00, 68.30it/s]
                                                                                                    

Animation 20: Create(ParametricFunction):   0%|          | 0/72 [00:00<?, ?it/s]
Animation 20: Create(ParametricFunction):  14%|█▍        | 10/72 [00:00<00:00, 96.68it/s]
Animation 20: Create(ParametricFunction):  28%|██▊       | 20/72 [00:00<00:00, 83.43it/s]
Animation 20: Create(ParametricFunction):  40%|████      | 29/72 [00:00<00:00, 85.38it/s]
Animation 20: Create(ParametricFunction):  53%|█████▎    | 38/72 [00:00<00:00, 82.90it/s]
Animation 20: Create(ParametricFunction):  65%|██████▌   | 47/72 [00:00<00:00, 83.91it/s]
Animation 20: Create(ParametricFunction):  78%|███████▊  | 56/72 [00:00<00:00, 72.87it/s]
Animation 20: Create(ParametricFunction):  89%|████████▉ | 64/72 [00:00<00:00, 67.41it/s]
Animation 20: Create(ParametricFunction):  99%|█████████▊| 71/72 [00:00<00:00, 65.46it/s]
                                                                                         

Animation 22: _MethodAnimation(VGroup of 4 submobjects), etc.:   0%|          | 0/24 [00:00<?, ?it/s]
Animation 22: _MethodAnimation(VGroup of 4 submobjects), etc.:  21%|██        | 5/24 [00:00<00:00, 45.28it/s]
Animation 22: _MethodAnimation(VGroup of 4 submobjects), etc.:  42%|████▏     | 10/24 [00:00<00:00, 46.58it/s]
Animation 22: _MethodAnimation(VGroup of 4 submobjects), etc.:  62%|██████▎   | 15/24 [00:00<00:00, 45.94it/s]
Animation 22: _MethodAnimation(VGroup of 4 submobjects), etc.:  88%|████████▊ | 21/24 [00:00<00:00, 48.91it/s]
                                                                                                              

Animation 23: _MethodAnimation(Dot):   0%|          | 0/64 [00:00<?, ?it/s]
Animation 23: _MethodAnimation(Dot):  12%|█▎        | 8/64 [00:00<00:00, 70.92it/s]
Animation 23: _MethodAnimation(Dot):  25%|██▌       | 16/64 [00:00<00:00, 72.09it/s]
Animation 23: _MethodAnimation(Dot):  39%|███▉      | 25/64 [00:00<00:00, 77.08it/s]
Animation 23: _MethodAnimation(Dot):  52%|█████▏    | 33/64 [00:00<00:00, 76.87it/s]
Animation 23: _MethodAnimation(Dot):  66%|██████▌   | 42/64 [00:00<00:00, 81.31it/s]
Animation 23: _MethodAnimation(Dot):  86%|████████▌ | 55/64 [00:00<00:00, 95.51it/s]
                                                                                    

Animation 24: _MethodAnimation(Dot):   0%|          | 0/64 [00:00<?, ?it/s]
Animation 24: _MethodAnimation(Dot):  16%|█▌        | 10/64 [00:00<00:00, 90.82it/s]
Animation 24: _MethodAnimation(Dot):  31%|███▏      | 20/64 [00:00<00:00, 80.02it/s]
Animation 24: _MethodAnimation(Dot):  45%|████▌     | 29/64 [00:00<00:00, 83.41it/s]
Animation 24: _MethodAnimation(Dot):  62%|██████▎   | 40/64 [00:00<00:00, 91.28it/s]
Animation 24: _MethodAnimation(Dot):  86%|████████▌ | 55/64 [00:00<00:00, 109.92it/s]
                                                                                     

Animation 25: _MethodAnimation(DashedVMobject):   0%|          | 0/18 [00:00<?, ?it/s]
Animation 25: _MethodAnimation(DashedVMobject):  17%|█▋        | 3/18 [00:00<00:00, 23.88it/s]
Animation 25: _MethodAnimation(DashedVMobject):  33%|███▎      | 6/18 [00:00<00:00, 23.20it/s]
Animation 25: _MethodAnimation(DashedVMobject):  50%|█████     | 9/18 [00:00<00:00, 23.71it/s]
Animation 25: _MethodAnimation(DashedVMobject):  67%|██████▋   | 12/18 [00:00<00:00, 23.80it/s]
Animation 25: _MethodAnimation(DashedVMobject):  83%|████████▎ | 15/18 [00:00<00:00, 24.48it/s]
Animation 25: _MethodAnimation(DashedVMobject): 100%|██████████| 18/18 [00:00<00:00, 24.46it/s]
                                                                                               

Animation 26: FadeOut(Dot), etc.:   0%|          | 0/24 [00:00<?, ?it/s]
Animation 26: FadeOut(Dot), etc.:  12%|█▎        | 3/24 [00:00<00:00, 23.79it/s]
Animation 26: FadeOut(Dot), etc.:  25%|██▌       | 6/24 [00:00<00:00, 23.64it/s]
Animation 26: FadeOut(Dot), etc.:  38%|███▊      | 9/24 [00:00<00:00, 24.56it/s]
Animation 26: FadeOut(Dot), etc.:  50%|█████     | 12/24 [00:00<00:00, 24.07it/s]
Animation 26: FadeOut(Dot), etc.:  62%|██████▎   | 15/24 [00:00<00:00, 24.66it/s]
Animation 26: FadeOut(Dot), etc.:  75%|███████▌  | 18/24 [00:00<00:00, 25.05it/s]
Animation 26: FadeOut(Dot), etc.:  88%|████████▊ | 21/24 [00:00<00:00, 25.25it/s]
Animation 26: FadeOut(Dot), etc.: 100%|██████████| 24/24 [00:00<00:00, 25.76it/s]
                                                                                 

Animation 27: Write(Text('one at a time')):   0%|          | 0/84 [00:00<?, ?it/s]
Animation 27: Write(Text('one at a time')):  10%|▉         | 8/84 [00:00<00:01, 73.30it/s]
Animation 27: Write(Text('one at a time')):  19%|█▉        | 16/84 [00:00<00:00, 68.90it/s]
Animation 27: Write(Text('one at a time')):  27%|██▋       | 23/84 [00:00<00:00, 67.96it/s]
Animation 27: Write(Text('one at a time')):  36%|███▌      | 30/84 [00:00<00:00, 65.42it/s]
Animation 27: Write(Text('one at a time')):  44%|████▍     | 37/84 [00:00<00:00, 63.64it/s]
Animation 27: Write(Text('one at a time')):  52%|█████▏    | 44/84 [00:00<00:00, 63.60it/s]
Animation 27: Write(Text('one at a time')):  61%|██████    | 51/84 [00:00<00:00, 61.93it/s]
Animation 27: Write(Text('one at a time')):  69%|██████▉   | 58/84 [00:00<00:00, 60.99it/s]
Animation 27: Write(Text('one at a time')):  77%|███████▋  | 65/84 [00:01<00:00, 57.64it/s]
Animation 27: Write(Text('one at a time')):  86%|████████▌ | 72/84 [00:01<00:00, 58.03it/s]
Animation 27: Write(Text('one at a time')):  93%|█████████▎| 78/84 [00:01<00:00, 57.40it/s]
Animation 27: Write(Text('one at a time')): 100%|██████████| 84/84 [00:01<00:00, 56.60it/s]
                                                                                           

Animation 28: Indicate(RoundedRectangle):   0%|          | 0/36 [00:00<?, ?it/s]
Animation 28: Indicate(RoundedRectangle):   6%|▌         | 2/36 [00:00<00:02, 15.80it/s]
Animation 28: Indicate(RoundedRectangle):  11%|█         | 4/36 [00:00<00:01, 17.48it/s]
Animation 28: Indicate(RoundedRectangle):  19%|█▉        | 7/36 [00:00<00:01, 18.64it/s]
Animation 28: Indicate(RoundedRectangle):  28%|██▊       | 10/36 [00:00<00:01, 19.32it/s]
Animation 28: Indicate(RoundedRectangle):  36%|███▌      | 13/36 [00:00<00:01, 19.99it/s]
Animation 28: Indicate(RoundedRectangle):  44%|████▍     | 16/36 [00:00<00:00, 20.06it/s]
Animation 28: Indicate(RoundedRectangle):  53%|█████▎    | 19/36 [00:00<00:00, 20.28it/s]
Animation 28: Indicate(RoundedRectangle):  61%|██████    | 22/36 [00:01<00:00, 20.26it/s]
Animation 28: Indicate(RoundedRectangle):  69%|██████▉   | 25/36 [00:01<00:00, 20.18it/s]
Animation 28: Indicate(RoundedRectangle):  78%|███████▊  | 28/36 [00:01<00:00, 19.60it/s]
Animation 28: Indicate(RoundedRectangle):  86%|████████▌ | 31/36 [00:01<00:00, 19.84it/s]
Animation 28: Indicate(RoundedRectangle):  92%|█████████▏| 33/36 [00:01<00:00, 19.67it/s]
Animation 28: Indicate(RoundedRectangle): 100%|██████████| 36/36 [00:01<00:00, 20.35it/s]
                                                                                         

Animation 30: _MethodAnimation(VGroup of 4 submobjects), etc.:   0%|          | 0/120 [00:00<?, ?it/s]
Animation 30: _MethodAnimation(VGroup of 4 submobjects), etc.:   4%|▍         | 5/120 [00:00<00:02, 41.72it/s]
Animation 30: _MethodAnimation(VGroup of 4 submobjects), etc.:   8%|▊         | 10/120 [00:00<00:03, 36.18it/s]
Animation 30: _MethodAnimation(VGroup of 4 submobjects), etc.:  12%|█▏        | 14/120 [00:00<00:03, 35.17it/s]
Animation 30: _MethodAnimation(VGroup of 4 submobjects), etc.:  15%|█▌        | 18/120 [00:00<00:02, 36.65it/s]
Animation 30: _MethodAnimation(VGroup of 4 submobjects), etc.:  19%|█▉        | 23/120 [00:00<00:02, 39.72it/s]
Animation 30: _MethodAnimation(VGroup of 4 submobjects), etc.:  23%|██▎       | 28/120 [00:00<00:02, 41.47it/s]
Animation 30: _MethodAnimation(VGroup of 4 submobjects), etc.:  28%|██▊       | 33/120 [00:00<00:02, 42.78it/s]
Animation 30: _MethodAnimation(VGroup of 4 submobjects), etc.:  32%|███▏      | 38/120 [00:00<00:01, 43.78it/s]
Animation 30: _MethodAnimation(VGroup of 4 submobjects), etc.:  36%|███▌      | 43/120 [00:01<00:01, 43.06it/s]
Animation 30: _MethodAnimation(VGroup of 4 submobjects), etc.:  40%|████      | 48/120 [00:01<00:01, 41.81it/s]
Animation 30: _MethodAnimation(VGroup of 4 submobjects), etc.:  44%|████▍     | 53/120 [00:01<00:01, 41.03it/s]
Animation 30: _MethodAnimation(VGroup of 4 submobjects), etc.:  48%|████▊     | 58/120 [00:01<00:01, 39.72it/s]
Animation 30: _MethodAnimation(VGroup of 4 submobjects), etc.:  52%|█████▎    | 63/120 [00:01<00:01, 40.19it/s]
Animation 30: _MethodAnimation(VGroup of 4 submobjects), etc.:  57%|█████▋    | 68/120 [00:01<00:01, 39.96it/s]
Animation 30: _MethodAnimation(VGroup of 4 submobjects), etc.:  61%|██████    | 73/120 [00:01<00:01, 40.34it/s]
Animation 30: _MethodAnimation(VGroup of 4 submobjects), etc.:  65%|██████▌   | 78/120 [00:01<00:01, 40.70it/s]
Animation 30: _MethodAnimation(VGroup of 4 submobjects), etc.:  69%|██████▉   | 83/120 [00:02<00:00, 41.80it/s]
Animation 30: _MethodAnimation(VGroup of 4 submobjects), etc.:  73%|███████▎  | 88/120 [00:02<00:00, 42.18it/s]
Animation 30: _MethodAnimation(VGroup of 4 submobjects), etc.:  78%|███████▊  | 93/120 [00:02<00:00, 41.73it/s]
Animation 30: _MethodAnimation(VGroup of 4 submobjects), etc.:  82%|████████▏ | 98/120 [00:02<00:00, 42.12it/s]
Animation 30: _MethodAnimation(VGroup of 4 submobjects), etc.:  86%|████████▌ | 103/120 [00:02<00:00, 42.45it/s]
Animation 30: _MethodAnimation(VGroup of 4 submobjects), etc.:  90%|█████████ | 108/120 [00:02<00:00, 42.72it/s]
Animation 30: _MethodAnimation(VGroup of 4 submobjects), etc.:  94%|█████████▍| 113/120 [00:02<00:00, 43.27it/s]
Animation 30: _MethodAnimation(VGroup of 4 submobjects), etc.:  98%|█████████▊| 118/120 [00:02<00:00, 42.40it/s]
                                                                                                                

Animation 32: _MethodAnimation(VGroup of 4 submobjects), etc.:   0%|          | 0/30 [00:00<?, ?it/s]
Animation 32: _MethodAnimation(VGroup of 4 submobjects), etc.:  17%|█▋        | 5/30 [00:00<00:00, 44.15it/s]
Animation 32: _MethodAnimation(VGroup of 4 submobjects), etc.:  33%|███▎      | 10/30 [00:00<00:00, 33.46it/s]
Animation 32: _MethodAnimation(VGroup of 4 submobjects), etc.:  47%|████▋     | 14/30 [00:00<00:00, 31.77it/s]
Animation 32: _MethodAnimation(VGroup of 4 submobjects), etc.:  63%|██████▎   | 19/30 [00:00<00:00, 34.16it/s]
Animation 32: _MethodAnimation(VGroup of 4 submobjects), etc.:  77%|███████▋  | 23/30 [00:00<00:00, 34.77it/s]
Animation 32: _MethodAnimation(VGroup of 4 submobjects), etc.:  90%|█████████ | 27/30 [00:00<00:00, 34.02it/s]
                                                                                                              

Animation 33: Write(MathTex('|\\psi|^2')):   0%|          | 0/120 [00:00<?, ?it/s]
Animation 33: Write(MathTex('|\\psi|^2')):   5%|▌         | 6/120 [00:00<00:02, 53.28it/s]
Animation 33: Write(MathTex('|\\psi|^2')):  10%|█         | 12/120 [00:00<00:02, 41.99it/s]
Animation 33: Write(MathTex('|\\psi|^2')):  14%|█▍        | 17/120 [00:00<00:02, 44.47it/s]
Animation 33: Write(MathTex('|\\psi|^2')):  19%|█▉        | 23/120 [00:00<00:02, 47.14it/s]
Animation 33: Write(MathTex('|\\psi|^2')):  23%|██▎       | 28/120 [00:00<00:02, 44.39it/s]
Animation 33: Write(MathTex('|\\psi|^2')):  28%|██▊       | 33/120 [00:00<00:01, 45.46it/s]
Animation 33: Write(MathTex('|\\psi|^2')):  32%|███▏      | 38/120 [00:00<00:01, 45.08it/s]
Animation 33: Write(MathTex('|\\psi|^2')):  38%|███▊      | 45/120 [00:00<00:01, 52.23it/s]
Animation 33: Write(MathTex('|\\psi|^2')):  43%|████▎     | 52/120 [00:01<00:01, 56.45it/s]
Animation 33: Write(MathTex('|\\psi|^2')):  48%|████▊     | 58/120 [00:01<00:01, 51.10it/s]
Animation 33: Write(MathTex('|\\psi|^2')):  54%|█████▍    | 65/120 [00:01<00:00, 55.11it/s]
Animation 33: Write(MathTex('|\\psi|^2')):  60%|██████    | 72/120 [00:01<00:00, 56.58it/s]
Animation 33: Write(MathTex('|\\psi|^2')):  66%|██████▌   | 79/120 [00:01<00:00, 59.67it/s]
Animation 33: Write(MathTex('|\\psi|^2')):  72%|███████▏  | 86/120 [00:01<00:00, 59.96it/s]
Animation 33: Write(MathTex('|\\psi|^2')):  78%|███████▊  | 94/120 [00:01<00:00, 61.61it/s]
Animation 33: Write(MathTex('|\\psi|^2')):  85%|████████▌ | 102/120 [00:01<00:00, 65.34it/s]
Animation 33: Write(MathTex('|\\psi|^2')):  92%|█████████▏| 110/120 [00:01<00:00, 68.99it/s]
Animation 33: Write(MathTex('|\\psi|^2')):  99%|█████████▉| 119/120 [00:02<00:00, 72.70it/s]
                                                                                            

Animation 35: FadeIn(VGroup of 2 submobjects):   0%|          | 0/48 [00:00<?, ?it/s]
Animation 35: FadeIn(VGroup of 2 submobjects):  19%|█▉        | 9/48 [00:00<00:00, 80.00it/s]
Animation 35: FadeIn(VGroup of 2 submobjects):  38%|███▊      | 18/48 [00:00<00:00, 73.95it/s]
Animation 35: FadeIn(VGroup of 2 submobjects):  54%|█████▍    | 26/48 [00:00<00:00, 74.66it/s]
Animation 35: FadeIn(VGroup of 2 submobjects):  75%|███████▌  | 36/48 [00:00<00:00, 82.19it/s]
Animation 35: FadeIn(VGroup of 2 submobjects):  98%|█████████▊| 47/48 [00:00<00:00, 90.17it/s]
                                                                                              

Animation 36: ReplacementTransform(ParametricFunction), etc.:   0%|          | 0/96 [00:00<?, ?it/s]
Animation 36: ReplacementTransform(ParametricFunction), etc.:   3%|▎         | 3/96 [00:00<00:04, 19.89it/s]
Animation 36: ReplacementTransform(ParametricFunction), etc.:   5%|▌         | 5/96 [00:00<00:04, 18.62it/s]
Animation 36: ReplacementTransform(ParametricFunction), etc.:   7%|▋         | 7/96 [00:00<00:04, 19.14it/s]
Animation 36: ReplacementTransform(ParametricFunction), etc.:   9%|▉         | 9/96 [00:00<00:04, 19.33it/s]
Animation 36: ReplacementTransform(ParametricFunction), etc.:  12%|█▎        | 12/96 [00:00<00:04, 19.60it/s]
Animation 36: ReplacementTransform(ParametricFunction), etc.:  16%|█▌        | 15/96 [00:00<00:04, 19.46it/s]
Animation 36: ReplacementTransform(ParametricFunction), etc.:  18%|█▊        | 17/96 [00:00<00:04, 18.95it/s]
Animation 36: ReplacementTransform(ParametricFunction), etc.:  20%|█▉        | 19/96 [00:00<00:04, 18.70it/s]
Animation 36: ReplacementTransform(ParametricFunction), etc.:  22%|██▏       | 21/96 [00:01<00:04, 18.42it/s]
Animation 36: ReplacementTransform(ParametricFunction), etc.:  24%|██▍       | 23/96 [00:01<00:03, 18.77it/s]
Animation 36: ReplacementTransform(ParametricFunction), etc.:  27%|██▋       | 26/96 [00:01<00:03, 18.96it/s]
Animation 36: ReplacementTransform(ParametricFunction), etc.:  29%|██▉       | 28/96 [00:01<00:03, 18.71it/s]
Animation 36: ReplacementTransform(ParametricFunction), etc.:  32%|███▏      | 31/96 [00:01<00:03, 19.04it/s]
Animation 36: ReplacementTransform(ParametricFunction), etc.:  34%|███▍      | 33/96 [00:01<00:03, 19.00it/s]
Animation 36: ReplacementTransform(ParametricFunction), etc.:  36%|███▋      | 35/96 [00:01<00:03, 19.07it/s]
Animation 36: ReplacementTransform(ParametricFunction), etc.:  39%|███▊      | 37/96 [00:01<00:03, 18.34it/s]
Animation 36: ReplacementTransform(ParametricFunction), etc.:  41%|████      | 39/96 [00:02<00:03, 17.83it/s]
Animation 36: ReplacementTransform(ParametricFunction), etc.:  43%|████▎     | 41/96 [00:02<00:03, 17.96it/s]
Animation 36: ReplacementTransform(ParametricFunction), etc.:  45%|████▍     | 43/96 [00:02<00:02, 18.25it/s]
Animation 36: ReplacementTransform(ParametricFunction), etc.:  47%|████▋     | 45/96 [00:02<00:02, 18.23it/s]
Animation 36: ReplacementTransform(ParametricFunction), etc.:  49%|████▉     | 47/96 [00:02<00:02, 18.12it/s]
Animation 36: ReplacementTransform(ParametricFunction), etc.:  51%|█████     | 49/96 [00:02<00:02, 17.78it/s]
Animation 36: ReplacementTransform(ParametricFunction), etc.:  53%|█████▎    | 51/96 [00:02<00:02, 17.85it/s]
Animation 36: ReplacementTransform(ParametricFunction), etc.:  55%|█████▌    | 53/96 [00:02<00:02, 17.59it/s]
Animation 36: ReplacementTransform(ParametricFunction), etc.:  57%|█████▋    | 55/96 [00:02<00:02, 17.09it/s]
Animation 36: ReplacementTransform(ParametricFunction), etc.:  59%|█████▉    | 57/96 [00:03<00:02, 17.36it/s]
Animation 36: ReplacementTransform(ParametricFunction), etc.:  61%|██████▏   | 59/96 [00:03<00:02, 17.98it/s]
Animation 36: ReplacementTransform(ParametricFunction), etc.:  64%|██████▎   | 61/96 [00:03<00:01, 18.50it/s]
Animation 36: ReplacementTransform(ParametricFunction), etc.:  66%|██████▌   | 63/96 [00:03<00:01, 18.69it/s]
Animation 36: ReplacementTransform(ParametricFunction), etc.:  68%|██████▊   | 65/96 [00:03<00:01, 18.20it/s]
Animation 36: ReplacementTransform(ParametricFunction), etc.:  70%|██████▉   | 67/96 [00:03<00:01, 17.85it/s]
Animation 36: ReplacementTransform(ParametricFunction), etc.:  72%|███████▏  | 69/96 [00:03<00:01, 18.02it/s]
Animation 36: ReplacementTransform(ParametricFunction), etc.:  75%|███████▌  | 72/96 [00:03<00:01, 18.94it/s]
Animation 36: ReplacementTransform(ParametricFunction), etc.:  77%|███████▋  | 74/96 [00:04<00:01, 18.78it/s]
Animation 36: ReplacementTransform(ParametricFunction), etc.:  79%|███████▉  | 76/96 [00:04<00:01, 18.75it/s]
Animation 36: ReplacementTransform(ParametricFunction), etc.:  82%|████████▏ | 79/96 [00:04<00:00, 19.24it/s]
Animation 36: ReplacementTransform(ParametricFunction), etc.:  84%|████████▍ | 81/96 [00:04<00:00, 19.09it/s]
Animation 36: ReplacementTransform(ParametricFunction), etc.:  86%|████████▋ | 83/96 [00:04<00:00, 19.17it/s]
Animation 36: ReplacementTransform(ParametricFunction), etc.:  90%|████████▉ | 86/96 [00:04<00:00, 19.76it/s]
Animation 36: ReplacementTransform(ParametricFunction), etc.:  93%|█████████▎| 89/96 [00:04<00:00, 19.85it/s]
Animation 36: ReplacementTransform(ParametricFunction), etc.:  96%|█████████▌| 92/96 [00:04<00:00, 20.15it/s]
Animation 36: ReplacementTransform(ParametricFunction), etc.:  99%|█████████▉| 95/96 [00:05<00:00, 20.33it/s]
                                                                                                             

Animation 38: FadeOut(MathTex('|\\psi|^2')):   0%|          | 0/18 [00:00<?, ?it/s]
Animation 38: FadeOut(MathTex('|\\psi|^2')):  17%|█▋        | 3/18 [00:00<00:00, 23.67it/s]
Animation 38: FadeOut(MathTex('|\\psi|^2')):  33%|███▎      | 6/18 [00:00<00:00, 26.36it/s]
Animation 38: FadeOut(MathTex('|\\psi|^2')):  50%|█████     | 9/18 [00:00<00:00, 27.60it/s]
Animation 38: FadeOut(MathTex('|\\psi|^2')):  67%|██████▋   | 12/18 [00:00<00:00, 27.97it/s]
Animation 38: FadeOut(MathTex('|\\psi|^2')):  83%|████████▎ | 15/18 [00:00<00:00, 28.58it/s]
Animation 38: FadeOut(MathTex('|\\psi|^2')): 100%|██████████| 18/18 [00:00<00:00, 27.64it/s]
                                                                                            

Animation 39: Write(VGroup of 3 submobjects):   0%|          | 0/138 [00:00<?, ?it/s]
Animation 39: Write(VGroup of 3 submobjects):   4%|▍         | 6/138 [00:00<00:02, 54.62it/s]
Animation 39: Write(VGroup of 3 submobjects):   9%|▊         | 12/138 [00:00<00:02, 50.14it/s]
Animation 39: Write(VGroup of 3 submobjects):  13%|█▎        | 18/138 [00:00<00:02, 48.58it/s]
Animation 39: Write(VGroup of 3 submobjects):  17%|█▋        | 23/138 [00:00<00:02, 48.20it/s]
Animation 39: Write(VGroup of 3 submobjects):  20%|██        | 28/138 [00:00<00:02, 45.94it/s]
Animation 39: Write(VGroup of 3 submobjects):  24%|██▍       | 33/138 [00:00<00:02, 45.70it/s]
Animation 39: Write(VGroup of 3 submobjects):  28%|██▊       | 38/138 [00:00<00:02, 44.46it/s]
Animation 39: Write(VGroup of 3 submobjects):  31%|███       | 43/138 [00:00<00:02, 43.79it/s]
Animation 39: Write(VGroup of 3 submobjects):  35%|███▍      | 48/138 [00:01<00:02, 40.36it/s]
Animation 39: Write(VGroup of 3 submobjects):  38%|███▊      | 53/138 [00:01<00:02, 39.52it/s]
Animation 39: Write(VGroup of 3 submobjects):  41%|████▏     | 57/138 [00:01<00:02, 39.09it/s]
Animation 39: Write(VGroup of 3 submobjects):  45%|████▍     | 62/138 [00:01<00:01, 39.63it/s]
Animation 39: Write(VGroup of 3 submobjects):  48%|████▊     | 66/138 [00:01<00:01, 39.29it/s]
Animation 39: Write(VGroup of 3 submobjects):  51%|█████     | 70/138 [00:01<00:01, 38.92it/s]
Animation 39: Write(VGroup of 3 submobjects):  54%|█████▎    | 74/138 [00:01<00:01, 39.13it/s]
Animation 39: Write(VGroup of 3 submobjects):  57%|█████▋    | 78/138 [00:01<00:01, 37.64it/s]
Animation 39: Write(VGroup of 3 submobjects):  59%|█████▉    | 82/138 [00:01<00:01, 37.68it/s]
Animation 39: Write(VGroup of 3 submobjects):  62%|██████▏   | 86/138 [00:02<00:01, 37.30it/s]
Animation 39: Write(VGroup of 3 submobjects):  65%|██████▌   | 90/138 [00:02<00:01, 37.16it/s]
Animation 39: Write(VGroup of 3 submobjects):  68%|██████▊   | 94/138 [00:02<00:01, 37.32it/s]
Animation 39: Write(VGroup of 3 submobjects):  71%|███████   | 98/138 [00:02<00:01, 37.07it/s]
Animation 39: Write(VGroup of 3 submobjects):  74%|███████▍  | 102/138 [00:02<00:00, 36.20it/s]
Animation 39: Write(VGroup of 3 submobjects):  77%|███████▋  | 106/138 [00:02<00:00, 35.78it/s]
Animation 39: Write(VGroup of 3 submobjects):  80%|███████▉  | 110/138 [00:02<00:00, 35.85it/s]
Animation 39: Write(VGroup of 3 submobjects):  83%|████████▎ | 114/138 [00:02<00:00, 36.50it/s]
Animation 39: Write(VGroup of 3 submobjects):  86%|████████▌ | 118/138 [00:02<00:00, 36.42it/s]
Animation 39: Write(VGroup of 3 submobjects):  88%|████████▊ | 122/138 [00:03<00:00, 35.61it/s]
Animation 39: Write(VGroup of 3 submobjects):  91%|█████████▏| 126/138 [00:03<00:00, 31.88it/s]
Animation 39: Write(VGroup of 3 submobjects):  94%|█████████▍| 130/138 [00:03<00:00, 30.95it/s]
Animation 39: Write(VGroup of 3 submobjects):  97%|█████████▋| 134/138 [00:03<00:00, 31.05it/s]
Animation 39: Write(VGroup of 3 submobjects): 100%|██████████| 138/138 [00:03<00:00, 32.08it/s]
                                                                                               

Animation 41: FadeOut(VGroup of 3 submobjects):   0%|          | 0/18 [00:00<?, ?it/s]
Animation 41: FadeOut(VGroup of 3 submobjects):  28%|██▊       | 5/18 [00:00<00:00, 38.71it/s]
Animation 41: FadeOut(VGroup of 3 submobjects):  50%|█████     | 9/18 [00:00<00:00, 36.53it/s]
Animation 41: FadeOut(VGroup of 3 submobjects):  72%|███████▏  | 13/18 [00:00<00:00, 37.81it/s]
Animation 41: FadeOut(VGroup of 3 submobjects):  94%|█████████▍| 17/18 [00:00<00:00, 37.57it/s]
                                                                                               

Animation 42: FadeIn(VGroup of 1 submobjects):   0%|          | 0/30 [00:00<?, ?it/s]
Animation 42: FadeIn(VGroup of 1 submobjects):  17%|█▋        | 5/30 [00:00<00:00, 41.08it/s]
Animation 42: FadeIn(VGroup of 1 submobjects):  33%|███▎      | 10/30 [00:00<00:00, 34.89it/s]
Animation 42: FadeIn(VGroup of 1 submobjects):  47%|████▋     | 14/30 [00:00<00:00, 36.46it/s]
Animation 42: FadeIn(VGroup of 1 submobjects):  60%|██████    | 18/30 [00:00<00:00, 37.52it/s]
Animation 42: FadeIn(VGroup of 1 submobjects):  73%|███████▎  | 22/30 [00:00<00:00, 37.30it/s]
Animation 42: FadeIn(VGroup of 1 submobjects):  90%|█████████ | 27/30 [00:00<00:00, 39.27it/s]
                                                                                              


===== STEP: SHORT: assemble 16:9 → double-slit-one-electron-short-bb.mp4
$ /Users/nik/ai/bin/python3 /Users/nik/Documents/Cowork/quantum-mechanics-vol1/youtube/scripts/assemble.py /Users/nik/Documents/Cowork/quantum-mechanics-vol1/youtube/double-slit-one-electron-bb/short --mode manim
cwd: /Users/nik/Documents/Cowork/unreal-reels
exit: 0
[ffmpeg] ffmpeg -y -f concat -safe 0 -i /Users/nik/Documents/Cowork/quantum-mechanics-vol1/youtube/double-slit-one-electron-bb/short/mp3/_concat.txt -c:a aac -b:a 192k /Users/nik/Documents/Cowork/quantum-mechanics-vol1/youtube/double-slit-one-electron-bb/short/mp4/_voiceover.m4a
[ffmpeg] ffmpeg -y -i /Users/nik/Documents/Cowork/quantum-mechanics-vol1/youtube/double-slit-one-electron-bb/short/media/videos/double_slit_one_electron_short_bb/1080p60/BearsDoodlesVideo.mp4 -i /Users/nik/Documents/Cowork/quantum-mechanics-vol1/youtube/double-slit-one-electron-bb/short/mp4/_voiceover.m4a -filter_complex [0:v]tpad=stop_mode=clone:stop_duration=1.0[v] -map [v] -map 1:a:0 -c:v libx264 -pix_fmt yuv420p -crf 18 -preset medium -c:a aac -b:a 192k /Users/nik/Documents/Cowork/quantum-mechanics-vol1/youtube/double-slit-one-electron-bb/short/mp4/double-slit-one-electron-short-bb.mp4
[ok] final → /Users/nik/Documents/Cowork/quantum-mechanics-vol1/youtube/double-slit-one-electron-bb/short/mp4/double-slit-one-electron-short-bb.mp4
ffmpeg version 7.0 Copyright (c) 2000-2024 the FFmpeg developers
  built with Apple clang version 15.0.0 (clang-1500.1.0.2.5)
  configuration: --prefix=/usr/local/Cellar/ffmpeg/7.0 --enable-shared --enable-pthreads --enable-version3 --cc=clang --host-cflags= --host-ldflags='-Wl,-ld_classic' --enable-ffplay --enable-gnutls --enable-gpl --enable-libaom --enable-libaribb24 --enable-libbluray --enable-libdav1d --enable-libharfbuzz --enable-libjxl --enable-libmp3lame --enable-libopus --enable-librav1e --enable-librist --enable-librubberband --enable-libsnappy --enable-libsrt --enable-libssh --enable-libsvtav1 --enable-libtesseract --enable-libtheora --enable-libvidstab --enable-libvmaf --enable-libvorbis --enable-libvpx --enable-libwebp --enable-libx264 --enable-libx265 --enable-libxml2 --enable-libxvid --enable-lzma --enable-libfontconfig --enable-libfreetype --enable-frei0r --enable-libass --enable-libopencore-amrnb --enable-libopencore-amrwb --enable-libopenjpeg --enable-libopenvino --enable-libspeex --enable-libsoxr --enable-libzmq --enable-libzimg --disable-libjack --disable-indev=jack --enable-videotoolbox --enable-audiotoolbox
  libavutil      59.  8.100 / 59.  8.100
  libavcodec     61.  3.100 / 61.  3.100
  libavformat    61.  1.100 / 61.  1.100
  libavdevice    61.  1.100 / 61.  1.100
  libavfilter    10.  1.100 / 10.  1.100
  libswscale      8.  1.100 /  8.  1.100
  libswresample   5.  1.100 /  5.  1.100
  libpostproc    58.  1.100 / 58.  1.100
Input #0, concat, from '/Users/nik/Documents/Cowork/quantum-mechanics-vol1/youtube/double-slit-one-electron-bb/short/mp3/_concat.txt':
  Duration: N/A, start: -0.025057, bitrate: 128 kb/s
  Stream #0:0: Audio: mp3 (mp3float), 44100 Hz, mono, fltp, 128 kb/s
Stream mapping:
  Stream #0:0 -> #0:0 (mp3 (mp3float) -> aac (native))
Press [q] to stop, [?] for help
Output #0, ipod, to '/Users/nik/Documents/Cowork/quantum-mechanics-vol1/youtube/double-slit-one-electron-bb/short/mp4/_voiceover.m4a':
  Metadata:
    encoder         : Lavf61.1.100
  Stream #0:0: Audio: aac (LC) (mp4a / 0x6134706D), 44100 Hz, mono, fltp, 192 kb/s
      Metadata:
        encoder         : Lavc61.3.100 aac
size=     256KiB time=00:00:20.16 bitrate= 104.0kbits/s speed=40.1x    
size=     768KiB time=00:00:41.32 bitrate= 152.3kbits/s speed=  41x    
size=    1280KiB time=00:01:00.78 bitrate= 172.5kbits/s speed=40.3x    
[out#0/ipod @ 0x7ff3dd0116c0] video:0KiB audio:1473KiB subtitle:0KiB other streams:0KiB global headers:0KiB muxing overhead: 0.767761%
size=    1484KiB time=00:01:01.87 bitrate= 196.5kbits/s speed=39.9x    
[aac @ 0x7ff3dd012100] Qavg: 53686.145
ffmpeg version 7.0 Copyright (c) 2000-2024 the FFmpeg developers
  built with Apple clang version 15.0.0 (clang-1500.1.0.2.5)
  configuration: --prefix=/usr/local/Cellar/ffmpeg/7.0 --enable-shared --enable-pthreads --enable-version3 --cc=clang --host-cflags= --host-ldflags='-Wl,-ld_classic' --enable-ffplay --enable-gnutls --enable-gpl --enable-libaom --enable-libaribb24 --enable-libbluray --enable-libdav1d --enable-libharfbuzz --enable-libjxl --enable-libmp3lame --enable-libopus --enable-librav1e --enable-librist --enable-librubberband --enable-libsnappy --enable-libsrt --enable-libssh --enable-libsvtav1 --enable-libtesseract --enable-libtheora --enable-libvidstab --enable-libvmaf --enable-libvorbis --enable-libvpx --enable-libwebp --enable-libx264 --enable-libx265 --enable-libxml2 --enable-libxvid --enable-lzma --enable-libfontconfig --enable-libfreetype --enable-frei0r --enable-libass --enable-libopencore-amrnb --enable-libopencore-amrwb --enable-libopenjpeg --enable-libopenvino --enable-libspeex --enable-libsoxr --enable-libzmq --enable-libzimg --disable-libjack --disable-indev=jack --enable-videotoolbox --enable-audiotoolbox
  libavutil      59.  8.100 / 59.  8.100
  libavcodec     61.  3.100 / 61.  3.100
  libavformat    61.  1.100 / 61.  1.100
  libavdevice    61.  1.100 / 61.  1.100
  libavfilter    10.  1.100 / 10.  1.100
  libswscale      8.  1.100 /  8.  1.100
  libswresample   5.  1.100 /  5.  1.100
  libpostproc    58.  1.100 / 58.  1.100
Input #0, mov,mp4,m4a,3gp,3g2,mj2, from '/Users/nik/Documents/Cowork/quantum-mechanics-vol1/youtube/double-slit-one-electron-bb/short/media/videos/double_slit_one_electron_short_bb/1080p60/BearsDoodlesVideo.mp4':
  Metadata:
    major_brand     : isom
    minor_version   : 512
    compatible_brands: isomiso2avc1mp41
    encoder         : Lavf62.12.101
    comment         : Rendered with Manim Community v0.20.1
  Duration: 00:00:59.80, start: 0.000000, bitrate: 341 kb/s
  Stream #0:0[0x1](und): Video: h264 (High) (avc1 / 0x31637661), yuv420p(progressive), 1920x1080, 335 kb/s, 60 fps, 60 tbr, 15360 tbn (default)
      Metadata:
        handler_name    : VideoHandler
        vendor_id       : [0][0][0][0]
Input #1, mov,mp4,m4a,3gp,3g2,mj2, from '/Users/nik/Documents/Cowork/quantum-mechanics-vol1/youtube/double-slit-one-electron-bb/short/mp4/_voiceover.m4a':
  Metadata:
    major_brand     : M4A 
    minor_version   : 512
    compatible_brands: M4A isomiso2
    encoder         : Lavf61.1.100
  Duration: 00:01:01.88, start: 0.000998, bitrate: 196 kb/s
  Stream #1:0[0x1](und): Audio: aac (LC) (mp4a / 0x6134706D), 44100 Hz, mono, fltp, 195 kb/s (default)
      Metadata:
        handler_name    : SoundHandler
        vendor_id       : [0][0][0][0]
Stream mapping:
  Stream #0:0 (h264) -> tpad:default (graph 0)
  tpad:default (graph 0) -> Stream #0:0 (libx264)
  Stream #1:0 -> #0:1 (aac (native) -> aac (native))
Press [q] to stop, [?] for help
[libx264 @ 0x7f817a906b80] using cpu capabilities: MMX2 SSE2Fast SSSE3 SSE4.2 AVX FMA3 BMI2 AVX2
[libx264 @ 0x7f817a906b80] profile High, level 4.2, 4:2:0, 8-bit
[libx264 @ 0x7f817a906b80] 264 - core 164 r3108 31e19f9 - H.264/MPEG-4 AVC codec - Copyleft 2003-2023 - http://www.videolan.org/x264.html - options: cabac=1 ref=3 deblock=1:0:0 analyse=0x3:0x113 me=hex subme=7 psy=1 psy_rd=1.00:0.00 mixed_ref=1 me_range=16 chroma_me=1 trellis=1 8x8dct=1 cqm=0 deadzone=21,11 fast_pskip=1 chroma_qp_offset=-2 threads=24 lookahead_threads=4 sliced_threads=0 nr=0 decimate=1 interlaced=0 bluray_compat=0 constrained_intra=0 bframes=3 b_pyramid=2 b_adapt=1 b_bias=0 direct=1 weightb=1 open_gop=0 weightp=2 keyint=250 keyint_min=25 scenecut=40 intra_refresh=0 rc_lookahead=40 rc=crf mbtree=1 crf=18.0 qcomp=0.60 qpmin=0 qpmax=69 qpstep=4 ip_ratio=1.40 aq=1:1.00
Output #0, mp4, to '/Users/nik/Documents/Cowork/quantum-mechanics-vol1/youtube/double-slit-one-electron-bb/short/mp4/double-slit-one-electron-short-bb.mp4':
  Metadata:
    major_brand     : isom
    minor_version   : 512
    compatible_brands: isomiso2avc1mp41
    comment         : Rendered with Manim Community v0.20.1
    encoder         : Lavf61.1.100
  Stream #0:0: Video: h264 (avc1 / 0x31637661), yuv420p(progressive), 1920x1080, q=2-31, 60 fps, 15360 tbn
      Metadata:
        encoder         : Lavc61.3.100 libx264
      Side data:
        cpb: bitrate max/min/avg: 0/0/0 buffer size: 0 vbv_delay: N/A
  Stream #0:1(und): Audio: aac (LC) (mp4a / 0x6134706D), 44100 Hz, mono, fltp, 192 kb/s (default)
      Metadata:
        handler_name    : SoundHandler
        vendor_id       : [0][0][0][0]
        encoder         : Lavc61.3.100 aac
frame=   24 fps=0.0 q=26.0 size=       0KiB time=00:00:00.36 bitrate=   1.0kbits/s speed=0.733x    
frame=  174 fps=174 q=26.0 size=       0KiB time=00:00:02.86 bitrate=   0.1kbits/s speed=2.86x    
frame=  302 fps=201 q=26.0 size=     256KiB time=00:00:05.00 bitrate= 419.5kbits/s speed=3.33x    
frame=  455 fps=227 q=26.0 size=     256KiB time=00:00:07.55 bitrate= 277.8kbits/s speed=3.77x    
frame=  613 fps=244 q=26.0 size=     256KiB time=00:00:10.18 bitrate= 206.0kbits/s speed=4.06x    
frame=  774 fps=257 q=26.0 size=     512KiB time=00:00:12.86 bitrate= 326.0kbits/s speed=4.27x    
frame=  925 fps=263 q=26.0 size=     512KiB time=00:00:15.38 bitrate= 272.7kbits/s speed=4.38x    
frame= 1078 fps=268 q=26.0 size=     768KiB time=00:00:17.93 bitrate= 350.8kbits/s speed=4.46x    
frame= 1214 fps=268 q=26.0 size=     768KiB time=00:00:20.20 bitrate= 311.5kbits/s speed=4.47x    
frame= 1353 fps=269 q=26.0 size=     768KiB time=00:00:22.51 bitrate= 279.4kbits/s speed=4.48x    
frame= 1467 fps=266 q=26.0 size=    1024KiB time=00:00:24.41 bitrate= 343.6kbits/s speed=4.42x    
frame= 1600 fps=266 q=26.0 size=    1024KiB time=00:00:26.63 bitrate= 315.0kbits/s speed=4.42x    
frame= 1749 fps=268 q=26.0 size=    1280KiB time=00:00:29.11 bitrate= 360.1kbits/s speed=4.46x    
frame= 1888 fps=268 q=26.0 size=    1536KiB time=00:00:31.43 bitrate= 400.3kbits/s speed=4.47x    
frame= 2032 fps=270 q=26.0 size=    1536KiB time=00:00:33.83 bitrate= 371.9kbits/s speed=4.49x    
frame= 2180 fps=271 q=26.0 size=    1792KiB time=00:00:36.30 bitrate= 404.4kbits/s speed=4.52x    
frame= 2336 fps=274 q=26.0 size=    1792KiB time=00:00:38.90 bitrate= 377.4kbits/s speed=4.55x    
frame= 2488 fps=275 q=26.0 size=    2048KiB time=00:00:41.43 bitrate= 404.9kbits/s speed=4.58x    
frame= 2650 fps=278 q=26.0 size=    2048KiB time=00:00:44.13 bitrate= 380.2kbits/s speed=4.62x    
frame= 2815 fps=280 q=26.0 size=    2304KiB time=00:00:46.88 bitrate= 402.6kbits/s speed=4.67x    
frame= 2974 fps=282 q=26.0 size=    2304KiB time=00:00:49.53 bitrate= 381.1kbits/s speed=4.69x    
frame= 3136 fps=284 q=26.0 size=    2560KiB time=00:00:52.23 bitrate= 401.5kbits/s speed=4.73x    
frame= 3299 fps=285 q=26.0 size=    2560KiB time=00:00:54.95 bitrate= 381.7kbits/s speed=4.75x    
frame= 3464 fps=287 q=26.0 size=    2816KiB time=00:00:57.70 bitrate= 399.8kbits/s speed=4.78x    
[out#0/mp4 @ 0x7f817a90b580] video:1536KiB audio:1459KiB subtitle:0KiB other streams:0KiB global headers:0KiB muxing overhead: 3.292560%
frame= 3648 fps=291 q=-1.0 Lsize=    3093KiB time=00:01:00.76 bitrate= 417.0kbits/s speed=4.85x    
[libx264 @ 0x7f817a906b80] frame I:15    Avg QP: 6.49  size: 23656
[libx264 @ 0x7f817a906b80] frame P:974   Avg QP:13.14  size:   907
[libx264 @ 0x7f817a906b80] frame B:2659  Avg QP:13.41  size:   126
[libx264 @ 0x7f817a906b80] consecutive B-frames:  1.8%  2.2%  2.5% 93.4%
[libx264 @ 0x7f817a906b80] mb I  I16..4: 76.2% 18.4%  5.4%
[libx264 @ 0x7f817a906b80] mb P  I16..4:  0.0%  0.1%  0.1%  P16..4:  0.6%  0.1%  0.1%  0.0%  0.0%    skip:99.0%
[libx264 @ 0x7f817a906b80] mb B  I16..4:  0.0%  0.0%  0.0%  B16..8:  0.5%  0.0%  0.0%  direct: 0.0%  skip:99.5%  L0:52.2% L1:46.4% BI: 1.4%
[libx264 @ 0x7f817a906b80] 8x8 transform intra:20.8% inter:32.5%
[libx264 @ 0x7f817a906b80] coded y,uvDC,uvAC intra: 6.1% 8.5% 6.6% inter: 0.1% 0.1% 0.0%
[libx264 @ 0x7f817a906b80] i16 v,h,dc,p: 96%  2%  2%  0%
[libx264 @ 0x7f817a906b80] i8 v,h,dc,ddl,ddr,vr,hd,vl,hu: 46%  5% 44%  1%  1%  1%  0%  1%  0%
[libx264 @ 0x7f817a906b80] i4 v,h,dc,ddl,ddr,vr,hd,vl,hu: 35% 17% 24%  4%  5%  5%  4%  4%  4%
[libx264 @ 0x7f817a906b80] i8c dc,h,v,p: 89%  5%  6%  0%
[libx264 @ 0x7f817a906b80] Weighted P-Frames: Y:2.0% UV:0.9%
[libx264 @ 0x7f817a906b80] ref P L0: 82.8%  8.0%  7.0%  2.1%  0.1%
[libx264 @ 0x7f817a906b80] ref B L0: 66.4% 31.6%  2.0%
[libx264 @ 0x7f817a906b80] ref B L1: 97.2%  2.8%
[libx264 @ 0x7f817a906b80] kb/s:206.84
[aac @ 0x7f817a907c40] Qavg: 54763.199


===== STEP: SHORT: render 9:16
$ manim -r 1080,1920 --fps 60 --disable_caching --flush_cache double_slit_one_electron_short_bb.py BearsDoodlesVideo
cwd: /Users/nik/Documents/Cowork/quantum-mechanics-vol1/youtube/double-slit-one-electron-bb/short
exit: 0
Manim Community v0.20.1

[bn_layout] mode=PORTRAIT pixels=1080x1920 frame=4.50x8.00
[07/03/26 17:15:55] INFO     Caching disabled.              cairo_renderer.py:83
[07/03/26 17:15:56] INFO     Animation 0 : Partial      scene_file_writer.py:601
                             movie file written in                              
                             '/Users/nik/Documents/Cowo                         
                             rk/quantum-mechanics-vol1/                         
                             youtube/double-slit-one-el                         
                             ectron-bb/short/media/vide                         
                             os/double_slit_one_electro                         
                             n_short_bb/1920p60/partial                         
                             _movie_files/BearsDoodlesV                         
                             ideo/uncached_00000.mp4'                           
                    INFO     Caching disabled.              cairo_renderer.py:83
[07/03/26 17:15:59] INFO     Animation 1 : Partial      scene_file_writer.py:601
                             movie file written in                              
                             '/Users/nik/Documents/Cowo                         
                             rk/quantum-mechanics-vol1/                         
                             youtube/double-slit-one-el                         
                             ectron-bb/short/media/vide                         
                             os/double_slit_one_electro                         
                             n_short_bb/1920p60/partial                         
                             _movie_files/BearsDoodlesV                         
                             ideo/uncached_00001.mp4'                           
                    INFO     Caching disabled.              cairo_renderer.py:83
                    INFO     Animation 2 : Partial      scene_file_writer.py:601
                             movie file written in                              
                             '/Users/nik/Documents/Cowo                         
                             rk/quantum-mechanics-vol1/                         
                             youtube/double-slit-one-el                         
                             ectron-bb/short/media/vide                         
                             os/double_slit_one_electro                         
                             n_short_bb/1920p60/partial                         
                             _movie_files/BearsDoodlesV                         
                             ideo/uncached_00002.mp4'                           
                    INFO     Caching disabled.              cairo_renderer.py:83
[07/03/26 17:16:00] INFO     Animation 3 : Partial      scene_file_writer.py:601
                             movie file written in                              
                             '/Users/nik/Documents/Cowo                         
                             rk/quantum-mechanics-vol1/                         
                             youtube/double-slit-one-el                         
                             ectron-bb/short/media/vide                         
                             os/double_slit_one_electro                         
                             n_short_bb/1920p60/partial                         
                             _movie_files/BearsDoodlesV                         
                             ideo/uncached_00003.mp4'                           
                    INFO     Caching disabled.              cairo_renderer.py:83
[07/03/26 17:16:02] INFO     Animation 4 : Partial      scene_file_writer.py:601
                             movie file written in                              
                             '/Users/nik/Documents/Cowo                         
                             rk/quantum-mechanics-vol1/                         
                             youtube/double-slit-one-el                         
                             ectron-bb/short/media/vide                         
                             os/double_slit_one_electro                         
                             n_short_bb/1920p60/partial                         
                             _movie_files/BearsDoodlesV                         
                             ideo/uncached_00004.mp4'                           
                    INFO     Caching disabled.              cairo_renderer.py:83
                    INFO     Animation 5 : Partial      scene_file_writer.py:601
                             movie file written in                              
                             '/Users/nik/Documents/Cowo                         
                             rk/quantum-mechanics-vol1/                         
                             youtube/double-slit-one-el                         
                             ectron-bb/short/media/vide                         
                             os/double_slit_one_electro                         
                             n_short_bb/1920p60/partial                         
                             _movie_files/BearsDoodlesV                         
                             ideo/uncached_00005.mp4'                           
                    INFO     Caching disabled.              cairo_renderer.py:83
                    INFO     Animation 6 : Partial      scene_file_writer.py:601
                             movie file written in                              
                             '/Users/nik/Documents/Cowo                         
                             rk/quantum-mechanics-vol1/                         
                             youtube/double-slit-one-el                         
                             ectron-bb/short/media/vide                         
                             os/double_slit_one_electro                         
                             n_short_bb/1920p60/partial                         
                             _movie_files/BearsDoodlesV                         
                             ideo/uncached_00006.mp4'                           
                    INFO     Caching disabled.              cairo_renderer.py:83
[07/03/26 17:16:04] INFO     Animation 7 : Partial      scene_file_writer.py:601
                             movie file written in                              
                             '/Users/nik/Documents/Cowo                         
                             rk/quantum-mechanics-vol1/                         
                             youtube/double-slit-one-el                         
                             ectron-bb/short/media/vide                         
                             os/double_slit_one_electro                         
                             n_short_bb/1920p60/partial                         
                             _movie_files/BearsDoodlesV                         
                             ideo/uncached_00007.mp4'                           
                    INFO     Caching disabled.              cairo_renderer.py:83
[07/03/26 17:16:05] INFO     Animation 8 : Partial      scene_file_writer.py:601
                             movie file written in                              
                             '/Users/nik/Documents/Cowo                         
                             rk/quantum-mechanics-vol1/                         
                             youtube/double-slit-one-el                         
                             ectron-bb/short/media/vide                         
                             os/double_slit_one_electro                         
                             n_short_bb/1920p60/partial                         
                             _movie_files/BearsDoodlesV                         
                             ideo/uncached_00008.mp4'                           
                    INFO     Caching disabled.              cairo_renderer.py:83
                    INFO     Animation 9 : Partial      scene_file_writer.py:601
                             movie file written in                              
                             '/Users/nik/Documents/Cowo                         
                             rk/quantum-mechanics-vol1/                         
                             youtube/double-slit-one-el                         
                             ectron-bb/short/media/vide                         
                             os/double_slit_one_electro                         
                             n_short_bb/1920p60/partial                         
                             _movie_files/BearsDoodlesV                         
                             ideo/uncached_00009.mp4'                           
                    INFO     Caching disabled.              cairo_renderer.py:83
                    INFO     Animation 10 : Partial     scene_file_writer.py:601
                             movie file written in                              
                             '/Users/nik/Documents/Cowo                         
                             rk/quantum-mechanics-vol1/                         
                             youtube/double-slit-one-el                         
                             ectron-bb/short/media/vide                         
                             os/double_slit_one_electro                         
                             n_short_bb/1920p60/partial                         
                             _movie_files/BearsDoodlesV                         
                             ideo/uncached_00010.mp4'                           
                    INFO     Caching disabled.              cairo_renderer.py:83
[07/03/26 17:16:06] INFO     Animation 11 : Partial     scene_file_writer.py:601
                             movie file written in                              
                             '/Users/nik/Documents/Cowo                         
                             rk/quantum-mechanics-vol1/                         
                             youtube/double-slit-one-el                         
                             ectron-bb/short/media/vide                         
                             os/double_slit_one_electro                         
                             n_short_bb/1920p60/partial                         
                             _movie_files/BearsDoodlesV                         
                             ideo/uncached_00011.mp4'                           
                    INFO     Caching disabled.              cairo_renderer.py:83
[07/03/26 17:16:07] INFO     Animation 12 : Partial     scene_file_writer.py:601
                             movie file written in                              
                             '/Users/nik/Documents/Cowo                         
                             rk/quantum-mechanics-vol1/                         
                             youtube/double-slit-one-el                         
                             ectron-bb/short/media/vide                         
                             os/double_slit_one_electro                         
                             n_short_bb/1920p60/partial                         
                             _movie_files/BearsDoodlesV                         
                             ideo/uncached_00012.mp4'                           
                    INFO     Caching disabled.              cairo_renderer.py:83
                    INFO     Animation 13 : Partial     scene_file_writer.py:601
                             movie file written in                              
                             '/Users/nik/Documents/Cowo                         
                             rk/quantum-mechanics-vol1/                         
                             youtube/double-slit-one-el                         
                             ectron-bb/short/media/vide                         
                             os/double_slit_one_electro                         
                             n_short_bb/1920p60/partial                         
                             _movie_files/BearsDoodlesV                         
                             ideo/uncached_00013.mp4'                           
                    INFO     Caching disabled.              cairo_renderer.py:83
[07/03/26 17:16:09] INFO     Animation 14 : Partial     scene_file_writer.py:601
                             movie file written in                              
                             '/Users/nik/Documents/Cowo                         
                             rk/quantum-mechanics-vol1/                         
                             youtube/double-slit-one-el                         
                             ectron-bb/short/media/vide                         
                             os/double_slit_one_electro                         
                             n_short_bb/1920p60/partial                         
                             _movie_files/BearsDoodlesV                         
                             ideo/uncached_00014.mp4'                           
                    INFO     Caching disabled.              cairo_renderer.py:83
[07/03/26 17:16:10] INFO     Animation 15 : Partial     scene_file_writer.py:601
                             movie file written in                              
                             '/Users/nik/Documents/Cowo                         
                             rk/quantum-mechanics-vol1/                         
                             youtube/double-slit-one-el                         
                             ectron-bb/short/media/vide                         
                             os/double_slit_one_electro                         
                             n_short_bb/1920p60/partial                         
                             _movie_files/BearsDoodlesV                         
                             ideo/uncached_00015.mp4'                           
                    INFO     Caching disabled.              cairo_renderer.py:83
[07/03/26 17:16:11] INFO     Animation 16 : Partial     scene_file_writer.py:601
                             movie file written in                              
                             '/Users/nik/Documents/Cowo                         
                             rk/quantum-mechanics-vol1/                         
                             youtube/double-slit-one-el                         
                             ectron-bb/short/media/vide                         
                             os/double_slit_one_electro                         
                             n_short_bb/1920p60/partial                         
                             _movie_files/BearsDoodlesV                         
                             ideo/uncached_00016.mp4'                           
                    INFO     Caching disabled.              cairo_renderer.py:83
[07/03/26 17:16:17] INFO     Animation 17 : Partial     scene_file_writer.py:601
                             movie file written in                              
                             '/Users/nik/Documents/Cowo                         
                             rk/quantum-mechanics-vol1/                         
                             youtube/double-slit-one-el                         
                             ectron-bb/short/media/vide                         
                             os/double_slit_one_electro                         
                             n_short_bb/1920p60/partial                         
                             _movie_files/BearsDoodlesV                         
                             ideo/uncached_00017.mp4'                           
                    INFO     Caching disabled.              cairo_renderer.py:83
[07/03/26 17:16:19] INFO     Animation 18 : Partial     scene_file_writer.py:601
                             movie file written in                              
                             '/Users/nik/Documents/Cowo                         
                             rk/quantum-mechanics-vol1/                         
                             youtube/double-slit-one-el                         
                             ectron-bb/short/media/vide                         
                             os/double_slit_one_electro                         
                             n_short_bb/1920p60/partial                         
                             _movie_files/BearsDoodlesV                         
                             ideo/uncached_00018.mp4'                           
                    INFO     Caching disabled.              cairo_renderer.py:83
[07/03/26 17:16:20] INFO     Animation 19 : Partial     scene_file_writer.py:601
                             movie file written in                              
                             '/Users/nik/Documents/Cowo                         
                             rk/quantum-mechanics-vol1/                         
                             youtube/double-slit-one-el                         
                             ectron-bb/short/media/vide                         
                             os/double_slit_one_electro                         
                             n_short_bb/1920p60/partial                         
                             _movie_files/BearsDoodlesV                         
                             ideo/uncached_00019.mp4'                           
                    INFO     Caching disabled.              cairo_renderer.py:83
[07/03/26 17:16:21] INFO     Animation 20 : Partial     scene_file_writer.py:601
                             movie file written in                              
                             '/Users/nik/Documents/Cowo                         
                             rk/quantum-mechanics-vol1/                         
                             youtube/double-slit-one-el                         
                             ectron-bb/short/media/vide                         
                             os/double_slit_one_electro                         
                             n_short_bb/1920p60/partial                         
                             _movie_files/BearsDoodlesV                         
                             ideo/uncached_00020.mp4'                           
                    INFO     Caching disabled.              cairo_renderer.py:83
[07/03/26 17:16:22] INFO     Animation 21 : Partial     scene_file_writer.py:601
                             movie file written in                              
                             '/Users/nik/Documents/Cowo                         
                             rk/quantum-mechanics-vol1/                         
                             youtube/double-slit-one-el                         
                             ectron-bb/short/media/vide                         
                             os/double_slit_one_electro                         
                             n_short_bb/1920p60/partial                         
                             _movie_files/BearsDoodlesV                         
                             ideo/uncached_00021.mp4'                           
                    INFO     Caching disabled.              cairo_renderer.py:83
[07/03/26 17:16:23] INFO     Animation 22 : Partial     scene_file_writer.py:601
                             movie file written in                              
                             '/Users/nik/Documents/Cowo                         
                             rk/quantum-mechanics-vol1/                         
                             youtube/double-slit-one-el                         
                             ectron-bb/short/media/vide                         
                             os/double_slit_one_electro                         
                             n_short_bb/1920p60/partial                         
                             _movie_files/BearsDoodlesV                         
                             ideo/uncached_00022.mp4'                           
                    INFO     Caching disabled.              cairo_renderer.py:83
[07/03/26 17:16:24] INFO     Animation 23 : Partial     scene_file_writer.py:601
                             movie file written in                              
                             '/Users/nik/Documents/Cowo                         
                             rk/quantum-mechanics-vol1/                         
                             youtube/double-slit-one-el                         
                             ectron-bb/short/media/vide                         
                             os/double_slit_one_electro                         
                             n_short_bb/1920p60/partial                         
                             _movie_files/BearsDoodlesV                         
                             ideo/uncached_00023.mp4'                           
                    INFO     Caching disabled.              cairo_renderer.py:83
[07/03/26 17:16:25] INFO     Animation 24 : Partial     scene_file_writer.py:601
                             movie file written in                              
                             '/Users/nik/Documents/Cowo                         
                             rk/quantum-mechanics-vol1/                         
                             youtube/double-slit-one-el                         
                             ectron-bb/short/media/vide                         
                             os/double_slit_one_electro                         
                             n_short_bb/1920p60/partial                         
                             _movie_files/BearsDoodlesV                         
                             ideo/uncached_00024.mp4'                           
                    INFO     Caching disabled.              cairo_renderer.py:83
[07/03/26 17:16:26] INFO     Animation 25 : Partial     scene_file_writer.py:601
                             movie file written in                              
                             '/Users/nik/Documents/Cowo                         
                             rk/quantum-mechanics-vol1/                         
                             youtube/double-slit-one-el                         
                             ectron-bb/short/media/vide                         
                             os/double_slit_one_electro                         
                             n_short_bb/1920p60/partial                         
                             _movie_files/BearsDoodlesV                         
                             ideo/uncached_00025.mp4'                           
                    INFO     Caching disabled.              cairo_renderer.py:83
[07/03/26 17:16:27] INFO     Animation 26 : Partial     scene_file_writer.py:601
                             movie file written in                              
                             '/Users/nik/Documents/Cowo                         
                             rk/quantum-mechanics-vol1/                         
                             youtube/double-slit-one-el                         
                             ectron-bb/short/media/vide                         
                             os/double_slit_one_electro                         
                             n_short_bb/1920p60/partial                         
                             _movie_files/BearsDoodlesV                         
                             ideo/uncached_00026.mp4'                           
                    INFO     Caching disabled.              cairo_renderer.py:83
[07/03/26 17:16:29] INFO     Animation 27 : Partial     scene_file_writer.py:601
                             movie file written in                              
                             '/Users/nik/Documents/Cowo                         
                             rk/quantum-mechanics-vol1/                         
                             youtube/double-slit-one-el                         
                             ectron-bb/short/media/vide                         
                             os/double_slit_one_electro                         
                             n_short_bb/1920p60/partial                         
                             _movie_files/BearsDoodlesV                         
                             ideo/uncached_00027.mp4'                           
                    INFO     Caching disabled.              cairo_renderer.py:83
[07/03/26 17:16:30] INFO     Animation 28 : Partial     scene_file_writer.py:601
                             movie file written in                              
                             '/Users/nik/Documents/Cowo                         
                             rk/quantum-mechanics-vol1/                         
                             youtube/double-slit-one-el                         
                             ectron-bb/short/media/vide                         
                             os/double_slit_one_electro                         
                             n_short_bb/1920p60/partial                         
                             _movie_files/BearsDoodlesV                         
                             ideo/uncached_00028.mp4'                           
                    INFO     Caching disabled.              cairo_renderer.py:83
[07/03/26 17:16:32] INFO     Animation 29 : Partial     scene_file_writer.py:601
                             movie file written in                              
                             '/Users/nik/Documents/Cowo                         
                             rk/quantum-mechanics-vol1/                         
                             youtube/double-slit-one-el                         
                             ectron-bb/short/media/vide                         
                             os/double_slit_one_electro                         
                             n_short_bb/1920p60/partial                         
                             _movie_files/BearsDoodlesV                         
                             ideo/uncached_00029.mp4'                           
                    INFO     Caching disabled.              cairo_renderer.py:83
[07/03/26 17:16:35] INFO     Animation 30 : Partial     scene_file_writer.py:601
                             movie file written in                              
                             '/Users/nik/Documents/Cowo                         
                             rk/quantum-mechanics-vol1/                         
                             youtube/double-slit-one-el                         
                             ectron-bb/short/media/vide                         
                             os/double_slit_one_electro                         
                             n_short_bb/1920p60/partial                         
                             _movie_files/BearsDoodlesV                         
                             ideo/uncached_00030.mp4'                           
                    INFO     Caching disabled.              cairo_renderer.py:83
[07/03/26 17:16:36] INFO     Animation 31 : Partial     scene_file_writer.py:601
                             movie file written in                              
                             '/Users/nik/Documents/Cowo                         
                             rk/quantum-mechanics-vol1/                         
                             youtube/double-slit-one-el                         
                             ectron-bb/short/media/vide                         
                             os/double_slit_one_electro                         
                             n_short_bb/1920p60/partial                         
                             _movie_files/BearsDoodlesV                         
                             ideo/uncached_00031.mp4'                           
                    INFO     Caching disabled.              cairo_renderer.py:83
[07/03/26 17:16:37] INFO     Animation 32 : Partial     scene_file_writer.py:601
                             movie file written in                              
                             '/Users/nik/Documents/Cowo                         
                             rk/quantum-mechanics-vol1/                         
                             youtube/double-slit-one-el                         
                             ectron-bb/short/media/vide                         
                             os/double_slit_one_electro                         
                             n_short_bb/1920p60/partial                         
                             _movie_files/BearsDoodlesV                         
                             ideo/uncached_00032.mp4'                           
                    INFO     Caching disabled.              cairo_renderer.py:83
[07/03/26 17:16:39] INFO     Animation 33 : Partial     scene_file_writer.py:601
                             movie file written in                              
                             '/Users/nik/Documents/Cowo                         
                             rk/quantum-mechanics-vol1/                         
                             youtube/double-slit-one-el                         
                             ectron-bb/short/media/vide                         
                             os/double_slit_one_electro                         
                             n_short_bb/1920p60/partial                         
                             _movie_files/BearsDoodlesV                         
                             ideo/uncached_00033.mp4'                           
                    INFO     Caching disabled.              cairo_renderer.py:83
[07/03/26 17:16:41] INFO     Animation 34 : Partial     scene_file_writer.py:601
                             movie file written in                              
                             '/Users/nik/Documents/Cowo                         
                             rk/quantum-mechanics-vol1/                         
                             youtube/double-slit-one-el                         
                             ectron-bb/short/media/vide                         
                             os/double_slit_one_electro                         
                             n_short_bb/1920p60/partial                         
                             _movie_files/BearsDoodlesV                         
                             ideo/uncached_00034.mp4'                           
                    INFO     Caching disabled.              cairo_renderer.py:83
[07/03/26 17:16:42] INFO     Animation 35 : Partial     scene_file_writer.py:601
                             movie file written in                              
                             '/Users/nik/Documents/Cowo                         
                             rk/quantum-mechanics-vol1/                         
                             youtube/double-slit-one-el                         
                             ectron-bb/short/media/vide                         
                             os/double_slit_one_electro                         
                             n_short_bb/1920p60/partial                         
                             _movie_files/BearsDoodlesV                         
                             ideo/uncached_00035.mp4'                           
                    INFO     Caching disabled.              cairo_renderer.py:83
[07/03/26 17:16:48] INFO     Animation 36 : Partial     scene_file_writer.py:601
                             movie file written in                              
                             '/Users/nik/Documents/Cowo                         
                             rk/quantum-mechanics-vol1/                         
                             youtube/double-slit-one-el                         
                             ectron-bb/short/media/vide                         
                             os/double_slit_one_electro                         
                             n_short_bb/1920p60/partial                         
                             _movie_files/BearsDoodlesV                         
                             ideo/uncached_00036.mp4'                           
                    INFO     Caching disabled.              cairo_renderer.py:83
[07/03/26 17:16:49] INFO     Animation 37 : Partial     scene_file_writer.py:601
                             movie file written in                              
                             '/Users/nik/Documents/Cowo                         
                             rk/quantum-mechanics-vol1/                         
                             youtube/double-slit-one-el                         
                             ectron-bb/short/media/vide                         
                             os/double_slit_one_electro                         
                             n_short_bb/1920p60/partial                         
                             _movie_files/BearsDoodlesV                         
                             ideo/uncached_00037.mp4'                           
                    INFO     Caching disabled.              cairo_renderer.py:83
[07/03/26 17:16:50] INFO     Animation 38 : Partial     scene_file_writer.py:601
                             movie file written in                              
                             '/Users/nik/Documents/Cowo                         
                             rk/quantum-mechanics-vol1/                         
                             youtube/double-slit-one-el                         
                             ectron-bb/short/media/vide                         
                             os/double_slit_one_electro                         
                             n_short_bb/1920p60/partial                         
                             _movie_files/BearsDoodlesV                         
                             ideo/uncached_00038.mp4'                           
                    INFO     Caching disabled.              cairo_renderer.py:83
[07/03/26 17:16:54] INFO     Animation 39 : Partial     scene_file_writer.py:601
                             movie file written in                              
                             '/Users/nik/Documents/Cowo                         
                             rk/quantum-mechanics-vol1/                         
                             youtube/double-slit-one-el                         
                             ectron-bb/short/media/vide                         
                             os/double_slit_one_electro                         
                             n_short_bb/1920p60/partial                         
                             _movie_files/BearsDoodlesV                         
                             ideo/uncached_00039.mp4'                           
                    INFO     Caching disabled.              cairo_renderer.py:83
[07/03/26 17:16:57] INFO     Animation 40 : Partial     scene_file_writer.py:601
                             movie file written in                              
                             '/Users/nik/Documents/Cowo                         
                             rk/quantum-mechanics-vol1/                         
                             youtube/double-slit-one-el                         
                             ectron-bb/short/media/vide                         
                             os/double_slit_one_electro                         
                             n_short_bb/1920p60/partial                         
                             _movie_files/BearsDoodlesV                         
                             ideo/uncached_00040.mp4'                           
                    INFO     Caching disabled.              cairo_renderer.py:83
[07/03/26 17:16:58] INFO     Animation 41 : Partial     scene_file_writer.py:601
                             movie file written in                              
                             '/Users/nik/Documents/Cowo                         
                             rk/quantum-mechanics-vol1/                         
                             youtube/double-slit-one-el                         
                             ectron-bb/short/media/vide                         
                             os/double_slit_one_electro                         
                             n_short_bb/1920p60/partial                         
                             _movie_files/BearsDoodlesV                         
                             ideo/uncached_00041.mp4'                           
                    INFO     Caching disabled.              cairo_renderer.py:83
[07/03/26 17:16:59] INFO     Animation 42 : Partial     scene_file_writer.py:601
                             movie file written in                              
                             '/Users/nik/Documents/Cowo                         
                             rk/quantum-mechanics-vol1/                         
                             youtube/double-slit-one-el                         
                             ectron-bb/short/media/vide                         
                             os/double_slit_one_electro                         
                             n_short_bb/1920p60/partial                         
                             _movie_files/BearsDoodlesV                         
                             ideo/uncached_00042.mp4'                           
                    INFO     Caching disabled.              cairo_renderer.py:83
[07/03/26 17:17:06] INFO     Animation 43 : Partial     scene_file_writer.py:601
                             movie file written in                              
                             '/Users/nik/Documents/Cowo                         
                             rk/quantum-mechanics-vol1/                         
                             youtube/double-slit-one-el                         
                             ectron-bb/short/media/vide                         
                             os/double_slit_one_electro                         
                             n_short_bb/1920p60/partial                         
                             _movie_files/BearsDoodlesV                         
                             ideo/uncached_00043.mp4'                           
                    INFO     Combining to Movie file.   scene_file_writer.py:753
                    INFO                                scene_file_writer.py:904
                             File ready at                                      
                             '/Users/nik/Documents/Cowo                         
                             rk/quantum-mechanics-vol1/                         
                             youtube/double-slit-one-el                         
                             ectron-bb/short/media/vide                         
                             os/double_slit_one_electro                         
                             n_short_bb/1920p60/BearsDo                         
                             odlesVideo.mp4'                                    
                                                                                
                    INFO     Cache flushed. 45 file(s)  scene_file_writer.py:888
                             deleted in                                         
                             /Users/nik/Documents/Cowor                         
                             k/quantum-mechanics-vol1/y                         
                             outube/double-slit-one-ele                         
                             ctron-bb/short/media/video                         
                             s/double_slit_one_electron                         
                             _short_bb/1920p60/partial_                         
                             movie_files/BearsDoodlesVi                         
                             deo.                                               
                    INFO     Rendered BearsDoodlesVideo             scene.py:278
                             Played 44 animations                               
/Users/nik/Documents/Cowork/quantum-mechanics-vol1/youtube/double-slit-one-electron-bb/short/double_slit_one_electron_short_bb.py:93: DeprecationWarning: This method is not guaranteed to stay around. Please prefer setting the attribute normally or with Mobject.set().
  rule.set_width(min(title.width, rw(rrow) * 0.8)).move_to(center(rrow))

Animation 0: FadeIn(Text("Bear's Notes")):   0%|          | 0/30 [00:00<?, ?it/s]
Animation 0: FadeIn(Text("Bear's Notes")):  17%|█▋        | 5/30 [00:00<00:00, 48.31it/s]
Animation 0: FadeIn(Text("Bear's Notes")):  40%|████      | 12/30 [00:00<00:00, 55.45it/s]
Animation 0: FadeIn(Text("Bear's Notes")):  60%|██████    | 18/30 [00:00<00:00, 53.71it/s]
Animation 0: FadeIn(Text("Bear's Notes")):  80%|████████  | 24/30 [00:00<00:00, 53.01it/s]
Animation 0: FadeIn(Text("Bear's Notes")): 100%|██████████| 30/30 [00:00<00:00, 52.92it/s]
                                                                                          

Animation 1: Write(VGroup of 4 submobjects):   0%|          | 0/84 [00:00<?, ?it/s]
Animation 1: Write(VGroup of 4 submobjects):   7%|▋         | 6/84 [00:00<00:01, 51.99it/s]
Animation 1: Write(VGroup of 4 submobjects):  14%|█▍        | 12/84 [00:00<00:01, 47.63it/s]
Animation 1: Write(VGroup of 4 submobjects):  20%|██        | 17/84 [00:00<00:01, 45.97it/s]
Animation 1: Write(VGroup of 4 submobjects):  26%|██▌       | 22/84 [00:00<00:01, 45.29it/s]
Animation 1: Write(VGroup of 4 submobjects):  32%|███▏      | 27/84 [00:00<00:01, 45.29it/s]
Animation 1: Write(VGroup of 4 submobjects):  38%|███▊      | 32/84 [00:00<00:01, 44.07it/s]
Animation 1: Write(VGroup of 4 submobjects):  44%|████▍     | 37/84 [00:00<00:01, 42.91it/s]
Animation 1: Write(VGroup of 4 submobjects):  50%|█████     | 42/84 [00:00<00:00, 43.04it/s]
Animation 1: Write(VGroup of 4 submobjects):  56%|█████▌    | 47/84 [00:01<00:00, 40.08it/s]
Animation 1: Write(VGroup of 4 submobjects):  62%|██████▏   | 52/84 [00:01<00:00, 39.40it/s]
Animation 1: Write(VGroup of 4 submobjects):  67%|██████▋   | 56/84 [00:01<00:00, 39.08it/s]
Animation 1: Write(VGroup of 4 submobjects):  71%|███████▏  | 60/84 [00:01<00:00, 37.51it/s]
Animation 1: Write(VGroup of 4 submobjects):  76%|███████▌  | 64/84 [00:01<00:00, 36.27it/s]
Animation 1: Write(VGroup of 4 submobjects):  81%|████████  | 68/84 [00:01<00:00, 36.20it/s]
Animation 1: Write(VGroup of 4 submobjects):  86%|████████▌ | 72/84 [00:01<00:00, 35.26it/s]
Animation 1: Write(VGroup of 4 submobjects):  90%|█████████ | 76/84 [00:01<00:00, 35.22it/s]
Animation 1: Write(VGroup of 4 submobjects):  95%|█████████▌| 80/84 [00:02<00:00, 34.54it/s]
Animation 1: Write(VGroup of 4 submobjects): 100%|██████████| 84/84 [00:02<00:00, 34.59it/s]
                                                                                            

Animation 2: Create(Line), etc.:   0%|          | 0/30 [00:00<?, ?it/s]
Animation 2: Create(Line), etc.:  27%|██▋       | 8/30 [00:00<00:00, 78.65it/s]
Animation 2: Create(Line), etc.:  57%|█████▋    | 17/30 [00:00<00:00, 84.79it/s]
Animation 2: Create(Line), etc.:  87%|████████▋ | 26/30 [00:00<00:00, 85.51it/s]
                                                                                

Animation 4: FadeOut(Group):   0%|          | 0/24 [00:00<?, ?it/s]
Animation 4: FadeOut(Group):  17%|█▋        | 4/24 [00:00<00:00, 31.18it/s]
Animation 4: FadeOut(Group):  33%|███▎      | 8/24 [00:00<00:00, 29.58it/s]
Animation 4: FadeOut(Group):  46%|████▌     | 11/24 [00:00<00:00, 29.11it/s]
Animation 4: FadeOut(Group):  62%|██████▎   | 15/24 [00:00<00:00, 30.56it/s]
Animation 4: FadeOut(Group):  79%|███████▉  | 19/24 [00:00<00:00, 30.86it/s]
Animation 4: FadeOut(Group):  96%|█████████▌| 23/24 [00:00<00:00, 30.47it/s]
                                                                            

Animation 5: FadeOut(Mobject):   0%|          | 0/24 [00:00<?, ?it/s]
Animation 5: FadeOut(Mobject):  33%|███▎      | 8/24 [00:00<00:00, 69.44it/s]
Animation 5: FadeOut(Mobject):  67%|██████▋   | 16/24 [00:00<00:00, 74.22it/s]
Animation 5: FadeOut(Mobject): 100%|██████████| 24/24 [00:00<00:00, 74.36it/s]
                                                                              

Animation 7: Create(RoundedRectangle), etc.:   0%|          | 0/120 [00:00<?, ?it/s]
Animation 7: Create(RoundedRectangle), etc.:   7%|▋         | 8/120 [00:00<00:01, 71.68it/s]
Animation 7: Create(RoundedRectangle), etc.:  13%|█▎        | 16/120 [00:00<00:01, 66.95it/s]
Animation 7: Create(RoundedRectangle), etc.:  19%|█▉        | 23/120 [00:00<00:01, 66.00it/s]
Animation 7: Create(RoundedRectangle), etc.:  26%|██▌       | 31/120 [00:00<00:01, 69.12it/s]
Animation 7: Create(RoundedRectangle), etc.:  32%|███▎      | 39/120 [00:00<00:01, 72.47it/s]
Animation 7: Create(RoundedRectangle), etc.:  42%|████▏     | 50/120 [00:00<00:00, 84.57it/s]
Animation 7: Create(RoundedRectangle), etc.:  51%|█████     | 61/120 [00:00<00:00, 89.59it/s]
Animation 7: Create(RoundedRectangle), etc.:  59%|█████▉    | 71/120 [00:00<00:00, 90.99it/s]
Animation 7: Create(RoundedRectangle), etc.:  68%|██████▊   | 81/120 [00:00<00:00, 90.96it/s]
Animation 7: Create(RoundedRectangle), etc.:  77%|███████▋  | 92/120 [00:01<00:00, 94.10it/s]
Animation 7: Create(RoundedRectangle), etc.:  85%|████████▌ | 102/120 [00:01<00:00, 93.12it/s]
Animation 7: Create(RoundedRectangle), etc.:  95%|█████████▌| 114/120 [00:01<00:00, 97.41it/s]
                                                                                              

Animation 8: _MethodAnimation(Dot):   0%|          | 0/36 [00:00<?, ?it/s]
Animation 8: _MethodAnimation(Dot):  31%|███       | 11/36 [00:00<00:00, 104.50it/s]
Animation 8: _MethodAnimation(Dot):  61%|██████    | 22/36 [00:00<00:00, 84.57it/s] 
Animation 8: _MethodAnimation(Dot):  92%|█████████▏| 33/36 [00:00<00:00, 91.75it/s]
                                                                                   

Animation 9: _MethodAnimation(Dot):   0%|          | 0/36 [00:00<?, ?it/s]
Animation 9: _MethodAnimation(Dot):  25%|██▌       | 9/36 [00:00<00:00, 81.00it/s]
Animation 9: _MethodAnimation(Dot):  50%|█████     | 18/36 [00:00<00:00, 80.68it/s]
Animation 9: _MethodAnimation(Dot):  78%|███████▊  | 28/36 [00:00<00:00, 84.60it/s]
                                                                                   

Animation 11: _MethodAnimation(Dot):   0%|          | 0/36 [00:00<?, ?it/s]
Animation 11: _MethodAnimation(Dot):  25%|██▌       | 9/36 [00:00<00:00, 83.80it/s]
Animation 11: _MethodAnimation(Dot):  50%|█████     | 18/36 [00:00<00:00, 70.41it/s]
Animation 11: _MethodAnimation(Dot):  75%|███████▌  | 27/36 [00:00<00:00, 75.71it/s]
                                                                                    

Animation 12: _MethodAnimation(Dot):   0%|          | 0/36 [00:00<?, ?it/s]
Animation 12: _MethodAnimation(Dot):  28%|██▊       | 10/36 [00:00<00:00, 87.46it/s]
Animation 12: _MethodAnimation(Dot):  53%|█████▎    | 19/36 [00:00<00:00, 87.24it/s]
Animation 12: _MethodAnimation(Dot):  81%|████████  | 29/36 [00:00<00:00, 90.70it/s]
                                                                                    

Animation 14: LaggedStart(Group), etc.:   0%|          | 0/120 [00:00<?, ?it/s]
Animation 14: LaggedStart(Group), etc.:   6%|▌         | 7/120 [00:00<00:01, 66.84it/s]
Animation 14: LaggedStart(Group), etc.:  12%|█▏        | 14/120 [00:00<00:01, 54.92it/s]
Animation 14: LaggedStart(Group), etc.:  17%|█▋        | 20/120 [00:00<00:01, 55.55it/s]
Animation 14: LaggedStart(Group), etc.:  22%|██▏       | 26/120 [00:00<00:01, 56.47it/s]
Animation 14: LaggedStart(Group), etc.:  27%|██▋       | 32/120 [00:00<00:01, 57.22it/s]
Animation 14: LaggedStart(Group), etc.:  32%|███▏      | 38/120 [00:00<00:01, 57.10it/s]
Animation 14: LaggedStart(Group), etc.:  38%|███▊      | 45/120 [00:00<00:01, 60.13it/s]
Animation 14: LaggedStart(Group), etc.:  43%|████▎     | 52/120 [00:00<00:01, 58.33it/s]
Animation 14: LaggedStart(Group), etc.:  48%|████▊     | 58/120 [00:01<00:01, 57.77it/s]
Animation 14: LaggedStart(Group), etc.:  53%|█████▎    | 64/120 [00:01<00:00, 58.02it/s]
Animation 14: LaggedStart(Group), etc.:  58%|█████▊    | 70/120 [00:01<00:00, 57.40it/s]
Animation 14: LaggedStart(Group), etc.:  63%|██████▎   | 76/120 [00:01<00:00, 56.95it/s]
Animation 14: LaggedStart(Group), etc.:  69%|██████▉   | 83/120 [00:01<00:00, 58.03it/s]
Animation 14: LaggedStart(Group), etc.:  74%|███████▍  | 89/120 [00:01<00:00, 56.94it/s]
Animation 14: LaggedStart(Group), etc.:  80%|████████  | 96/120 [00:01<00:00, 59.21it/s]
Animation 14: LaggedStart(Group), etc.:  85%|████████▌ | 102/120 [00:01<00:00, 59.35it/s]
Animation 14: LaggedStart(Group), etc.:  90%|█████████ | 108/120 [00:01<00:00, 56.66it/s]
Animation 14: LaggedStart(Group), etc.:  96%|█████████▌| 115/120 [00:01<00:00, 58.26it/s]
                                                                                         

Animation 15: Create(DashedVMobject):   0%|          | 0/72 [00:00<?, ?it/s]
Animation 15: Create(DashedVMobject):  11%|█         | 8/72 [00:00<00:00, 71.72it/s]
Animation 15: Create(DashedVMobject):  22%|██▏       | 16/72 [00:00<00:00, 71.93it/s]
Animation 15: Create(DashedVMobject):  33%|███▎      | 24/72 [00:00<00:00, 70.21it/s]
Animation 15: Create(DashedVMobject):  44%|████▍     | 32/72 [00:00<00:00, 71.04it/s]
Animation 15: Create(DashedVMobject):  56%|█████▌    | 40/72 [00:00<00:00, 73.25it/s]
Animation 15: Create(DashedVMobject):  69%|██████▉   | 50/72 [00:00<00:00, 78.96it/s]
Animation 15: Create(DashedVMobject):  81%|████████  | 58/72 [00:00<00:00, 72.13it/s]
Animation 15: Create(DashedVMobject):  92%|█████████▏| 66/72 [00:00<00:00, 74.14it/s]
                                                                                     

Animation 17: LaggedStart(Group), etc.:   0%|          | 0/120 [00:00<?, ?it/s]
Animation 17: LaggedStart(Group), etc.:   2%|▎         | 3/120 [00:00<00:03, 29.67it/s]
Animation 17: LaggedStart(Group), etc.:   5%|▌         | 6/120 [00:00<00:03, 29.27it/s]
Animation 17: LaggedStart(Group), etc.:   8%|▊         | 9/120 [00:00<00:03, 28.67it/s]
Animation 17: LaggedStart(Group), etc.:  10%|█         | 12/120 [00:00<00:03, 28.15it/s]
Animation 17: LaggedStart(Group), etc.:  12%|█▎        | 15/120 [00:00<00:04, 24.97it/s]
Animation 17: LaggedStart(Group), etc.:  15%|█▌        | 18/120 [00:00<00:04, 25.24it/s]
Animation 17: LaggedStart(Group), etc.:  18%|█▊        | 21/120 [00:00<00:03, 25.38it/s]
Animation 17: LaggedStart(Group), etc.:  20%|██        | 24/120 [00:00<00:03, 25.04it/s]
Animation 17: LaggedStart(Group), etc.:  22%|██▎       | 27/120 [00:01<00:03, 25.05it/s]
Animation 17: LaggedStart(Group), etc.:  25%|██▌       | 30/120 [00:01<00:03, 25.73it/s]
Animation 17: LaggedStart(Group), etc.:  28%|██▊       | 33/120 [00:01<00:03, 25.53it/s]
Animation 17: LaggedStart(Group), etc.:  30%|███       | 36/120 [00:01<00:03, 25.60it/s]
Animation 17: LaggedStart(Group), etc.:  32%|███▎      | 39/120 [00:01<00:03, 25.66it/s]
Animation 17: LaggedStart(Group), etc.:  35%|███▌      | 42/120 [00:01<00:03, 25.37it/s]
Animation 17: LaggedStart(Group), etc.:  38%|███▊      | 45/120 [00:01<00:03, 24.20it/s]
Animation 17: LaggedStart(Group), etc.:  40%|████      | 48/120 [00:01<00:03, 23.92it/s]
Animation 17: LaggedStart(Group), etc.:  42%|████▎     | 51/120 [00:02<00:02, 23.75it/s]
Animation 17: LaggedStart(Group), etc.:  45%|████▌     | 54/120 [00:02<00:02, 23.71it/s]
Animation 17: LaggedStart(Group), etc.:  48%|████▊     | 57/120 [00:02<00:02, 23.78it/s]
Animation 17: LaggedStart(Group), etc.:  50%|█████     | 60/120 [00:02<00:02, 24.24it/s]
Animation 17: LaggedStart(Group), etc.:  52%|█████▎    | 63/120 [00:02<00:02, 22.67it/s]
Animation 17: LaggedStart(Group), etc.:  55%|█████▌    | 66/120 [00:02<00:02, 23.24it/s]
Animation 17: LaggedStart(Group), etc.:  57%|█████▊    | 69/120 [00:02<00:02, 23.27it/s]
Animation 17: LaggedStart(Group), etc.:  60%|██████    | 72/120 [00:02<00:02, 23.58it/s]
Animation 17: LaggedStart(Group), etc.:  62%|██████▎   | 75/120 [00:03<00:01, 23.41it/s]
Animation 17: LaggedStart(Group), etc.:  65%|██████▌   | 78/120 [00:03<00:01, 23.64it/s]
Animation 17: LaggedStart(Group), etc.:  68%|██████▊   | 81/120 [00:03<00:01, 24.10it/s]
Animation 17: LaggedStart(Group), etc.:  70%|███████   | 84/120 [00:03<00:01, 23.98it/s]
Animation 17: LaggedStart(Group), etc.:  72%|███████▎  | 87/120 [00:03<00:01, 24.11it/s]
Animation 17: LaggedStart(Group), etc.:  75%|███████▌  | 90/120 [00:03<00:01, 23.94it/s]
Animation 17: LaggedStart(Group), etc.:  78%|███████▊  | 93/120 [00:03<00:01, 23.88it/s]
Animation 17: LaggedStart(Group), etc.:  80%|████████  | 96/120 [00:03<00:00, 24.54it/s]
Animation 17: LaggedStart(Group), etc.:  82%|████████▎ | 99/120 [00:04<00:00, 24.57it/s]
Animation 17: LaggedStart(Group), etc.:  85%|████████▌ | 102/120 [00:04<00:00, 24.83it/s]
Animation 17: LaggedStart(Group), etc.:  88%|████████▊ | 105/120 [00:04<00:00, 25.43it/s]
Animation 17: LaggedStart(Group), etc.:  90%|█████████ | 108/120 [00:04<00:00, 25.51it/s]
Animation 17: LaggedStart(Group), etc.:  92%|█████████▎| 111/120 [00:04<00:00, 26.12it/s]
Animation 17: LaggedStart(Group), etc.:  95%|█████████▌| 114/120 [00:04<00:00, 26.13it/s]
Animation 17: LaggedStart(Group), etc.:  98%|█████████▊| 117/120 [00:04<00:00, 26.34it/s]
Animation 17: LaggedStart(Group), etc.: 100%|██████████| 120/120 [00:04<00:00, 26.37it/s]
                                                                                         

Animation 19: Create(VGroup of 4 submobjects), etc.:   0%|          | 0/84 [00:00<?, ?it/s]
Animation 19: Create(VGroup of 4 submobjects), etc.:  13%|█▎        | 11/84 [00:00<00:00, 101.36it/s]
Animation 19: Create(VGroup of 4 submobjects), etc.:  26%|██▌       | 22/84 [00:00<00:00, 92.86it/s] 
Animation 19: Create(VGroup of 4 submobjects), etc.:  38%|███▊      | 32/84 [00:00<00:00, 94.36it/s]
Animation 19: Create(VGroup of 4 submobjects), etc.:  50%|█████     | 42/84 [00:00<00:00, 89.98it/s]
Animation 19: Create(VGroup of 4 submobjects), etc.:  64%|██████▍   | 54/84 [00:00<00:00, 99.63it/s]
Animation 19: Create(VGroup of 4 submobjects), etc.:  77%|███████▋  | 65/84 [00:00<00:00, 90.71it/s]
Animation 19: Create(VGroup of 4 submobjects), etc.:  89%|████████▉ | 75/84 [00:00<00:00, 83.81it/s]
Animation 19: Create(VGroup of 4 submobjects), etc.: 100%|██████████| 84/84 [00:00<00:00, 76.93it/s]
                                                                                                    

Animation 20: Create(ParametricFunction):   0%|          | 0/72 [00:00<?, ?it/s]
Animation 20: Create(ParametricFunction):  12%|█▎        | 9/72 [00:00<00:00, 84.47it/s]
Animation 20: Create(ParametricFunction):  25%|██▌       | 18/72 [00:00<00:00, 85.03it/s]
Animation 20: Create(ParametricFunction):  39%|███▉      | 28/72 [00:00<00:00, 87.37it/s]
Animation 20: Create(ParametricFunction):  51%|█████▏    | 37/72 [00:00<00:00, 81.46it/s]
Animation 20: Create(ParametricFunction):  67%|██████▋   | 48/72 [00:00<00:00, 89.16it/s]
Animation 20: Create(ParametricFunction):  79%|███████▉  | 57/72 [00:00<00:00, 77.87it/s]
Animation 20: Create(ParametricFunction):  92%|█████████▏| 66/72 [00:00<00:00, 72.39it/s]
                                                                                         

Animation 22: _MethodAnimation(VGroup of 4 submobjects), etc.:   0%|          | 0/24 [00:00<?, ?it/s]
Animation 22: _MethodAnimation(VGroup of 4 submobjects), etc.:  25%|██▌       | 6/24 [00:00<00:00, 53.39it/s]
Animation 22: _MethodAnimation(VGroup of 4 submobjects), etc.:  50%|█████     | 12/24 [00:00<00:00, 54.05it/s]
Animation 22: _MethodAnimation(VGroup of 4 submobjects), etc.:  75%|███████▌  | 18/24 [00:00<00:00, 54.73it/s]
Animation 22: _MethodAnimation(VGroup of 4 submobjects), etc.: 100%|██████████| 24/24 [00:00<00:00, 54.65it/s]
                                                                                                              

Animation 23: _MethodAnimation(Dot):   0%|          | 0/64 [00:00<?, ?it/s]
Animation 23: _MethodAnimation(Dot):  16%|█▌        | 10/64 [00:00<00:00, 97.89it/s]
Animation 23: _MethodAnimation(Dot):  31%|███▏      | 20/64 [00:00<00:00, 89.51it/s]
Animation 23: _MethodAnimation(Dot):  47%|████▋     | 30/64 [00:00<00:00, 90.95it/s]
Animation 23: _MethodAnimation(Dot):  62%|██████▎   | 40/64 [00:00<00:00, 94.29it/s]
Animation 23: _MethodAnimation(Dot):  86%|████████▌ | 55/64 [00:00<00:00, 110.37it/s]
                                                                                     

Animation 24: _MethodAnimation(Dot):   0%|          | 0/64 [00:00<?, ?it/s]
Animation 24: _MethodAnimation(Dot):  16%|█▌        | 10/64 [00:00<00:00, 94.82it/s]
Animation 24: _MethodAnimation(Dot):  31%|███▏      | 20/64 [00:00<00:00, 77.19it/s]
Animation 24: _MethodAnimation(Dot):  45%|████▌     | 29/64 [00:00<00:00, 80.71it/s]
Animation 24: _MethodAnimation(Dot):  61%|██████    | 39/64 [00:00<00:00, 85.29it/s]
Animation 24: _MethodAnimation(Dot):  86%|████████▌ | 55/64 [00:00<00:00, 107.43it/s]
                                                                                     

Animation 25: _MethodAnimation(DashedVMobject):   0%|          | 0/18 [00:00<?, ?it/s]
Animation 25: _MethodAnimation(DashedVMobject):  17%|█▋        | 3/18 [00:00<00:00, 27.65it/s]
Animation 25: _MethodAnimation(DashedVMobject):  33%|███▎      | 6/18 [00:00<00:00, 26.94it/s]
Animation 25: _MethodAnimation(DashedVMobject):  50%|█████     | 9/18 [00:00<00:00, 25.57it/s]
Animation 25: _MethodAnimation(DashedVMobject):  67%|██████▋   | 12/18 [00:00<00:00, 25.28it/s]
Animation 25: _MethodAnimation(DashedVMobject):  83%|████████▎ | 15/18 [00:00<00:00, 25.51it/s]
Animation 25: _MethodAnimation(DashedVMobject): 100%|██████████| 18/18 [00:00<00:00, 25.49it/s]
                                                                                               

Animation 26: FadeOut(Dot), etc.:   0%|          | 0/24 [00:00<?, ?it/s]
Animation 26: FadeOut(Dot), etc.:  12%|█▎        | 3/24 [00:00<00:00, 28.40it/s]
Animation 26: FadeOut(Dot), etc.:  25%|██▌       | 6/24 [00:00<00:00, 27.34it/s]
Animation 26: FadeOut(Dot), etc.:  38%|███▊      | 9/24 [00:00<00:00, 26.48it/s]
Animation 26: FadeOut(Dot), etc.:  50%|█████     | 12/24 [00:00<00:00, 25.28it/s]
Animation 26: FadeOut(Dot), etc.:  62%|██████▎   | 15/24 [00:00<00:00, 25.92it/s]
Animation 26: FadeOut(Dot), etc.:  75%|███████▌  | 18/24 [00:00<00:00, 24.72it/s]
Animation 26: FadeOut(Dot), etc.:  88%|████████▊ | 21/24 [00:00<00:00, 25.21it/s]
Animation 26: FadeOut(Dot), etc.: 100%|██████████| 24/24 [00:00<00:00, 25.67it/s]
                                                                                 

Animation 27: Write(Text('one at a time')):   0%|          | 0/84 [00:00<?, ?it/s]
Animation 27: Write(Text('one at a time')):  10%|▉         | 8/84 [00:00<00:01, 74.84it/s]
Animation 27: Write(Text('one at a time')):  19%|█▉        | 16/84 [00:00<00:01, 67.38it/s]
Animation 27: Write(Text('one at a time')):  27%|██▋       | 23/84 [00:00<00:00, 65.67it/s]
Animation 27: Write(Text('one at a time')):  36%|███▌      | 30/84 [00:00<00:00, 63.80it/s]
Animation 27: Write(Text('one at a time')):  44%|████▍     | 37/84 [00:00<00:00, 62.93it/s]
Animation 27: Write(Text('one at a time')):  54%|█████▎    | 45/84 [00:00<00:00, 66.18it/s]
Animation 27: Write(Text('one at a time')):  62%|██████▏   | 52/84 [00:00<00:00, 59.91it/s]
Animation 27: Write(Text('one at a time')):  70%|███████   | 59/84 [00:00<00:00, 59.83it/s]
Animation 27: Write(Text('one at a time')):  79%|███████▊  | 66/84 [00:01<00:00, 60.12it/s]
Animation 27: Write(Text('one at a time')):  87%|████████▋ | 73/84 [00:01<00:00, 61.19it/s]
Animation 27: Write(Text('one at a time')):  95%|█████████▌| 80/84 [00:01<00:00, 62.18it/s]
                                                                                           

Animation 28: Indicate(RoundedRectangle):   0%|          | 0/36 [00:00<?, ?it/s]
Animation 28: Indicate(RoundedRectangle):   8%|▊         | 3/36 [00:00<00:01, 20.12it/s]
Animation 28: Indicate(RoundedRectangle):  17%|█▋        | 6/36 [00:00<00:01, 19.90it/s]
Animation 28: Indicate(RoundedRectangle):  22%|██▏       | 8/36 [00:00<00:01, 19.89it/s]
Animation 28: Indicate(RoundedRectangle):  28%|██▊       | 10/36 [00:00<00:01, 19.72it/s]
Animation 28: Indicate(RoundedRectangle):  36%|███▌      | 13/36 [00:00<00:01, 20.60it/s]
Animation 28: Indicate(RoundedRectangle):  44%|████▍     | 16/36 [00:00<00:00, 20.88it/s]
Animation 28: Indicate(RoundedRectangle):  53%|█████▎    | 19/36 [00:00<00:00, 21.30it/s]
Animation 28: Indicate(RoundedRectangle):  61%|██████    | 22/36 [00:01<00:00, 20.93it/s]
Animation 28: Indicate(RoundedRectangle):  69%|██████▉   | 25/36 [00:01<00:00, 21.37it/s]
Animation 28: Indicate(RoundedRectangle):  78%|███████▊  | 28/36 [00:01<00:00, 21.12it/s]
Animation 28: Indicate(RoundedRectangle):  86%|████████▌ | 31/36 [00:01<00:00, 21.55it/s]
Animation 28: Indicate(RoundedRectangle):  94%|█████████▍| 34/36 [00:01<00:00, 21.89it/s]
                                                                                         

Animation 30: _MethodAnimation(VGroup of 4 submobjects), etc.:   0%|          | 0/120 [00:00<?, ?it/s]
Animation 30: _MethodAnimation(VGroup of 4 submobjects), etc.:   4%|▍         | 5/120 [00:00<00:02, 42.08it/s]
Animation 30: _MethodAnimation(VGroup of 4 submobjects), etc.:   8%|▊         | 10/120 [00:00<00:02, 41.03it/s]
Animation 30: _MethodAnimation(VGroup of 4 submobjects), etc.:  12%|█▎        | 15/120 [00:00<00:02, 41.36it/s]
Animation 30: _MethodAnimation(VGroup of 4 submobjects), etc.:  17%|█▋        | 20/120 [00:00<00:02, 42.84it/s]
Animation 30: _MethodAnimation(VGroup of 4 submobjects), etc.:  21%|██        | 25/120 [00:00<00:02, 43.27it/s]
Animation 30: _MethodAnimation(VGroup of 4 submobjects), etc.:  25%|██▌       | 30/120 [00:00<00:02, 43.98it/s]
Animation 30: _MethodAnimation(VGroup of 4 submobjects), etc.:  29%|██▉       | 35/120 [00:00<00:02, 37.43it/s]
Animation 30: _MethodAnimation(VGroup of 4 submobjects), etc.:  33%|███▎      | 40/120 [00:00<00:02, 39.22it/s]
Animation 30: _MethodAnimation(VGroup of 4 submobjects), etc.:  38%|███▊      | 45/120 [00:01<00:01, 40.85it/s]
Animation 30: _MethodAnimation(VGroup of 4 submobjects), etc.:  42%|████▏     | 50/120 [00:01<00:01, 41.00it/s]
Animation 30: _MethodAnimation(VGroup of 4 submobjects), etc.:  46%|████▌     | 55/120 [00:01<00:01, 42.41it/s]
Animation 30: _MethodAnimation(VGroup of 4 submobjects), etc.:  50%|█████     | 60/120 [00:01<00:01, 43.38it/s]
Animation 30: _MethodAnimation(VGroup of 4 submobjects), etc.:  54%|█████▍    | 65/120 [00:01<00:01, 43.76it/s]
Animation 30: _MethodAnimation(VGroup of 4 submobjects), etc.:  58%|█████▊    | 70/120 [00:01<00:01, 43.60it/s]
Animation 30: _MethodAnimation(VGroup of 4 submobjects), etc.:  62%|██████▎   | 75/120 [00:01<00:01, 43.66it/s]
Animation 30: _MethodAnimation(VGroup of 4 submobjects), etc.:  67%|██████▋   | 80/120 [00:01<00:00, 44.22it/s]
Animation 30: _MethodAnimation(VGroup of 4 submobjects), etc.:  71%|███████   | 85/120 [00:01<00:00, 44.36it/s]
Animation 30: _MethodAnimation(VGroup of 4 submobjects), etc.:  75%|███████▌  | 90/120 [00:02<00:00, 44.07it/s]
Animation 30: _MethodAnimation(VGroup of 4 submobjects), etc.:  79%|███████▉  | 95/120 [00:02<00:00, 44.01it/s]
Animation 30: _MethodAnimation(VGroup of 4 submobjects), etc.:  83%|████████▎ | 100/120 [00:02<00:00, 42.94it/s]
Animation 30: _MethodAnimation(VGroup of 4 submobjects), etc.:  88%|████████▊ | 105/120 [00:02<00:00, 43.91it/s]
Animation 30: _MethodAnimation(VGroup of 4 submobjects), etc.:  92%|█████████▏| 110/120 [00:02<00:00, 43.66it/s]
Animation 30: _MethodAnimation(VGroup of 4 submobjects), etc.:  96%|█████████▌| 115/120 [00:02<00:00, 44.25it/s]
Animation 30: _MethodAnimation(VGroup of 4 submobjects), etc.: 100%|██████████| 120/120 [00:02<00:00, 43.14it/s]
                                                                                                                

Animation 32: _MethodAnimation(VGroup of 4 submobjects), etc.:   0%|          | 0/30 [00:00<?, ?it/s]
Animation 32: _MethodAnimation(VGroup of 4 submobjects), etc.:  17%|█▋        | 5/30 [00:00<00:00, 41.15it/s]
Animation 32: _MethodAnimation(VGroup of 4 submobjects), etc.:  33%|███▎      | 10/30 [00:00<00:00, 39.81it/s]
Animation 32: _MethodAnimation(VGroup of 4 submobjects), etc.:  50%|█████     | 15/30 [00:00<00:00, 39.80it/s]
Animation 32: _MethodAnimation(VGroup of 4 submobjects), etc.:  67%|██████▋   | 20/30 [00:00<00:00, 41.12it/s]
Animation 32: _MethodAnimation(VGroup of 4 submobjects), etc.:  83%|████████▎ | 25/30 [00:00<00:00, 41.69it/s]
Animation 32: _MethodAnimation(VGroup of 4 submobjects), etc.: 100%|██████████| 30/30 [00:00<00:00, 41.32it/s]
                                                                                                              

Animation 33: Write(MathTex('|\\psi|^2')):   0%|          | 0/120 [00:00<?, ?it/s]
Animation 33: Write(MathTex('|\\psi|^2')):   6%|▌         | 7/120 [00:00<00:01, 69.20it/s]
Animation 33: Write(MathTex('|\\psi|^2')):  12%|█▎        | 15/120 [00:00<00:01, 75.07it/s]
Animation 33: Write(MathTex('|\\psi|^2')):  20%|██        | 24/120 [00:00<00:01, 79.10it/s]
Animation 33: Write(MathTex('|\\psi|^2')):  28%|██▊       | 34/120 [00:00<00:01, 85.06it/s]
Animation 33: Write(MathTex('|\\psi|^2')):  38%|███▊      | 45/120 [00:00<00:00, 92.80it/s]
Animation 33: Write(MathTex('|\\psi|^2')):  46%|████▌     | 55/120 [00:00<00:00, 94.91it/s]
Animation 33: Write(MathTex('|\\psi|^2')):  54%|█████▍    | 65/120 [00:00<00:00, 86.15it/s]
Animation 33: Write(MathTex('|\\psi|^2')):  62%|██████▏   | 74/120 [00:00<00:00, 79.66it/s]
Animation 33: Write(MathTex('|\\psi|^2')):  69%|██████▉   | 83/120 [00:01<00:00, 78.33it/s]
Animation 33: Write(MathTex('|\\psi|^2')):  76%|███████▌  | 91/120 [00:01<00:00, 74.82it/s]
Animation 33: Write(MathTex('|\\psi|^2')):  82%|████████▎ | 99/120 [00:01<00:00, 73.33it/s]
Animation 33: Write(MathTex('|\\psi|^2')):  90%|█████████ | 108/120 [00:01<00:00, 76.02it/s]
Animation 33: Write(MathTex('|\\psi|^2')):  98%|█████████▊| 117/120 [00:01<00:00, 78.35it/s]
                                                                                            

Animation 35: FadeIn(VGroup of 2 submobjects):   0%|          | 0/48 [00:00<?, ?it/s]
Animation 35: FadeIn(VGroup of 2 submobjects):  17%|█▋        | 8/48 [00:00<00:00, 75.59it/s]
Animation 35: FadeIn(VGroup of 2 submobjects):  35%|███▌      | 17/48 [00:00<00:00, 79.34it/s]
Animation 35: FadeIn(VGroup of 2 submobjects):  52%|█████▏    | 25/48 [00:00<00:00, 79.55it/s]
Animation 35: FadeIn(VGroup of 2 submobjects):  73%|███████▎  | 35/48 [00:00<00:00, 86.07it/s]
Animation 35: FadeIn(VGroup of 2 submobjects):  98%|█████████▊| 47/48 [00:00<00:00, 97.41it/s]
                                                                                              

Animation 36: ReplacementTransform(ParametricFunction), etc.:   0%|          | 0/96 [00:00<?, ?it/s]
Animation 36: ReplacementTransform(ParametricFunction), etc.:   2%|▏         | 2/96 [00:00<00:05, 16.80it/s]
Animation 36: ReplacementTransform(ParametricFunction), etc.:   4%|▍         | 4/96 [00:00<00:05, 15.42it/s]
Animation 36: ReplacementTransform(ParametricFunction), etc.:   6%|▋         | 6/96 [00:00<00:06, 13.80it/s]
Animation 36: ReplacementTransform(ParametricFunction), etc.:   8%|▊         | 8/96 [00:00<00:06, 13.73it/s]
Animation 36: ReplacementTransform(ParametricFunction), etc.:  10%|█         | 10/96 [00:00<00:06, 14.00it/s]
Animation 36: ReplacementTransform(ParametricFunction), etc.:  12%|█▎        | 12/96 [00:00<00:06, 13.92it/s]
Animation 36: ReplacementTransform(ParametricFunction), etc.:  15%|█▍        | 14/96 [00:00<00:05, 14.32it/s]
Animation 36: ReplacementTransform(ParametricFunction), etc.:  17%|█▋        | 16/96 [00:01<00:05, 13.80it/s]
Animation 36: ReplacementTransform(ParametricFunction), etc.:  19%|█▉        | 18/96 [00:01<00:06, 12.77it/s]
Animation 36: ReplacementTransform(ParametricFunction), etc.:  21%|██        | 20/96 [00:01<00:06, 12.63it/s]
Animation 36: ReplacementTransform(ParametricFunction), etc.:  23%|██▎       | 22/96 [00:01<00:05, 13.79it/s]
Animation 36: ReplacementTransform(ParametricFunction), etc.:  25%|██▌       | 24/96 [00:01<00:04, 14.87it/s]
Animation 36: ReplacementTransform(ParametricFunction), etc.:  28%|██▊       | 27/96 [00:01<00:04, 16.75it/s]
Animation 36: ReplacementTransform(ParametricFunction), etc.:  30%|███       | 29/96 [00:01<00:03, 17.38it/s]
Animation 36: ReplacementTransform(ParametricFunction), etc.:  32%|███▏      | 31/96 [00:02<00:03, 17.75it/s]
Animation 36: ReplacementTransform(ParametricFunction), etc.:  34%|███▍      | 33/96 [00:02<00:03, 17.94it/s]
Animation 36: ReplacementTransform(ParametricFunction), etc.:  36%|███▋      | 35/96 [00:02<00:03, 17.95it/s]
Animation 36: ReplacementTransform(ParametricFunction), etc.:  39%|███▊      | 37/96 [00:02<00:03, 18.32it/s]
Animation 36: ReplacementTransform(ParametricFunction), etc.:  41%|████      | 39/96 [00:02<00:03, 18.50it/s]
Animation 36: ReplacementTransform(ParametricFunction), etc.:  43%|████▎     | 41/96 [00:02<00:03, 15.08it/s]
Animation 36: ReplacementTransform(ParametricFunction), etc.:  45%|████▍     | 43/96 [00:02<00:03, 15.67it/s]
Animation 36: ReplacementTransform(ParametricFunction), etc.:  47%|████▋     | 45/96 [00:02<00:03, 16.69it/s]
Animation 36: ReplacementTransform(ParametricFunction), etc.:  49%|████▉     | 47/96 [00:03<00:02, 16.61it/s]
Animation 36: ReplacementTransform(ParametricFunction), etc.:  51%|█████     | 49/96 [00:03<00:02, 16.63it/s]
Animation 36: ReplacementTransform(ParametricFunction), etc.:  54%|█████▍    | 52/96 [00:03<00:02, 17.80it/s]
Animation 36: ReplacementTransform(ParametricFunction), etc.:  56%|█████▋    | 54/96 [00:03<00:02, 18.21it/s]
Animation 36: ReplacementTransform(ParametricFunction), etc.:  59%|█████▉    | 57/96 [00:03<00:02, 18.90it/s]
Animation 36: ReplacementTransform(ParametricFunction), etc.:  62%|██████▎   | 60/96 [00:03<00:01, 19.26it/s]
Animation 36: ReplacementTransform(ParametricFunction), etc.:  65%|██████▍   | 62/96 [00:03<00:01, 19.43it/s]
Animation 36: ReplacementTransform(ParametricFunction), etc.:  68%|██████▊   | 65/96 [00:03<00:01, 19.52it/s]
Animation 36: ReplacementTransform(ParametricFunction), etc.:  70%|██████▉   | 67/96 [00:04<00:01, 19.53it/s]
Animation 36: ReplacementTransform(ParametricFunction), etc.:  72%|███████▏  | 69/96 [00:04<00:01, 18.94it/s]
Animation 36: ReplacementTransform(ParametricFunction), etc.:  74%|███████▍  | 71/96 [00:04<00:01, 18.12it/s]
Animation 36: ReplacementTransform(ParametricFunction), etc.:  76%|███████▌  | 73/96 [00:04<00:01, 17.43it/s]
Animation 36: ReplacementTransform(ParametricFunction), etc.:  78%|███████▊  | 75/96 [00:04<00:01, 17.22it/s]
Animation 36: ReplacementTransform(ParametricFunction), etc.:  80%|████████  | 77/96 [00:04<00:01, 17.48it/s]
Animation 36: ReplacementTransform(ParametricFunction), etc.:  82%|████████▏ | 79/96 [00:04<00:00, 17.87it/s]
Animation 36: ReplacementTransform(ParametricFunction), etc.:  84%|████████▍ | 81/96 [00:04<00:00, 17.80it/s]
Animation 36: ReplacementTransform(ParametricFunction), etc.:  88%|████████▊ | 84/96 [00:05<00:00, 18.54it/s]
Animation 36: ReplacementTransform(ParametricFunction), etc.:  90%|████████▉ | 86/96 [00:05<00:00, 18.32it/s]
Animation 36: ReplacementTransform(ParametricFunction), etc.:  93%|█████████▎| 89/96 [00:05<00:00, 18.97it/s]
Animation 36: ReplacementTransform(ParametricFunction), etc.:  96%|█████████▌| 92/96 [00:05<00:00, 19.49it/s]
Animation 36: ReplacementTransform(ParametricFunction), etc.:  98%|█████████▊| 94/96 [00:05<00:00, 19.57it/s]
Animation 36: ReplacementTransform(ParametricFunction), etc.: 100%|██████████| 96/96 [00:05<00:00, 19.50it/s]
                                                                                                             

Animation 38: FadeOut(MathTex('|\\psi|^2')):   0%|          | 0/18 [00:00<?, ?it/s]
Animation 38: FadeOut(MathTex('|\\psi|^2')):  17%|█▋        | 3/18 [00:00<00:00, 26.53it/s]
Animation 38: FadeOut(MathTex('|\\psi|^2')):  33%|███▎      | 6/18 [00:00<00:00, 24.72it/s]
Animation 38: FadeOut(MathTex('|\\psi|^2')):  50%|█████     | 9/18 [00:00<00:00, 24.18it/s]
Animation 38: FadeOut(MathTex('|\\psi|^2')):  67%|██████▋   | 12/18 [00:00<00:00, 24.32it/s]
Animation 38: FadeOut(MathTex('|\\psi|^2')):  83%|████████▎ | 15/18 [00:00<00:00, 24.99it/s]
                                                                                            

Animation 39: Write(VGroup of 3 submobjects):   0%|          | 0/138 [00:00<?, ?it/s]
Animation 39: Write(VGroup of 3 submobjects):   4%|▍         | 6/138 [00:00<00:02, 59.96it/s]
Animation 39: Write(VGroup of 3 submobjects):   9%|▊         | 12/138 [00:00<00:02, 53.98it/s]
Animation 39: Write(VGroup of 3 submobjects):  13%|█▎        | 18/138 [00:00<00:02, 47.53it/s]
Animation 39: Write(VGroup of 3 submobjects):  17%|█▋        | 24/138 [00:00<00:02, 48.90it/s]
Animation 39: Write(VGroup of 3 submobjects):  21%|██        | 29/138 [00:00<00:02, 47.50it/s]
Animation 39: Write(VGroup of 3 submobjects):  25%|██▍       | 34/138 [00:00<00:02, 45.98it/s]
Animation 39: Write(VGroup of 3 submobjects):  28%|██▊       | 39/138 [00:00<00:02, 45.91it/s]
Animation 39: Write(VGroup of 3 submobjects):  32%|███▏      | 44/138 [00:00<00:02, 44.38it/s]
Animation 39: Write(VGroup of 3 submobjects):  36%|███▌      | 49/138 [00:01<00:02, 41.66it/s]
Animation 39: Write(VGroup of 3 submobjects):  39%|███▉      | 54/138 [00:01<00:02, 40.51it/s]
Animation 39: Write(VGroup of 3 submobjects):  43%|████▎     | 59/138 [00:01<00:01, 39.88it/s]
Animation 39: Write(VGroup of 3 submobjects):  46%|████▋     | 64/138 [00:01<00:01, 39.50it/s]
Animation 39: Write(VGroup of 3 submobjects):  50%|█████     | 69/138 [00:01<00:01, 40.15it/s]
Animation 39: Write(VGroup of 3 submobjects):  54%|█████▎    | 74/138 [00:01<00:01, 40.01it/s]
Animation 39: Write(VGroup of 3 submobjects):  57%|█████▋    | 79/138 [00:01<00:01, 39.44it/s]
Animation 39: Write(VGroup of 3 submobjects):  60%|██████    | 83/138 [00:01<00:01, 38.98it/s]
Animation 39: Write(VGroup of 3 submobjects):  63%|██████▎   | 87/138 [00:02<00:01, 38.24it/s]
Animation 39: Write(VGroup of 3 submobjects):  66%|██████▌   | 91/138 [00:02<00:01, 37.61it/s]
Animation 39: Write(VGroup of 3 submobjects):  69%|██████▉   | 95/138 [00:02<00:01, 37.08it/s]
Animation 39: Write(VGroup of 3 submobjects):  72%|███████▏  | 99/138 [00:02<00:01, 36.73it/s]
Animation 39: Write(VGroup of 3 submobjects):  75%|███████▌  | 104/138 [00:02<00:00, 38.47it/s]
Animation 39: Write(VGroup of 3 submobjects):  78%|███████▊  | 108/138 [00:02<00:00, 38.58it/s]
Animation 39: Write(VGroup of 3 submobjects):  81%|████████  | 112/138 [00:02<00:00, 36.67it/s]
Animation 39: Write(VGroup of 3 submobjects):  84%|████████▍ | 116/138 [00:02<00:00, 36.15it/s]
Animation 39: Write(VGroup of 3 submobjects):  87%|████████▋ | 120/138 [00:02<00:00, 36.00it/s]
Animation 39: Write(VGroup of 3 submobjects):  90%|████████▉ | 124/138 [00:03<00:00, 35.97it/s]
Animation 39: Write(VGroup of 3 submobjects):  93%|█████████▎| 129/138 [00:03<00:00, 37.55it/s]
Animation 39: Write(VGroup of 3 submobjects):  96%|█████████▋| 133/138 [00:03<00:00, 37.77it/s]
Animation 39: Write(VGroup of 3 submobjects):  99%|█████████▉| 137/138 [00:03<00:00, 37.70it/s]
                                                                                               

Animation 41: FadeOut(VGroup of 3 submobjects):   0%|          | 0/18 [00:00<?, ?it/s]
Animation 41: FadeOut(VGroup of 3 submobjects):  22%|██▏       | 4/18 [00:00<00:00, 39.88it/s]
Animation 41: FadeOut(VGroup of 3 submobjects):  44%|████▍     | 8/18 [00:00<00:00, 35.43it/s]
Animation 41: FadeOut(VGroup of 3 submobjects):  67%|██████▋   | 12/18 [00:00<00:00, 35.63it/s]
Animation 41: FadeOut(VGroup of 3 submobjects):  89%|████████▉ | 16/18 [00:00<00:00, 35.25it/s]
                                                                                               

Animation 42: FadeIn(VGroup of 2 submobjects):   0%|          | 0/30 [00:00<?, ?it/s]
Animation 42: FadeIn(VGroup of 2 submobjects):  17%|█▋        | 5/30 [00:00<00:00, 29.98it/s]
Animation 42: FadeIn(VGroup of 2 submobjects):  30%|███       | 9/30 [00:00<00:00, 31.07it/s]
Animation 42: FadeIn(VGroup of 2 submobjects):  43%|████▎     | 13/30 [00:00<00:00, 30.52it/s]
Animation 42: FadeIn(VGroup of 2 submobjects):  57%|█████▋    | 17/30 [00:00<00:00, 32.94it/s]
Animation 42: FadeIn(VGroup of 2 submobjects):  73%|███████▎  | 22/30 [00:00<00:00, 36.45it/s]
Animation 42: FadeIn(VGroup of 2 submobjects):  90%|█████████ | 27/30 [00:00<00:00, 38.15it/s]
                                                                                              


===== STEP: SHORT: assemble 9:16 → double-slit-one-electron-short-bb-short.mp4
$ /Users/nik/ai/bin/python3 /Users/nik/Documents/Cowork/quantum-mechanics-vol1/youtube/scripts/assemble.py /Users/nik/Documents/Cowork/quantum-mechanics-vol1/youtube/double-slit-one-electron-bb/short --mode manim --portrait
cwd: /Users/nik/Documents/Cowork/unreal-reels
exit: 0
[ffmpeg] ffmpeg -y -f concat -safe 0 -i /Users/nik/Documents/Cowork/quantum-mechanics-vol1/youtube/double-slit-one-electron-bb/short/mp3/_concat.txt -c:a aac -b:a 192k /Users/nik/Documents/Cowork/quantum-mechanics-vol1/youtube/double-slit-one-electron-bb/short/mp4/_voiceover.m4a
[ffmpeg] ffmpeg -y -i /Users/nik/Documents/Cowork/quantum-mechanics-vol1/youtube/double-slit-one-electron-bb/short/media/videos/double_slit_one_electron_short_bb/1920p60/BearsDoodlesVideo.mp4 -i /Users/nik/Documents/Cowork/quantum-mechanics-vol1/youtube/double-slit-one-electron-bb/short/mp4/_voiceover.m4a -filter_complex [0:v]tpad=stop_mode=clone:stop_duration=1.0[v] -map [v] -map 1:a:0 -c:v libx264 -pix_fmt yuv420p -crf 18 -preset medium -c:a aac -b:a 192k /Users/nik/Documents/Cowork/quantum-mechanics-vol1/youtube/double-slit-one-electron-bb/short/mp4/double-slit-one-electron-short-bb-short.mp4
[ok] final → /Users/nik/Documents/Cowork/quantum-mechanics-vol1/youtube/double-slit-one-electron-bb/short/mp4/double-slit-one-electron-short-bb-short.mp4
ffmpeg version 7.0 Copyright (c) 2000-2024 the FFmpeg developers
  built with Apple clang version 15.0.0 (clang-1500.1.0.2.5)
  configuration: --prefix=/usr/local/Cellar/ffmpeg/7.0 --enable-shared --enable-pthreads --enable-version3 --cc=clang --host-cflags= --host-ldflags='-Wl,-ld_classic' --enable-ffplay --enable-gnutls --enable-gpl --enable-libaom --enable-libaribb24 --enable-libbluray --enable-libdav1d --enable-libharfbuzz --enable-libjxl --enable-libmp3lame --enable-libopus --enable-librav1e --enable-librist --enable-librubberband --enable-libsnappy --enable-libsrt --enable-libssh --enable-libsvtav1 --enable-libtesseract --enable-libtheora --enable-libvidstab --enable-libvmaf --enable-libvorbis --enable-libvpx --enable-libwebp --enable-libx264 --enable-libx265 --enable-libxml2 --enable-libxvid --enable-lzma --enable-libfontconfig --enable-libfreetype --enable-frei0r --enable-libass --enable-libopencore-amrnb --enable-libopencore-amrwb --enable-libopenjpeg --enable-libopenvino --enable-libspeex --enable-libsoxr --enable-libzmq --enable-libzimg --disable-libjack --disable-indev=jack --enable-videotoolbox --enable-audiotoolbox
  libavutil      59.  8.100 / 59.  8.100
  libavcodec     61.  3.100 / 61.  3.100
  libavformat    61.  1.100 / 61.  1.100
  libavdevice    61.  1.100 / 61.  1.100
  libavfilter    10.  1.100 / 10.  1.100
  libswscale      8.  1.100 /  8.  1.100
  libswresample   5.  1.100 /  5.  1.100
  libpostproc    58.  1.100 / 58.  1.100
Input #0, concat, from '/Users/nik/Documents/Cowork/quantum-mechanics-vol1/youtube/double-slit-one-electron-bb/short/mp3/_concat.txt':
  Duration: N/A, start: -0.025057, bitrate: 128 kb/s
  Stream #0:0: Audio: mp3 (mp3float), 44100 Hz, mono, fltp, 128 kb/s
Stream mapping:
  Stream #0:0 -> #0:0 (mp3 (mp3float) -> aac (native))
Press [q] to stop, [?] for help
Output #0, ipod, to '/Users/nik/Documents/Cowork/quantum-mechanics-vol1/youtube/double-slit-one-electron-bb/short/mp4/_voiceover.m4a':
  Metadata:
    encoder         : Lavf61.1.100
  Stream #0:0: Audio: aac (LC) (mp4a / 0x6134706D), 44100 Hz, mono, fltp, 192 kb/s
      Metadata:
        encoder         : Lavc61.3.100 aac
size=     256KiB time=00:00:21.25 bitrate=  98.7kbits/s speed=42.2x    
size=     768KiB time=00:00:42.01 bitrate= 149.7kbits/s speed=41.7x    
[out#0/ipod @ 0x7ff6f2911f00] video:0KiB audio:1473KiB subtitle:0KiB other streams:0KiB global headers:0KiB muxing overhead: 0.767761%
size=    1484KiB time=00:01:01.87 bitrate= 196.5kbits/s speed=41.3x    
[aac @ 0x7ff6f2912a00] Qavg: 53686.145
ffmpeg version 7.0 Copyright (c) 2000-2024 the FFmpeg developers
  built with Apple clang version 15.0.0 (clang-1500.1.0.2.5)
  configuration: --prefix=/usr/local/Cellar/ffmpeg/7.0 --enable-shared --enable-pthreads --enable-version3 --cc=clang --host-cflags= --host-ldflags='-Wl,-ld_classic' --enable-ffplay --enable-gnutls --enable-gpl --enable-libaom --enable-libaribb24 --enable-libbluray --enable-libdav1d --enable-libharfbuzz --enable-libjxl --enable-libmp3lame --enable-libopus --enable-librav1e --enable-librist --enable-librubberband --enable-libsnappy --enable-libsrt --enable-libssh --enable-libsvtav1 --enable-libtesseract --enable-libtheora --enable-libvidstab --enable-libvmaf --enable-libvorbis --enable-libvpx --enable-libwebp --enable-libx264 --enable-libx265 --enable-libxml2 --enable-libxvid --enable-lzma --enable-libfontconfig --enable-libfreetype --enable-frei0r --enable-libass --enable-libopencore-amrnb --enable-libopencore-amrwb --enable-libopenjpeg --enable-libopenvino --enable-libspeex --enable-libsoxr --enable-libzmq --enable-libzimg --disable-libjack --disable-indev=jack --enable-videotoolbox --enable-audiotoolbox
  libavutil      59.  8.100 / 59.  8.100
  libavcodec     61.  3.100 / 61.  3.100
  libavformat    61.  1.100 / 61.  1.100
  libavdevice    61.  1.100 / 61.  1.100
  libavfilter    10.  1.100 / 10.  1.100
  libswscale      8.  1.100 /  8.  1.100
  libswresample   5.  1.100 /  5.  1.100
  libpostproc    58.  1.100 / 58.  1.100
Input #0, mov,mp4,m4a,3gp,3g2,mj2, from '/Users/nik/Documents/Cowork/quantum-mechanics-vol1/youtube/double-slit-one-electron-bb/short/media/videos/double_slit_one_electron_short_bb/1920p60/BearsDoodlesVideo.mp4':
  Metadata:
    major_brand     : isom
    minor_version   : 512
    compatible_brands: isomiso2avc1mp41
    encoder         : Lavf62.12.101
    comment         : Rendered with Manim Community v0.20.1
  Duration: 00:00:59.80, start: 0.000000, bitrate: 325 kb/s
  Stream #0:0[0x1](und): Video: h264 (High) (avc1 / 0x31637661), yuv420p(progressive), 1080x1920, 319 kb/s, 60 fps, 60 tbr, 15360 tbn (default)
      Metadata:
        handler_name    : VideoHandler
        vendor_id       : [0][0][0][0]
Input #1, mov,mp4,m4a,3gp,3g2,mj2, from '/Users/nik/Documents/Cowork/quantum-mechanics-vol1/youtube/double-slit-one-electron-bb/short/mp4/_voiceover.m4a':
  Metadata:
    major_brand     : M4A 
    minor_version   : 512
    compatible_brands: M4A isomiso2
    encoder         : Lavf61.1.100
  Duration: 00:01:01.88, start: 0.000998, bitrate: 196 kb/s
  Stream #1:0[0x1](und): Audio: aac (LC) (mp4a / 0x6134706D), 44100 Hz, mono, fltp, 195 kb/s (default)
      Metadata:
        handler_name    : SoundHandler
        vendor_id       : [0][0][0][0]
Stream mapping:
  Stream #0:0 (h264) -> tpad:default (graph 0)
  tpad:default (graph 0) -> Stream #0:0 (libx264)
  Stream #1:0 -> #0:1 (aac (native) -> aac (native))
Press [q] to stop, [?] for help
[libx264 @ 0x7fc0e4809500] using cpu capabilities: MMX2 SSE2Fast SSSE3 SSE4.2 AVX FMA3 BMI2 AVX2
[libx264 @ 0x7fc0e4809500] profile High, level 4.2, 4:2:0, 8-bit
[libx264 @ 0x7fc0e4809500] 264 - core 164 r3108 31e19f9 - H.264/MPEG-4 AVC codec - Copyleft 2003-2023 - http://www.videolan.org/x264.html - options: cabac=1 ref=3 deblock=1:0:0 analyse=0x3:0x113 me=hex subme=7 psy=1 psy_rd=1.00:0.00 mixed_ref=1 me_range=16 chroma_me=1 trellis=1 8x8dct=1 cqm=0 deadzone=21,11 fast_pskip=1 chroma_qp_offset=-2 threads=24 lookahead_threads=4 sliced_threads=0 nr=0 decimate=1 interlaced=0 bluray_compat=0 constrained_intra=0 bframes=3 b_pyramid=2 b_adapt=1 b_bias=0 direct=1 weightb=1 open_gop=0 weightp=2 keyint=250 keyint_min=25 scenecut=40 intra_refresh=0 rc_lookahead=40 rc=crf mbtree=1 crf=18.0 qcomp=0.60 qpmin=0 qpmax=69 qpstep=4 ip_ratio=1.40 aq=1:1.00
Output #0, mp4, to '/Users/nik/Documents/Cowork/quantum-mechanics-vol1/youtube/double-slit-one-electron-bb/short/mp4/double-slit-one-electron-short-bb-short.mp4':
  Metadata:
    major_brand     : isom
    minor_version   : 512
    compatible_brands: isomiso2avc1mp41
    comment         : Rendered with Manim Community v0.20.1
    encoder         : Lavf61.1.100
  Stream #0:0: Video: h264 (avc1 / 0x31637661), yuv420p(progressive), 1080x1920, q=2-31, 60 fps, 15360 tbn
      Metadata:
        encoder         : Lavc61.3.100 libx264
      Side data:
        cpb: bitrate max/min/avg: 0/0/0 buffer size: 0 vbv_delay: N/A
  Stream #0:1(und): Audio: aac (LC) (mp4a / 0x6134706D), 44100 Hz, mono, fltp, 192 kb/s (default)
      Metadata:
        handler_name    : SoundHandler
        vendor_id       : [0][0][0][0]
        encoder         : Lavc61.3.100 aac
frame=   29 fps=0.0 q=26.0 size=       0KiB time=00:00:00.45 bitrate=   0.9kbits/s speed=0.892x    
frame=  166 fps=164 q=26.0 size=       0KiB time=00:00:02.73 bitrate=   0.1kbits/s speed=2.71x    
frame=  319 fps=211 q=26.0 size=     256KiB time=00:00:05.28 bitrate= 397.0kbits/s speed= 3.5x    
frame=  478 fps=237 q=24.0 size=     256KiB time=00:00:07.93 bitrate= 264.4kbits/s speed=3.94x    
frame=  650 fps=258 q=26.0 size=     256KiB time=00:00:10.80 bitrate= 194.2kbits/s speed=4.29x    
frame=  810 fps=268 q=26.0 size=     512KiB time=00:00:13.46 bitrate= 311.5kbits/s speed=4.46x    
frame=  977 fps=277 q=26.0 size=     512KiB time=00:00:16.25 bitrate= 258.1kbits/s speed=4.61x    
frame= 1148 fps=285 q=26.0 size=     768KiB time=00:00:19.10 bitrate= 329.4kbits/s speed=4.74x    
frame= 1314 fps=290 q=26.0 size=     768KiB time=00:00:21.86 bitrate= 287.7kbits/s speed=4.83x    
frame= 1461 fps=290 q=26.0 size=    1024KiB time=00:00:24.31 bitrate= 345.0kbits/s speed=4.83x    
frame= 1625 fps=293 q=26.0 size=    1280KiB time=00:00:27.05 bitrate= 387.7kbits/s speed=4.88x    
frame= 1777 fps=294 q=26.0 size=    1280KiB time=00:00:29.58 bitrate= 354.5kbits/s speed=4.89x    
frame= 1955 fps=299 q=26.0 size=    1536KiB time=00:00:32.55 bitrate= 386.6kbits/s speed=4.97x    
frame= 2107 fps=299 q=26.0 size=    1536KiB time=00:00:35.08 bitrate= 358.7kbits/s speed=4.98x    
frame= 2280 fps=302 q=26.0 size=    1792KiB time=00:00:37.96 bitrate= 386.7kbits/s speed=5.03x    
frame= 2430 fps=302 q=26.0 size=    1792KiB time=00:00:40.46 bitrate= 362.8kbits/s speed=5.02x    
frame= 2583 fps=302 q=26.0 size=    2048KiB time=00:00:43.01 bitrate= 390.0kbits/s speed=5.03x    
frame= 2706 fps=299 q=26.0 size=    2048KiB time=00:00:45.06 bitrate= 372.3kbits/s speed=4.97x    
frame= 2846 fps=298 q=26.0 size=    2304KiB time=00:00:47.40 bitrate= 398.2kbits/s speed=4.96x    
frame= 2979 fps=296 q=26.0 size=    2304KiB time=00:00:49.61 bitrate= 380.4kbits/s speed=4.93x    
frame= 3106 fps=294 q=26.0 size=    2304KiB time=00:00:51.73 bitrate= 364.8kbits/s speed=4.89x    
frame= 3261 fps=295 q=26.0 size=    2560KiB time=00:00:54.31 bitrate= 386.1kbits/s speed=4.91x    
frame= 3438 fps=297 q=26.0 size=    2560KiB time=00:00:57.26 bitrate= 366.2kbits/s speed=4.95x    
frame= 3626 fps=300 q=-1.0 size=    2816KiB time=N/A bitrate=N/A speed=N/A    
[out#0/mp4 @ 0x7fc0e4806100] video:1440KiB audio:1459KiB subtitle:0KiB other streams:0KiB global headers:0KiB muxing overhead: 3.411181%
frame= 3648 fps=302 q=-1.0 Lsize=    2997KiB time=00:01:00.76 bitrate= 404.1kbits/s speed=5.02x    
[libx264 @ 0x7fc0e4809500] frame I:15    Avg QP: 4.42  size: 22165
[libx264 @ 0x7fc0e4809500] frame P:936   Avg QP:13.94  size:   846
[libx264 @ 0x7fc0e4809500] frame B:2697  Avg QP:13.79  size:   130
[libx264 @ 0x7fc0e4809500] consecutive B-frames:  0.8%  1.5%  1.1% 96.6%
[libx264 @ 0x7fc0e4809500] mb I  I16..4: 93.7%  1.5%  4.8%
[libx264 @ 0x7fc0e4809500] mb P  I16..4:  0.1%  0.1%  0.0%  P16..4:  0.5%  0.1%  0.1%  0.0%  0.0%    skip:99.1%
[libx264 @ 0x7fc0e4809500] mb B  I16..4:  0.0%  0.0%  0.0%  B16..8:  0.4%  0.0%  0.0%  direct: 0.0%  skip:99.5%  L0:51.5% L1:46.7% BI: 1.8%
[libx264 @ 0x7fc0e4809500] 8x8 transform intra:5.2% inter:33.6%
[libx264 @ 0x7fc0e4809500] coded y,uvDC,uvAC intra: 5.5% 8.0% 6.1% inter: 0.1% 0.1% 0.0%
[libx264 @ 0x7fc0e4809500] i16 v,h,dc,p: 97%  2%  1%  0%
[libx264 @ 0x7fc0e4809500] i8 v,h,dc,ddl,ddr,vr,hd,vl,hu: 24%  6% 57%  3%  2%  3%  1%  2%  1%
[libx264 @ 0x7fc0e4809500] i4 v,h,dc,ddl,ddr,vr,hd,vl,hu: 36% 15% 23%  5%  5%  5%  4%  4%  3%
[libx264 @ 0x7fc0e4809500] i8c dc,h,v,p: 89%  3%  7%  0%
[libx264 @ 0x7fc0e4809500] Weighted P-Frames: Y:1.5% UV:0.9%
[libx264 @ 0x7fc0e4809500] ref P L0: 81.4%  9.9%  6.3%  2.3%  0.0%
[libx264 @ 0x7fc0e4809500] ref B L0: 64.9% 33.4%  1.6%
[libx264 @ 0x7fc0e4809500] ref B L1: 97.0%  3.0%
[libx264 @ 0x7fc0e4809500] kb/s:193.92
[aac @ 0x7fc0e480a480] Qavg: 54763.199


===== STEP: SHORT: forced alignment (faster-whisper)
$ /Users/nik/ai/bin/python3 /Users/nik/Documents/Cowork/quantum-mechanics-vol1/youtube/scripts/align_captions.py /Users/nik/Documents/Cowork/quantum-mechanics-vol1/youtube/double-slit-one-electron-bb/short
cwd: /Users/nik/Documents/Cowork/unreal-reels
exit: 0
[ok] INTRO: 1 caption lines, 7 words aligned
[ok] H01: 2 caption lines, 16 words aligned
[ok] H02: 2 caption lines, 15 words aligned
[ok] H03: 3 caption lines, 13 words aligned
[ok] K01: 2 caption lines, 12 words aligned
[ok] K02: 2 caption lines, 14 words aligned
[ok] K03: 3 caption lines, 15 words aligned
[ok] A01: 2 caption lines, 12 words aligned
[ok] A02: 3 caption lines, 17 words aligned
[ok] P01: 2 caption lines, 14 words aligned
[ok] B01: 2 caption lines, 18 words aligned
[ok] OUTRO: 4 caption lines, 32 words aligned
[ok] wrote /Users/nik/Documents/Cowork/quantum-mechanics-vol1/youtube/double-slit-one-electron-bb/short/captions.json


===== STEP: SHORT: karaoke 16:9
$ /Users/nik/ai/bin/python3 /Users/nik/Documents/Cowork/quantum-mechanics-vol1/youtube/scripts/burn_captions.py /Users/nik/Documents/Cowork/quantum-mechanics-vol1/youtube/double-slit-one-electron-bb/short --input mp4/double-slit-one-electron-short-bb.mp4
cwd: /Users/nik/Documents/Cowork/unreal-reels
exit: 0
[ok] wrote /Users/nik/Documents/Cowork/quantum-mechanics-vol1/youtube/double-slit-one-electron-bb/short/captions.ass (28 caption lines)
[run] ffmpeg -y -i /Users/nik/Documents/Cowork/quantum-mechanics-vol1/youtube/double-slit-one-electron-bb/short/mp4/double-slit-one-electron-short-bb.mp4 -vf subtitles=captions.ass -c:v libx264 -crf 18 -preset medium -c:a copy /Users/nik/Documents/Cowork/quantum-mechanics-vol1/youtube/double-slit-one-electron-bb/short/mp4/double-slit-one-electron-short-bb-caption.mp4
[ok] wrote /Users/nik/Documents/Cowork/quantum-mechanics-vol1/youtube/double-slit-one-electron-bb/short/mp4/double-slit-one-electron-short-bb-caption.mp4
ffmpeg version 7.0 Copyright (c) 2000-2024 the FFmpeg developers
  built with Apple clang version 15.0.0 (clang-1500.1.0.2.5)
  configuration: --prefix=/usr/local/Cellar/ffmpeg/7.0 --enable-shared --enable-pthreads --enable-version3 --cc=clang --host-cflags= --host-ldflags='-Wl,-ld_classic' --enable-ffplay --enable-gnutls --enable-gpl --enable-libaom --enable-libaribb24 --enable-libbluray --enable-libdav1d --enable-libharfbuzz --enable-libjxl --enable-libmp3lame --enable-libopus --enable-librav1e --enable-librist --enable-librubberband --enable-libsnappy --enable-libsrt --enable-libssh --enable-libsvtav1 --enable-libtesseract --enable-libtheora --enable-libvidstab --enable-libvmaf --enable-libvorbis --enable-libvpx --enable-libwebp --enable-libx264 --enable-libx265 --enable-libxml2 --enable-libxvid --enable-lzma --enable-libfontconfig --enable-libfreetype --enable-frei0r --enable-libass --enable-libopencore-amrnb --enable-libopencore-amrwb --enable-libopenjpeg --enable-libopenvino --enable-libspeex --enable-libsoxr --enable-libzmq --enable-libzimg --disable-libjack --disable-indev=jack --enable-videotoolbox --enable-audiotoolbox
  libavutil      59.  8.100 / 59.  8.100
  libavcodec     61.  3.100 / 61.  3.100
  libavformat    61.  1.100 / 61.  1.100
  libavdevice    61.  1.100 / 61.  1.100
  libavfilter    10.  1.100 / 10.  1.100
  libswscale      8.  1.100 /  8.  1.100
  libswresample   5.  1.100 /  5.  1.100
  libpostproc    58.  1.100 / 58.  1.100
Input #0, mov,mp4,m4a,3gp,3g2,mj2, from '/Users/nik/Documents/Cowork/quantum-mechanics-vol1/youtube/double-slit-one-electron-bb/short/mp4/double-slit-one-electron-short-bb.mp4':
  Metadata:
    major_brand     : isom
    minor_version   : 512
    compatible_brands: isomiso2avc1mp41
    encoder         : Lavf61.1.100
    comment         : Rendered with Manim Community v0.20.1
  Duration: 00:01:01.88, start: 0.000000, bitrate: 409 kb/s
  Stream #0:0[0x1](und): Video: h264 (High) (avc1 / 0x31637661), yuv420p(progressive), 1920x1080, 206 kb/s, 60 fps, 60 tbr, 15360 tbn (default)
      Metadata:
        handler_name    : VideoHandler
        vendor_id       : [0][0][0][0]
        encoder         : Lavc61.3.100 libx264
  Stream #0:1[0x2](und): Audio: aac (LC) (mp4a / 0x6134706D), 44100 Hz, mono, fltp, 193 kb/s (default)
      Metadata:
        handler_name    : SoundHandler
        vendor_id       : [0][0][0][0]
[Parsed_subtitles_0 @ 0x7fd496f12dc0] libass API version: 0x1701000
[Parsed_subtitles_0 @ 0x7fd496f12dc0] libass source: tarball: 0.17.1
[Parsed_subtitles_0 @ 0x7fd496f12dc0] Shaper: FriBidi 1.0.13 (SIMPLE) HarfBuzz-ng 8.4.0 (COMPLEX)
[Parsed_subtitles_0 @ 0x7fd496f12dc0] Using font provider coretext
Stream mapping:
  Stream #0:0 -> #0:0 (h264 (native) -> h264 (libx264))
  Stream #0:1 -> #0:1 (copy)
Press [q] to stop, [?] for help
[Parsed_subtitles_0 @ 0x7fd496faa6c0] libass API version: 0x1701000
[Parsed_subtitles_0 @ 0x7fd496faa6c0] libass source: tarball: 0.17.1
[Parsed_subtitles_0 @ 0x7fd496faa6c0] Shaper: FriBidi 1.0.13 (SIMPLE) HarfBuzz-ng 8.4.0 (COMPLEX)
[Parsed_subtitles_0 @ 0x7fd496faa6c0] Using font provider coretext
[Parsed_subtitles_0 @ 0x7fd496faa6c0] fontselect: (EB Garamond, 400, 0) -> /Users/nik/Library/Fonts/EBGaramond-VariableFont_wght.ttf, -1, EBGaramond-Regular
[libx264 @ 0x7fd496f12140] using cpu capabilities: MMX2 SSE2Fast SSSE3 SSE4.2 AVX FMA3 BMI2 AVX2
[libx264 @ 0x7fd496f12140] profile High, level 4.2, 4:2:0, 8-bit
[libx264 @ 0x7fd496f12140] 264 - core 164 r3108 31e19f9 - H.264/MPEG-4 AVC codec - Copyleft 2003-2023 - http://www.videolan.org/x264.html - options: cabac=1 ref=3 deblock=1:0:0 analyse=0x3:0x113 me=hex subme=7 psy=1 psy_rd=1.00:0.00 mixed_ref=1 me_range=16 chroma_me=1 trellis=1 8x8dct=1 cqm=0 deadzone=21,11 fast_pskip=1 chroma_qp_offset=-2 threads=24 lookahead_threads=4 sliced_threads=0 nr=0 decimate=1 interlaced=0 bluray_compat=0 constrained_intra=0 bframes=3 b_pyramid=2 b_adapt=1 b_bias=0 direct=1 weightb=1 open_gop=0 weightp=2 keyint=250 keyint_min=25 scenecut=40 intra_refresh=0 rc_lookahead=40 rc=crf mbtree=1 crf=18.0 qcomp=0.60 qpmin=0 qpmax=69 qpstep=4 ip_ratio=1.40 aq=1:1.00
Output #0, mp4, to '/Users/nik/Documents/Cowork/quantum-mechanics-vol1/youtube/double-slit-one-electron-bb/short/mp4/double-slit-one-electron-short-bb-caption.mp4':
  Metadata:
    major_brand     : isom
    minor_version   : 512
    compatible_brands: isomiso2avc1mp41
    comment         : Rendered with Manim Community v0.20.1
    encoder         : Lavf61.1.100
  Stream #0:0(und): Video: h264 (avc1 / 0x31637661), yuv420p(progressive), 1920x1080, q=2-31, 60 fps, 15360 tbn (default)
      Metadata:
        handler_name    : VideoHandler
        vendor_id       : [0][0][0][0]
        encoder         : Lavc61.3.100 libx264
      Side data:
        cpb: bitrate max/min/avg: 0/0/0 buffer size: 0 vbv_delay: N/A
  Stream #0:1(und): Audio: aac (LC) (mp4a / 0x6134706D), 44100 Hz, mono, fltp, 193 kb/s (default)
      Metadata:
        handler_name    : SoundHandler
        vendor_id       : [0][0][0][0]
frame=   15 fps=0.0 q=26.0 size=       0KiB time=00:00:00.21 bitrate=   1.8kbits/s speed=0.43x    
frame=  152 fps=151 q=26.0 size=       0KiB time=00:00:02.50 bitrate=   0.2kbits/s speed=2.48x    
frame=  268 fps=177 q=26.0 size=     256KiB time=00:00:04.43 bitrate= 473.1kbits/s speed=2.93x    
frame=  422 fps=209 q=26.0 size=     256KiB time=00:00:07.00 bitrate= 299.6kbits/s speed=3.47x    
frame=  579 fps=230 q=26.0 size=     256KiB time=00:00:09.61 bitrate= 218.1kbits/s speed=3.81x    
frame=  736 fps=244 q=26.0 size=     512KiB time=00:00:12.23 bitrate= 342.9kbits/s speed=4.05x    
frame=  884 fps=251 q=26.0 size=     512KiB time=00:00:14.70 bitrate= 285.4kbits/s speed=4.17x    
frame= 1064 fps=264 q=26.0 size=     768KiB time=00:00:17.70 bitrate= 355.5kbits/s speed=4.39x    
frame= 1227 fps=271 q=26.0 size=     768KiB time=00:00:20.41 bitrate= 308.2kbits/s speed= 4.5x    
frame= 1396 fps=277 q=26.0 size=    1024KiB time=00:00:23.23 bitrate= 361.1kbits/s speed=4.62x    
frame= 1533 fps=277 q=26.0 size=    1280KiB time=00:00:25.51 bitrate= 411.0kbits/s speed=4.61x    
frame= 1652 fps=274 q=26.0 size=    1280KiB time=00:00:27.50 bitrate= 381.3kbits/s speed=4.55x    
frame= 1800 fps=275 q=26.0 size=    1536KiB time=00:00:29.96 bitrate= 419.9kbits/s speed=4.58x    
frame= 1973 fps=280 q=26.0 size=    1536KiB time=00:00:32.85 bitrate= 383.1kbits/s speed=4.66x    
frame= 2111 fps=280 q=26.0 size=    1792KiB time=00:00:35.15 bitrate= 417.7kbits/s speed=4.66x    
frame= 2278 fps=283 q=26.0 size=    2048KiB time=00:00:37.93 bitrate= 442.3kbits/s speed=4.71x    
frame= 2423 fps=283 q=26.0 size=    2048KiB time=00:00:40.35 bitrate= 415.8kbits/s speed=4.72x    
frame= 2585 fps=285 q=26.0 size=    2304KiB time=00:00:43.05 bitrate= 438.4kbits/s speed=4.75x    
frame= 2743 fps=287 q=26.0 size=    2304KiB time=00:00:45.68 bitrate= 413.2kbits/s speed=4.78x    
frame= 2887 fps=287 q=26.0 size=    2560KiB time=00:00:48.08 bitrate= 436.2kbits/s speed=4.78x    
frame= 3021 fps=286 q=26.0 size=    2816KiB time=00:00:50.31 bitrate= 458.5kbits/s speed=4.77x    
frame= 3172 fps=287 q=26.0 size=    2816KiB time=00:00:52.83 bitrate= 436.6kbits/s speed=4.78x    
frame= 3315 fps=287 q=26.0 size=    2816KiB time=00:00:55.21 bitrate= 417.8kbits/s speed=4.77x    
frame= 3478 fps=288 q=24.0 size=    3072KiB time=00:00:57.93 bitrate= 434.4kbits/s speed= 4.8x    
[out#0/mp4 @ 0x7fd496f0f180] video:1804KiB audio:1459KiB subtitle:0KiB other streams:0KiB global headers:0KiB muxing overhead: 3.021658%
frame= 3648 fps=294 q=-1.0 Lsize=    3361KiB time=00:01:00.76 bitrate= 453.1kbits/s speed=4.89x    
[libx264 @ 0x7fd496f12140] frame I:15    Avg QP: 5.78  size: 29375
[libx264 @ 0x7fd496f12140] frame P:970   Avg QP:12.92  size:  1086
[libx264 @ 0x7fd496f12140] frame B:2663  Avg QP:13.41  size:   132
[libx264 @ 0x7fd496f12140] consecutive B-frames:  1.8%  1.9%  2.6% 93.8%
[libx264 @ 0x7fd496f12140] mb I  I16..4: 81.1% 12.6%  6.2%
[libx264 @ 0x7fd496f12140] mb P  I16..4:  0.1%  0.1%  0.1%  P16..4:  0.6%  0.1%  0.1%  0.0%  0.0%    skip:98.9%
[libx264 @ 0x7fd496f12140] mb B  I16..4:  0.0%  0.0%  0.0%  B16..8:  0.6%  0.0%  0.0%  direct: 0.0%  skip:99.4%  L0:55.3% L1:43.6% BI: 1.1%
[libx264 @ 0x7fd496f12140] 8x8 transform intra:16.4% inter:33.0%
[libx264 @ 0x7fd496f12140] coded y,uvDC,uvAC intra: 7.6% 10.2% 7.8% inter: 0.1% 0.1% 0.0%
[libx264 @ 0x7fd496f12140] i16 v,h,dc,p: 96%  2%  2%  0%
[libx264 @ 0x7fd496f12140] i8 v,h,dc,ddl,ddr,vr,hd,vl,hu: 37%  7% 49%  1%  1%  2%  1%  1%  1%
[libx264 @ 0x7fd496f12140] i4 v,h,dc,ddl,ddr,vr,hd,vl,hu: 34% 18% 23%  3%  5%  5%  4%  4%  4%
[libx264 @ 0x7fd496f12140] i8c dc,h,v,p: 88%  6%  6%  1%
[libx264 @ 0x7fd496f12140] Weighted P-Frames: Y:1.1% UV:0.5%
[libx264 @ 0x7fd496f12140] ref P L0: 82.2%  8.9%  6.4%  2.4%  0.1%
[libx264 @ 0x7fd496f12140] ref B L0: 65.1% 33.4%  1.5%
[libx264 @ 0x7fd496f12140] ref B L1: 97.9%  2.1%
[libx264 @ 0x7fd496f12140] kb/s:242.98


===== STEP: SHORT: karaoke 9:16
$ /Users/nik/ai/bin/python3 /Users/nik/Documents/Cowork/quantum-mechanics-vol1/youtube/scripts/burn_captions.py /Users/nik/Documents/Cowork/quantum-mechanics-vol1/youtube/double-slit-one-electron-bb/short --input mp4/double-slit-one-electron-short-bb-short.mp4 --portrait
cwd: /Users/nik/Documents/Cowork/unreal-reels
exit: 0
[ok] wrote /Users/nik/Documents/Cowork/quantum-mechanics-vol1/youtube/double-slit-one-electron-bb/short/captions-portrait.ass (28 caption lines)
[run] ffmpeg -y -i /Users/nik/Documents/Cowork/quantum-mechanics-vol1/youtube/double-slit-one-electron-bb/short/mp4/double-slit-one-electron-short-bb-short.mp4 -vf subtitles=captions-portrait.ass -c:v libx264 -crf 18 -preset medium -c:a copy /Users/nik/Documents/Cowork/quantum-mechanics-vol1/youtube/double-slit-one-electron-bb/short/mp4/double-slit-one-electron-short-bb-short-caption.mp4
[ok] wrote /Users/nik/Documents/Cowork/quantum-mechanics-vol1/youtube/double-slit-one-electron-bb/short/mp4/double-slit-one-electron-short-bb-short-caption.mp4
ffmpeg version 7.0 Copyright (c) 2000-2024 the FFmpeg developers
  built with Apple clang version 15.0.0 (clang-1500.1.0.2.5)
  configuration: --prefix=/usr/local/Cellar/ffmpeg/7.0 --enable-shared --enable-pthreads --enable-version3 --cc=clang --host-cflags= --host-ldflags='-Wl,-ld_classic' --enable-ffplay --enable-gnutls --enable-gpl --enable-libaom --enable-libaribb24 --enable-libbluray --enable-libdav1d --enable-libharfbuzz --enable-libjxl --enable-libmp3lame --enable-libopus --enable-librav1e --enable-librist --enable-librubberband --enable-libsnappy --enable-libsrt --enable-libssh --enable-libsvtav1 --enable-libtesseract --enable-libtheora --enable-libvidstab --enable-libvmaf --enable-libvorbis --enable-libvpx --enable-libwebp --enable-libx264 --enable-libx265 --enable-libxml2 --enable-libxvid --enable-lzma --enable-libfontconfig --enable-libfreetype --enable-frei0r --enable-libass --enable-libopencore-amrnb --enable-libopencore-amrwb --enable-libopenjpeg --enable-libopenvino --enable-libspeex --enable-libsoxr --enable-libzmq --enable-libzimg --disable-libjack --disable-indev=jack --enable-videotoolbox --enable-audiotoolbox
  libavutil      59.  8.100 / 59.  8.100
  libavcodec     61.  3.100 / 61.  3.100
  libavformat    61.  1.100 / 61.  1.100
  libavdevice    61.  1.100 / 61.  1.100
  libavfilter    10.  1.100 / 10.  1.100
  libswscale      8.  1.100 /  8.  1.100
  libswresample   5.  1.100 /  5.  1.100
  libpostproc    58.  1.100 / 58.  1.100
Input #0, mov,mp4,m4a,3gp,3g2,mj2, from '/Users/nik/Documents/Cowork/quantum-mechanics-vol1/youtube/double-slit-one-electron-bb/short/mp4/double-slit-one-electron-short-bb-short.mp4':
  Metadata:
    major_brand     : isom
    minor_version   : 512
    compatible_brands: isomiso2avc1mp41
    encoder         : Lavf61.1.100
    comment         : Rendered with Manim Community v0.20.1
  Duration: 00:01:01.88, start: 0.000000, bitrate: 396 kb/s
  Stream #0:0[0x1](und): Video: h264 (High) (avc1 / 0x31637661), yuv420p(progressive), 1080x1920, 194 kb/s, 60 fps, 60 tbr, 15360 tbn (default)
      Metadata:
        handler_name    : VideoHandler
        vendor_id       : [0][0][0][0]
        encoder         : Lavc61.3.100 libx264
  Stream #0:1[0x2](und): Audio: aac (LC) (mp4a / 0x6134706D), 44100 Hz, mono, fltp, 193 kb/s (default)
      Metadata:
        handler_name    : SoundHandler
        vendor_id       : [0][0][0][0]
[Parsed_subtitles_0 @ 0x7fb00a014d40] libass API version: 0x1701000
[Parsed_subtitles_0 @ 0x7fb00a014d40] libass source: tarball: 0.17.1
[Parsed_subtitles_0 @ 0x7fb00a014d40] Shaper: FriBidi 1.0.13 (SIMPLE) HarfBuzz-ng 8.4.0 (COMPLEX)
[Parsed_subtitles_0 @ 0x7fb00a014d40] Using font provider coretext
Stream mapping:
  Stream #0:0 -> #0:0 (h264 (native) -> h264 (libx264))
  Stream #0:1 -> #0:1 (copy)
Press [q] to stop, [?] for help
[Parsed_subtitles_0 @ 0x7faff9808f80] libass API version: 0x1701000
[Parsed_subtitles_0 @ 0x7faff9808f80] libass source: tarball: 0.17.1
[Parsed_subtitles_0 @ 0x7faff9808f80] Shaper: FriBidi 1.0.13 (SIMPLE) HarfBuzz-ng 8.4.0 (COMPLEX)
[Parsed_subtitles_0 @ 0x7faff9808f80] Using font provider coretext
[Parsed_subtitles_0 @ 0x7faff9808f80] fontselect: (EB Garamond, 400, 0) -> /Users/nik/Library/Fonts/EBGaramond-VariableFont_wght.ttf, -1, EBGaramond-Regular
[libx264 @ 0x7fb00a014200] using cpu capabilities: MMX2 SSE2Fast SSSE3 SSE4.2 AVX FMA3 BMI2 AVX2
[libx264 @ 0x7fb00a014200] profile High, level 4.2, 4:2:0, 8-bit
[libx264 @ 0x7fb00a014200] 264 - core 164 r3108 31e19f9 - H.264/MPEG-4 AVC codec - Copyleft 2003-2023 - http://www.videolan.org/x264.html - options: cabac=1 ref=3 deblock=1:0:0 analyse=0x3:0x113 me=hex subme=7 psy=1 psy_rd=1.00:0.00 mixed_ref=1 me_range=16 chroma_me=1 trellis=1 8x8dct=1 cqm=0 deadzone=21,11 fast_pskip=1 chroma_qp_offset=-2 threads=24 lookahead_threads=4 sliced_threads=0 nr=0 decimate=1 interlaced=0 bluray_compat=0 constrained_intra=0 bframes=3 b_pyramid=2 b_adapt=1 b_bias=0 direct=1 weightb=1 open_gop=0 weightp=2 keyint=250 keyint_min=25 scenecut=40 intra_refresh=0 rc_lookahead=40 rc=crf mbtree=1 crf=18.0 qcomp=0.60 qpmin=0 qpmax=69 qpstep=4 ip_ratio=1.40 aq=1:1.00
Output #0, mp4, to '/Users/nik/Documents/Cowork/quantum-mechanics-vol1/youtube/double-slit-one-electron-bb/short/mp4/double-slit-one-electron-short-bb-short-caption.mp4':
  Metadata:
    major_brand     : isom
    minor_version   : 512
    compatible_brands: isomiso2avc1mp41
    comment         : Rendered with Manim Community v0.20.1
    encoder         : Lavf61.1.100
  Stream #0:0(und): Video: h264 (avc1 / 0x31637661), yuv420p(progressive), 1080x1920, q=2-31, 60 fps, 15360 tbn (default)
      Metadata:
        handler_name    : VideoHandler
        vendor_id       : [0][0][0][0]
        encoder         : Lavc61.3.100 libx264
      Side data:
        cpb: bitrate max/min/avg: 0/0/0 buffer size: 0 vbv_delay: N/A
  Stream #0:1(und): Audio: aac (LC) (mp4a / 0x6134706D), 44100 Hz, mono, fltp, 193 kb/s (default)
      Metadata:
        handler_name    : SoundHandler
        vendor_id       : [0][0][0][0]
frame=    0 fps=0.0 q=0.0 size=       0KiB time=N/A bitrate=N/A speed=N/A    
frame=  138 fps=138 q=26.0 size=       0KiB time=00:00:02.26 bitrate=   0.2kbits/s speed=2.26x    
frame=  260 fps=173 q=26.0 size=     256KiB time=00:00:04.30 bitrate= 487.8kbits/s speed=2.85x    
frame=  414 fps=206 q=26.0 size=     256KiB time=00:00:06.86 bitrate= 305.5kbits/s speed=3.42x    
frame=  575 fps=229 q=26.0 size=     256KiB time=00:00:09.55 bitrate= 219.6kbits/s speed= 3.8x    
frame=  740 fps=245 q=26.0 size=     512KiB time=00:00:12.30 bitrate= 341.0kbits/s speed=4.08x    
frame=  902 fps=256 q=26.0 size=     512KiB time=00:00:15.00 bitrate= 279.6kbits/s speed=4.26x    
frame= 1079 fps=268 q=26.0 size=     768KiB time=00:00:17.95 bitrate= 350.5kbits/s speed=4.46x    
frame= 1246 fps=275 q=26.0 size=     768KiB time=00:00:20.73 bitrate= 303.5kbits/s speed=4.58x    
frame= 1423 fps=283 q=26.0 size=    1024KiB time=00:00:23.68 bitrate= 354.2kbits/s speed=4.71x    
frame= 1594 fps=288 q=26.0 size=    1280KiB time=00:00:26.53 bitrate= 395.2kbits/s speed=4.79x    
frame= 1763 fps=292 q=26.0 size=    1280KiB time=00:00:29.35 bitrate= 357.3kbits/s speed=4.86x    
frame= 1936 fps=296 q=26.0 size=    1536KiB time=00:00:32.23 bitrate= 390.4kbits/s speed=4.93x    
frame= 2104 fps=299 q=26.0 size=    1792KiB time=00:00:35.03 bitrate= 419.0kbits/s speed=4.98x    
frame= 2272 fps=301 q=26.0 size=    1792KiB time=00:00:37.83 bitrate= 388.0kbits/s speed=5.02x    
frame= 2442 fps=304 q=26.0 size=    2048KiB time=00:00:40.66 bitrate= 412.6kbits/s speed=5.06x    
frame= 2621 fps=307 q=26.0 size=    2304KiB time=00:00:43.65 bitrate= 432.4kbits/s speed=5.11x    
frame= 2797 fps=309 q=26.0 size=    2304KiB time=00:00:46.58 bitrate= 405.2kbits/s speed=5.15x    
frame= 2968 fps=311 q=26.0 size=    2560KiB time=00:00:49.43 bitrate= 424.2kbits/s speed=5.18x    
frame= 3153 fps=314 q=26.0 size=    2560KiB time=00:00:52.51 bitrate= 399.3kbits/s speed=5.23x    
frame= 3329 fps=316 q=26.0 size=    2816KiB time=00:00:55.45 bitrate= 416.0kbits/s speed=5.26x    
frame= 3509 fps=318 q=26.0 size=    2816KiB time=00:00:58.45 bitrate= 394.7kbits/s speed=5.29x    
[out#0/mp4 @ 0x7fb00a019480] video:1683KiB audio:1459KiB subtitle:0KiB other streams:0KiB global headers:0KiB muxing overhead: 3.149021%
frame= 3648 fps=323 q=-1.0 Lsize=    3240KiB time=00:01:00.76 bitrate= 436.8kbits/s speed=5.39x    
[libx264 @ 0x7fb00a014200] frame I:15    Avg QP: 5.04  size: 27223
[libx264 @ 0x7fb00a014200] frame P:935   Avg QP:12.52  size:  1021
[libx264 @ 0x7fb00a014200] frame B:2698  Avg QP:13.90  size:   133
[libx264 @ 0x7fb00a014200] consecutive B-frames:  0.7%  1.8%  0.8% 96.7%
[libx264 @ 0x7fb00a014200] mb I  I16..4: 91.6%  2.9%  5.5%
[libx264 @ 0x7fb00a014200] mb P  I16..4:  0.1%  0.1%  0.1%  P16..4:  0.5%  0.1%  0.1%  0.0%  0.0%    skip:99.0%
[libx264 @ 0x7fb00a014200] mb B  I16..4:  0.0%  0.0%  0.0%  B16..8:  0.5%  0.0%  0.0%  direct: 0.0%  skip:99.5%  L0:53.2% L1:45.3% BI: 1.5%
[libx264 @ 0x7fb00a014200] 8x8 transform intra:7.1% inter:34.2%
[libx264 @ 0x7fb00a014200] coded y,uvDC,uvAC intra: 6.6% 9.6% 7.4% inter: 0.1% 0.1% 0.0%
[libx264 @ 0x7fb00a014200] i16 v,h,dc,p: 97%  2%  1%  0%
[libx264 @ 0x7fb00a014200] i8 v,h,dc,ddl,ddr,vr,hd,vl,hu: 29%  5% 55%  2%  2%  3%  1%  2%  1%
[libx264 @ 0x7fb00a014200] i4 v,h,dc,ddl,ddr,vr,hd,vl,hu: 37% 15% 22%  4%  5%  5%  4%  4%  4%
[libx264 @ 0x7fb00a014200] i8c dc,h,v,p: 89%  4%  7%  0%
[libx264 @ 0x7fb00a014200] Weighted P-Frames: Y:0.7% UV:0.5%
[libx264 @ 0x7fb00a014200] ref P L0: 80.4% 10.7%  6.1%  2.8%  0.0%
[libx264 @ 0x7fb00a014200] ref B L0: 64.5% 34.1%  1.4%
[libx264 @ 0x7fb00a014200] ref B L1: 97.5%  2.5%
[libx264 @ 0x7fb00a014200] kb/s:226.63


===== STEP: SHORT: transcripts
$ /Users/nik/ai/bin/python3 /Users/nik/Documents/Cowork/quantum-mechanics-vol1/youtube/scripts/emit_transcript.py /Users/nik/Documents/Cowork/quantum-mechanics-vol1/youtube/double-slit-one-electron-bb/short
cwd: /Users/nik/Documents/Cowork/unreal-reels
exit: 0
[ok] 12 cues → double-slit-one-electron-short-bb.srt, double-slit-one-electron-short-bb.vtt, double-slit-one-electron-short-bb-transcript.txt
[i] total 00:01:01,900 — upload double-slit-one-electron-short-bb.srt in YouTube Studio → Subtitles → Add → Upload (with timing).


===== STEP: SHORT: YouTube metadata
$ /Users/nik/ai/bin/python3 /Users/nik/Documents/Cowork/quantum-mechanics-vol1/youtube/scripts/emit_youtube.py /Users/nik/Documents/Cowork/quantum-mechanics-vol1/youtube/double-slit-one-electron-bb/short
cwd: /Users/nik/Documents/Cowork/unreal-reels
exit: 0
[ok] double-slit-one-electron-short-bb-youtube.md  (3 chapters)
[ok] double-slit-one-electron-short-bb-youtube.json  (autoposter manifest, privacy=private)
